T_ID,SAMPLE_DATE,YEAR,YEAR.2,LT_SITE,TRANSECT_NO,VIZ,DEPTH,SCI,SLOPE_AV,RUG_AV,EXPOSURE
2023_CUMBERLAND_BY1_1,14/04/2023,2023,2023,BY1,1,4,5.5,2.64,2.2,1.2,Exposed
2023_CUMBERLAND_BY1_2,14/04/2023,2023,2023,BY1,2,4,6.5,4.2,3,1.4,Exposed
2023_CUMBERLAND_BY1_3,14/04/2023,2023,2023,BY1,3,4,5,3.64,2.6,1.4,Exposed
2023_CUMBERLAND_BY1_4,14/04/2023,2023,2023,BY1,4,4,5.5,2.4,2.4,1,Exposed
2023_CUMBERLAND_BY1_5,14/04/2023,2023,2023,BY1,5,4,6,3.12,2.6,1.2,Exposed
2023_CUMBERLAND_BY2_1,14/04/2023,2023,2023,BY2,1,4,4,3.08,2.2,1.4,Sheltered
2023_CUMBERLAND_BY2_2,14/04/2023,2023,2023,BY2,2,4,4,4.68,2.6,1.8,Sheltered
2023_CUMBERLAND_BY2_3,14/04/2023,2023,2023,BY2,3,4,5.5,4.08,3.4,1.2,Sheltered
2023_CUMBERLAND_BY2_4,14/04/2023,2023,2023,BY2,4,4,4,3.2,2,1.6,Sheltered
2023_CUMBERLAND_BY2_5,15/04/2023,2023,2023,BY2,5,4,5,4.32,2.4,1.8,Sheltered
2023_CUMBERLAND_SG3_1,15/04/2023,2023,2023,SG3,1,10,5,3.96,1.8,2.2,Exposed
2023_CUMBERLAND_SG3_2,15/04/2023,2023,2023,SG3,2,10,5,3.84,1.6,2.4,Exposed
2023_CUMBERLAND_SG3_3,15/04/2023,2023,2023,SG3,3,10,5,4.68,1.8,2.6,Exposed
2023_CUMBERLAND_SG3_4,15/04/2023,2023,2023,SG3,4,10,5,3.84,1.6,2.4,Exposed
2023_CUMBERLAND_SG3_5,15/04/2023,2023,2023,SG3,5,10,5,7.2,2.4,3,Exposed
2023_CUMBERLAND_SG4_1,15/04/2023,2023,2023,SG4,1,10,6,3.36,1.2,2.8,Sheltered
2023_CUMBERLAND_SG4_2,15/04/2023,2023,2023,SG4,2,10,6,4.8,1.6,3,Sheltered
2023_CUMBERLAND_SG4_3,15/04/2023,2023,2023,SG4,3,10,6,3.64,1.4,2.6,Sheltered
2023_CUMBERLAND_SG4_4,15/04/2023,2023,2023,SG4,4,12,5,3.64,1.4,2.6,Sheltered
2023_CUMBERLAND_SG4_5,15/04/2023,2023,2023,SG4,5,12,6,4.76,1.4,3.4,Sheltered
2023_CUMBERLAND_SG1_1,15/04/2023,2023,2023,SG1,1,9,7,2.52,1.4,1.8,Exposed
2023_CUMBERLAND_SG1_2,15/04/2023,2023,2023,SG1,2,9,7,5.28,2.2,2.4,Exposed
2023_CUMBERLAND_SG1_3,15/04/2023,2023,2023,SG1,3,9,7,6.76,2.6,2.6,Exposed
2023_CUMBERLAND_SG1_4,15/04/2023,2023,2023,SG1,4,8,6,1.6,1,1.6,Exposed
2023_CUMBERLAND_SG1_5,15/04/2023,2023,2023,SG1,5,8,6,1.6,1,1.6,Exposed
2023_CUMBERLAND_SG2_1,16/04/2023,2023,2023,SG2,1,8,7,1.44,1.2,1.2,Sheltered
2023_CUMBERLAND_SG2_2,16/04/2023,2023,2023,SG2,2,8,6.5,1.2,1,1.2,Sheltered
2023_CUMBERLAND_SG2_3,16/04/2023,2023,2023,SG2,3,8,6.5,1.44,1.2,1.2,Sheltered
2023_CUMBERLAND_SG2_4,16/04/2023,2023,2023,SG2,4,8,7,1.2,1,1.2,Sheltered
2023_CUMBERLAND_SG2_5,16/04/2023,2023,2023,SG2,5,8,7,1,1,1,Sheltered
2023_CUMBERLAND_SB2_1,16/04/2023,2023,2023,SB2,1,8,5,8.16,3.4,2.4,Sheltered
2023_CUMBERLAND_SB2_2,16/04/2023,2023,2023,SB2,2,8,5,2.88,2.4,1.2,Sheltered
2023_CUMBERLAND_SB2_3,16/04/2023,2023,2023,SB2,3,8,6,7.2,3.6,2,Sheltered
2023_CUMBERLAND_SB2_4,16/04/2023,2023,2023,SB2,4,8,5,8.84,3.4,2.6,Sheltered
2023_CUMBERLAND_SB2_5,16/04/2023,2023,2023,SB2,5,8,6,9.88,3.8,2.6,Sheltered
2023_CUMBERLAND_SB1_1,16/04/2023,2023,2023,SB1,1,6,5,6.72,2.8,2.4,Sheltered
2023_CUMBERLAND_SB1_2,16/04/2023,2023,2023,SB1,2,6,5,3.64,2.6,1.4,Sheltered
2023_CUMBERLAND_SB1_3,16/04/2023,2023,2023,SB1,3,6,5.5,5.6,2.8,2,Sheltered
2023_CUMBERLAND_SB1_4,16/04/2023,2023,2023,SB1,4,7,6,7.04,3.2,2.2,Sheltered
2023_CUMBERLAND_SB1_5,16/04/2023,2023,2023,SB1,5,7,5,8.84,3.4,2.6,Sheltered
2023_CUMBERLAND_MG1_1,17/04/2023,2023,2023,MG1,1,7,7,3.24,1.8,1.8,Exposed
2023_CUMBERLAND_MG1_2,17/04/2023,2023,2023,MG1,2,6,6,4.16,1.6,2.6,Exposed
2023_CUMBERLAND_MG1_3,17/04/2023,2023,2023,MG1,3,7,7,3.36,1.4,2.4,Exposed
2023_CUMBERLAND_MG1_4,17/04/2023,2023,2023,MG1,4,6,7,3.24,1.8,1.8,Exposed
2023_CUMBERLAND_MG1_5,17/04/2023,2023,2023,MG1,5,6,7,2.88,1.2,2.4,Exposed
2023_CUMBERLAND_CRG2_1,17/04/2023,2023,2023,CRG2,1,6,6,1,1,1,Exposed
2023_CUMBERLAND_CRG2_2,17/04/2023,2023,2023,CRG2,2,7,6.5,1,1,1,Exposed
2023_CUMBERLAND_CRG2_3,17/04/2023,2023,2023,CRG2,3,7,7,1,1,1,Exposed
2023_CUMBERLAND_CRG2_4,17/04/2023,2023,2023,CRG2,4,5,5,1,1,1,Exposed
2023_CUMBERLAND_CRG2_5,17/04/2023,2023,2023,CRG2,5,5,5,1.4,1,1.4,Exposed
2023_CUMBERLAND_CRG1_1,17/04/2023,2023,2023,CRG1,1,7,6,2.24,1.4,1.6,Sheltered
2023_CUMBERLAND_CRG1_2,17/04/2023,2023,2023,CRG1,2,7,6,9.6,3,3.2,Sheltered
2023_CUMBERLAND_CRG1_3,17/04/2023,2023,2023,CRG1,3,7,5,5.28,2.2,2.4,Sheltered
2023_CUMBERLAND_CRG1_4,17/04/2023,2023,2023,CRG1,4,6,6,4.32,2.4,1.8,Sheltered
2023_CUMBERLAND_CRG1_5,17/04/2023,2023,2023,CRG1,5,6,6,3.6,1.8,2,Sheltered
2023_CUMBERLAND_BRY1_1,18/04/2023,2023,2023,BRY1,1,4,5,4,2,2,Sheltered
2023_CUMBERLAND_BRY1_2,18/04/2023,2023,2023,BRY1,2,4,7,3.96,1.8,2.2,Sheltered
2023_CUMBERLAND_BRY1_3,18/04/2023,2023,2023,BRY1,3,4,7,4,2,2,Sheltered
2023_CUMBERLAND_BRY1_4,18/04/2023,2023,2023,BRY1,4,4,6,4.68,2.6,1.8,Sheltered
2023_CUMBERLAND_BRY1_5,18/04/2023,2023,2023,BRY1,5,4,6.5,5.04,2.8,1.8,Sheltered
2023_CUMBERLAND_BRY2_1,18/04/2023,2023,2023,BRY2,1,5,5,1,1,1,Sheltered
2023_CUMBERLAND_BRY2_2,18/04/2023,2023,2023,BRY2,2,5,6,1,1,1,Sheltered
2023_CUMBERLAND_BRY2_3,18/04/2023,2023,2023,BRY2,3,5,5,1,1,1,Sheltered
2023_CUMBERLAND_BRY2_4,18/04/2023,2023,2023,BRY2,4,5,5,3.2,1.6,2,Sheltered
2023_CUMBERLAND_BRY2_5,18/04/2023,2023,2023,BRY2,5,5,6,2.88,1.6,1.8,Sheltered
2023_FAMILY_BI1_1,27/05/2023,2023,2023,BI1,1,4,6,3.96,1.8,2.2,Exposed
2023_FAMILY_BI1_2,27/05/2023,2023,2023,BI1,2,4,5,6.72,2.4,2.8,Exposed
2023_FAMILY_BI1_3,27/05/2023,2023,2023,BI1,3,4,5,7.28,2.6,2.8,Exposed
2023_FAMILY_BI1_4,27/05/2023,2023,2023,BI1,4,5,6,4.16,1.6,2.6,Exposed
2023_FAMILY_BI1_5,27/05/2023,2023,2023,BI1,5,5,5,3.52,1.6,2.2,Exposed
2023_FAMILY_SI1_1,27/05/2023,2023,2023,SI1,1,5,5,5.04,1.8,2.8,Sheltered
2023_FAMILY_SI1_2,27/05/2023,2023,2023,SI1,2,5,5,7.04,2.2,3.2,Sheltered
2023_FAMILY_SI1_3,27/05/2023,2023,2023,SI1,3,5,5,7.48,2.2,3.4,Sheltered
2023_FAMILY_SI1_4,27/05/2023,2023,2023,SI1,4,5,4,7.68,2.4,3.2,Sheltered
2023_FAMILY_SI1_5,27/05/2023,2023,2023,SI1,5,5,4,2.56,1.6,1.6,Sheltered
2022_FRANKLAND_HI1_1,13/09/2022,2022,2022,HI1,1,4,5,5.28,2.4,2.2,Sheltered
2022_FRANKLAND_HI1_2,13/09/2022,2022,2022,HI1,2,4,5.2,5.76,2.4,2.4,Sheltered
2022_FRANKLAND_HI1_3,13/09/2022,2022,2022,HI1,3,4,4.1,7.2,3,2.4,Sheltered
2022_FRANKLAND_HI1_4,13/09/2022,2022,2022,HI1,4,4,5,4.8,2.4,2,Sheltered
2022_FRANKLAND_HI1_5,13/09/2022,2022,2022,HI1,5,4,5.1,2.52,1.4,1.8,Sheltered
2022_FRANKLAND_N1_1,14/09/2022,2022,2022,N1,1,4,6.5,4.48,1.4,3.2,Exposed
2022_FRANKLAND_N1_2,14/09/2022,2022,2022,N1,2,4,6.6,3.12,1.2,2.6,Exposed
2022_FRANKLAND_N1_3,14/09/2022,2022,2022,N1,3,4,6.5,3.52,1.6,2.2,Exposed
2022_FRANKLAND_N1_4,14/09/2022,2022,2022,N1,4,4,7.6,5.12,1.6,3.2,Exposed
2022_FRANKLAND_N1_5,14/09/2022,2022,2022,N1,5,4,5.3,3.6,1.2,3,Exposed
2022_FRANKLAND_N2_1,15/09/2022,2022,2022,N2,1,4.5,4.6,4.32,1.8,2.4,Sheltered
2022_FRANKLAND_N2_2,15/09/2022,2022,2022,N2,2,5,5.7,5.76,1.8,3.2,Sheltered
2022_FRANKLAND_N2_3,15/09/2022,2022,2022,N2,3,5,5,7.2,2.4,3,Sheltered
2022_FRANKLAND_N2_4,15/09/2022,2022,2022,N2,4,4,4.5,4.8,2,2.4,Sheltered
2022_FRANKLAND_N2_5,15/09/2022,2022,2022,N2,5,4,5,5.2,2,2.6,Sheltered
2022_FRANKLAND_R1_1,15/09/2022,2022,2022,R1,1,5,5.3,5.72,2.2,2.6,Sheltered
2022_FRANKLAND_R1_2,15/09/2022,2022,2022,R1,2,5,5.1,6.16,2.2,2.8,Sheltered
2022_FRANKLAND_R1_3,15/09/2022,2022,2022,R1,3,5,5.3,5.76,2.4,2.4,Sheltered
2022_FRANKLAND_R1_4,15/09/2022,2022,2022,R1,4,4,5.5,5.28,2.2,2.4,Sheltered
2022_FRANKLAND_R1_5,15/09/2022,2022,2022,R1,5,4,5,2.52,1.4,1.8,Sheltered
2022_FRANKLAND_N3_1,15/09/2022,2022,2022,N3,1,5,7.5,8.4,3,2.8,Sheltered
2022_FRANKLAND_N3_2,15/09/2022,2022,2022,N3,2,5,6.8,7.8,3,2.6,Sheltered
2022_FRANKLAND_N3_3,15/09/2022,2022,2022,N3,3,5,6.7,7.2,3.6,2,Sheltered
2022_FRANKLAND_N3_4,15/09/2022,2022,2022,N3,4,5,7,6.6,3,2.2,Sheltered
2022_FRANKLAND_N3_5,15/09/2022,2022,2022,N3,5,5.5,6,7.2,2.4,3,Sheltered
2022_FRANKLAND_N4_1,16/09/2022,2022,2022,N4,1,5,6,9.88,2.6,3.8,Exposed
2022_FRANKLAND_N4_2,16/09/2022,2022,2022,N4,2,5,6,6.8,2,3.4,Exposed
2022_FRANKLAND_N4_3,16/09/2022,2022,2022,N4,3,5,6.3,5.32,1.4,3.8,Exposed
2022_FRANKLAND_N4_4,16/09/2022,2022,2022,N4,4,5,5.7,5.44,1.6,3.4,Exposed
2022_FRANKLAND_N4_5,16/09/2022,2022,2022,N4,5,5,5.7,5.2,2,2.6,Exposed
2022_FRANKLAND_N5_1,16/09/2022,2022,2022,N5,1,6,6.4,5.6,2,2.8,Exposed
2022_FRANKLAND_N5_2,16/09/2022,2022,2022,N5,2,6,6.4,7.2,2.4,3,Exposed
2022_FRANKLAND_N5_3,16/09/2022,2022,2022,N5,3,6,6,6,2,3,Exposed
2022_FRANKLAND_N5_4,16/09/2022,2022,2022,N5,4,6,6.8,8,2,4,Exposed
2022_FRANKLAND_N5_5,16/09/2022,2022,2022,N5,5,6,6.4,7.2,1.8,4,Exposed
2022_FRANKLAND_R2_1,16/09/2022,2022,2022,R2,1,6,5.5,4.16,1.6,2.6,Exposed
2022_FRANKLAND_R2_2,16/09/2022,2022,2022,R2,2,5,6,6.6,2.2,3,Exposed
2022_FRANKLAND_R2_3,16/09/2022,2022,2022,R2,3,5,5.5,5.2,2,2.6,Exposed
2022_FRANKLAND_R2_4,16/09/2022,2022,2022,R2,4,5,5.2,5.6,2,2.8,Exposed
2022_FRANKLAND_R2_5,16/09/2022,2022,2022,R2,5,5,5.2,7.04,2.2,3.2,Exposed
2022_FRANKLAND_HI2_1,17/09/2022,2022,2022,HI2,1,4,5.3,6.4,2,3.2,Exposed
2022_FRANKLAND_HI2_2,17/09/2022,2022,2022,HI2,2,4,5,8.64,2.4,3.6,Exposed
2022_FRANKLAND_HI2_3,17/09/2022,2022,2022,HI2,3,4,5.5,4.48,1.4,3.2,Exposed
2022_FRANKLAND_HI2_4,17/09/2022,2022,2022,HI2,4,4,4.3,7.2,1.8,4,Exposed
2022_FRANKLAND_HI2_5,17/09/2022,2022,2022,HI2,5,4,5.7,6.4,1.6,4,Exposed
2022_FRANKLAND_HI3_1,17/09/2022,2022,2022,HI3,1,4,5.6,7.68,3.2,2.4,Sheltered
2022_FRANKLAND_HI3_2,17/09/2022,2022,2022,HI3,2,4,5,7.92,3.6,2.2,Sheltered
2022_FRANKLAND_HI3_3,17/09/2022,2022,2022,HI3,3,4,4.2,7.92,3.6,2.2,Sheltered
2022_FRANKLAND_HI3_4,17/09/2022,2022,2022,HI3,4,5,5,6.4,3.2,2,Sheltered
2022_FRANKLAND_HI3_5,17/09/2022,2022,2022,HI3,5,5,5.3,6.12,3.4,1.8,Sheltered
2022_FRANKLAND_R3_1,17/09/2022,2022,2022,R3,1,5,6.5,5.04,2.8,1.8,Sheltered
2022_FRANKLAND_R3_2,17/09/2022,2022,2022,R3,2,5,6,5.2,2.6,2,Sheltered
2022_FRANKLAND_R3_3,17/09/2022,2022,2022,R3,3,5,6.5,6.6,3,2.2,Sheltered
2022_FRANKLAND_R3_4,17/09/2022,2022,2022,R3,4,5,6.5,7.48,3.4,2.2,Sheltered
2022_FRANKLAND_R3_5,17/09/2022,2022,2022,R3,5,5,6.1,5.28,2.2,2.4,Sheltered
2022_FRANKLAND_N6_1,18/09/2022,2022,2022,N6,1,4,8.4,5.2,2,2.6,Sheltered
2022_FRANKLAND_N6_2,18/09/2022,2022,2022,N6,2,4,8.5,6.72,2.8,2.4,Sheltered
2022_FRANKLAND_N6_3,18/09/2022,2022,2022,N6,3,4,9,5.76,2.4,2.4,Sheltered
2022_FRANKLAND_N6_4,18/09/2022,2022,2022,N6,4,4,7.6,7.2,3,2.4,Sheltered
2022_FRANKLAND_N6_5,18/09/2022,2022,2022,N6,5,4,8.1,9.36,3.6,2.6,Sheltered
2023_KEPPEL_MI1_1,16/02/2023,2023,2023,MI1,1,5,7,4,2,2,Semi-exposed
2023_KEPPEL_MI1_2,16/02/2023,2023,2023,MI1,2,5,8,5.72,2.2,2.6,Semi-exposed
2023_KEPPEL_MI1_3,16/02/2023,2023,2023,MI1,3,5,9,7.2,3,2.4,Semi-exposed
2023_KEPPEL_MI1_4,16/02/2023,2023,2023,MI1,4,6,8,4,2,2,Semi-exposed
2023_KEPPEL_MI1_5,16/02/2023,2023,2023,MI1,5,6,9,4.4,2,2.2,Semi-exposed
2023_KEPPEL_M1_1,16/02/2023,2023,2023,M1,1,4,2,4,2,2,Sheltered
2023_KEPPEL_M1_2,16/02/2023,2023,2023,M1,2,4,3,4,2,2,Sheltered
2023_KEPPEL_M1_3,16/02/2023,2023,2023,M1,3,4,3,4,2,2,Sheltered
2023_KEPPEL_M1_4,16/02/2023,2023,2023,M1,4,4,3,4,2,2,Sheltered
2023_KEPPEL_M1_5,16/02/2023,2023,2023,M1,5,4,3,4,2,2,Sheltered
2023_KEPPEL_M2_1,16/02/2023,2023,2023,M2,1,5,4,4,2,2,Semi-exposed
2023_KEPPEL_M2_2,16/02/2023,2023,2023,M2,2,6,4,4,2,2,Semi-exposed
2023_KEPPEL_M2_3,16/02/2023,2023,2023,M2,3,6,4.5,4,2,2,Semi-exposed
2023_KEPPEL_M2_4,16/02/2023,2023,2023,M2,4,6,5,4,2,2,Semi-exposed
2023_KEPPEL_M2_5,16/02/2023,2023,2023,M2,5,7,5,4,2,2,Semi-exposed
2023_KEPPEL_M4_1,17/02/2023,2023,2023,M4,1,7,3,4.8,2,2.4,Sheltered
2023_KEPPEL_M4_2,17/02/2023,2023,2023,M4,2,7,3,4.4,2,2.2,Sheltered
2023_KEPPEL_M4_3,17/02/2023,2023,2023,M4,3,7,3,4.4,2,2.2,Sheltered
2023_KEPPEL_M4_4,17/02/2023,2023,2023,M4,4,6,3,4,2,2,Sheltered
2023_KEPPEL_M4_5,17/02/2023,2023,2023,M4,5,5,4,4.4,2,2.2,Sheltered
2023_KEPPEL_M3_1,17/02/2023,2023,2023,M3,1,5,7,4.4,2,2.2,Semi-exposed
2023_KEPPEL_M3_2,17/02/2023,2023,2023,M3,2,5,8,4.8,2,2.4,Semi-exposed
2023_KEPPEL_M3_3,17/02/2023,2023,2023,M3,3,6,8,4,2,2,Semi-exposed
2023_KEPPEL_M3_4,17/02/2023,2023,2023,M3,4,6,7,4.4,2,2.2,Semi-exposed
2023_KEPPEL_M3_5,17/02/2023,2023,2023,M3,5,6,6,4.4,2.2,2,Semi-exposed
2023_KEPPEL_H2_1,18/02/2023,2023,2023,H2,1,6,10,7.28,2.6,2.8,Exposed
2023_KEPPEL_H2_2,18/02/2023,2023,2023,H2,2,5,10,6.6,2.2,3,Exposed
2023_KEPPEL_H2_3,18/02/2023,2023,2023,H2,3,6,11,4.4,2,2.2,Exposed
2023_KEPPEL_H2_4,18/02/2023,2023,2023,H2,4,7,9,5.6,2,2.8,Exposed
2023_KEPPEL_H2_5,18/02/2023,2023,2023,H2,5,7,9,6,2,3,Exposed
2023_KEPPEL_GK4_1,18/02/2023,2023,2023,GK4,1,8,9,6,2,3,Exposed
2023_KEPPEL_GK4_2,18/02/2023,2023,2023,GK4,2,8,11,4.4,2,2.2,Exposed
2023_KEPPEL_GK4_3,18/02/2023,2023,2023,GK4,3,8,11,4.4,2,2.2,Exposed
2023_KEPPEL_GK4_4,18/02/2023,2023,2023,GK4,4,7,9,5.6,2,2.8,Exposed
2023_KEPPEL_GK4_5,18/02/2023,2023,2023,GK4,5,7,8,4.4,2,2.2,Exposed
2023_KEPPEL_GK3_1,18/02/2023,2023,2023,GK3,1,6,10,4,2,2,Semi-exposed
2023_KEPPEL_GK3_2,18/02/2023,2023,2023,GK3,2,7,11,4,2,2,Semi-exposed
2023_KEPPEL_GK3_3,18/02/2023,2023,2023,GK3,3,7,10,4,2,2,Semi-exposed
2023_KEPPEL_GK3_4,18/02/2023,2023,2023,GK3,4,7,10,4,2,2,Semi-exposed
2023_KEPPEL_GK3_5,18/02/2023,2023,2023,GK3,5,6,10,4,2,2,Semi-exposed
2023_KEPPEL_GK2_1,18/02/2023,2023,2023,GK2,1,7,8,6.4,2,3.2,Exposed
2023_KEPPEL_GK2_2,18/02/2023,2023,2023,GK2,2,6,9,4.84,2.2,2.2,Exposed
2023_KEPPEL_GK2_3,18/02/2023,2023,2023,GK2,3,6,9,4.84,2.2,2.2,Exposed
2023_KEPPEL_GK2_4,18/02/2023,2023,2023,GK2,4,7,10,6.16,2.2,2.8,Exposed
2023_KEPPEL_GK2_5,18/02/2023,2023,2023,GK2,5,7,9,8.4,2.8,3,Exposed
2023_KEPPEL_BA2_1,19/02/2023,2023,2023,BA2,1,10,9,5.28,2.2,2.4,Semi-exposed
2023_KEPPEL_BA2_2,19/02/2023,2023,2023,BA2,2,10,9,5.28,2.2,2.4,Semi-exposed
2023_KEPPEL_BA2_3,19/02/2023,2023,2023,BA2,3,10,10,4,2,2,Semi-exposed
2023_KEPPEL_BA2_4,19/02/2023,2023,2023,BA2,4,10,9,6,2,3,Semi-exposed
2023_KEPPEL_BA2_5,19/02/2023,2023,2023,BA2,5,9,10,10.64,2.8,3.8,Semi-exposed
2023_KEPPEL_BA1_1,19/02/2023,2023,2023,BA1,1,10,9,5.28,2.2,2.4,Exposed
2023_KEPPEL_BA1_2,19/02/2023,2023,2023,BA1,2,10,9,4,2,2,Exposed
2023_KEPPEL_BA1_3,19/02/2023,2023,2023,BA1,3,10,9,4,2,2,Exposed
2023_KEPPEL_BA1_4,19/02/2023,2023,2023,BA1,4,10,9,4.4,2.2,2,Exposed
2023_KEPPEL_BA1_5,19/02/2023,2023,2023,BA1,5,10,9,9.52,2.8,3.4,Exposed
2023_KEPPEL_GK9_1,19/02/2023,2023,2023,GK9,1,7,3,7.28,2.6,2.8,Sheltered
2023_KEPPEL_GK9_2,19/02/2023,2023,2023,GK9,2,7,2,6,2,3,Sheltered
2023_KEPPEL_GK9_3,19/02/2023,2023,2023,GK9,3,7,2,6,2,3,Sheltered
2023_KEPPEL_GK9_4,19/02/2023,2023,2023,GK9,4,7,2,8.4,2.8,3,Sheltered
2023_KEPPEL_GK9_5,19/02/2023,2023,2023,GK9,5,6,2,7.2,3,2.4,Sheltered
2023_KEPPEL_NK1_1,20/02/2023,2023,2023,NK1,1,3.5,7,4,2,2,Sheltered
2023_KEPPEL_NK1_2,20/02/2023,2023,2023,NK1,2,4,7,4.4,2,2.2,Sheltered
2023_KEPPEL_NK1_3,20/02/2023,2023,2023,NK1,3,4,7,4.4,2,2.2,Sheltered
2023_KEPPEL_NK1_4,20/02/2023,2023,2023,NK1,4,4,7,4,2,2,Sheltered
2023_KEPPEL_NK1_5,20/02/2023,2023,2023,NK1,5,4,7,4.4,2.2,2,Sheltered
2023_KEPPEL_NK3_1,20/02/2023,2023,2023,NK3,1,5,5,4.8,2,2.4,Semi-exposed
2023_KEPPEL_NK3_2,20/02/2023,2023,2023,NK3,2,5,5,6.16,2.2,2.8,Semi-exposed
2023_KEPPEL_NK3_3,20/02/2023,2023,2023,NK3,3,5,5,7.2,2.4,3,Semi-exposed
2023_KEPPEL_NK3_4,20/02/2023,2023,2023,NK3,4,5,4,5.6,2,2.8,Semi-exposed
2023_KEPPEL_NK3_5,20/02/2023,2023,2023,NK3,5,4.5,4,5.28,2.2,2.4,Semi-exposed
2023_KEPPEL_NK2_1,20/02/2023,2023,2023,NK2,1,5,6,6.8,2,3.4,Sheltered
2023_KEPPEL_NK2_2,20/02/2023,2023,2023,NK2,2,5,7,6,2,3,Sheltered
2023_KEPPEL_NK2_3,20/02/2023,2023,2023,NK2,3,5,7,6,2,3,Sheltered
2023_KEPPEL_NK2_4,20/02/2023,2023,2023,NK2,4,5,6,7.2,2,3.6,Sheltered
2023_KEPPEL_NK2_5,20/02/2023,2023,2023,NK2,5,5,6,5.6,2,2.8,Sheltered
2023_KEPPEL_GK7_1,21/02/2023,2023,2023,GK7,1,7,8,6.4,2,3.2,Exposed
2023_KEPPEL_GK7_2,21/02/2023,2023,2023,GK7,2,7,8,7.04,2.2,3.2,Exposed
2023_KEPPEL_GK7_3,21/02/2023,2023,2023,GK7,3,7,6,6,2,3,Exposed
2023_KEPPEL_GK7_4,21/02/2023,2023,2023,GK7,4,6,6,6,2,3,Exposed
2023_KEPPEL_GK7_5,21/02/2023,2023,2023,GK7,5,6,6,4.4,2,2.2,Exposed
2023_KEPPEL_GK6_1,21/02/2023,2023,2023,GK6,1,7,10,5.28,2.2,2.4,Semi-exposed
2023_KEPPEL_GK6_2,21/02/2023,2023,2023,GK6,2,7,10,5.76,2.4,2.4,Semi-exposed
2023_KEPPEL_GK6_3,21/02/2023,2023,2023,GK6,3,7,11,5.6,2,2.8,Semi-exposed
2023_KEPPEL_GK6_4,21/02/2023,2023,2023,GK6,4,7,10,6.72,2.4,2.8,Semi-exposed
2023_KEPPEL_GK6_5,21/02/2023,2023,2023,GK6,5,8,10,5.28,2.2,2.4,Semi-exposed
2023_KEPPEL_GK5_1,21/02/2023,2023,2023,GK5,1,8,10,6,3,2,Semi-exposed
2023_KEPPEL_GK5_2,21/02/2023,2023,2023,GK5,2,8,11,6,3,2,Semi-exposed
2023_KEPPEL_GK5_3,21/02/2023,2023,2023,GK5,3,8,12,6,3,2,Semi-exposed
2023_KEPPEL_GK5_4,21/02/2023,2023,2023,GK5,4,8,10,6,3,2,Semi-exposed
2023_KEPPEL_GK5_5,21/02/2023,2023,2023,GK5,5,8,11,6,3,2,Semi-exposed
2023_KEPPEL_H3_1,22/02/2023,2023,2023,H3,1,7,9,5.6,2,2.8,Sheltered
2023_KEPPEL_H3_2,22/02/2023,2023,2023,H3,2,8,10,7.2,2,3.6,Sheltered
2023_KEPPEL_H3_3,22/02/2023,2023,2023,H3,3,7,10,9.88,2.6,3.8,Sheltered
2023_KEPPEL_H3_4,22/02/2023,2023,2023,H3,4,7,9,8,2,4,Sheltered
2023_KEPPEL_H3_5,22/02/2023,2023,2023,H3,5,7,9,7.2,2,3.6,Sheltered
2023_KEPPEL_HU1_1,22/02/2023,2023,2023,HU1,1,5,6,4,2,2,Sheltered
2023_KEPPEL_HU1_2,22/02/2023,2023,2023,HU1,2,5,7,5.2,2,2.6,Sheltered
2023_KEPPEL_HU1_3,22/02/2023,2023,2023,HU1,3,5,8,6,2,3,Sheltered
2023_KEPPEL_HU1_4,22/02/2023,2023,2023,HU1,4,5,7,6,2,3,Sheltered
2023_KEPPEL_HU1_5,22/02/2023,2023,2023,HU1,5,5,7,7.2,2.4,3,Sheltered
2023_KEPPEL_NK5_1,26/02/2023,2023,2023,NK5,1,4,9,12,3,4,Exposed
2023_KEPPEL_NK5_2,26/02/2023,2023,2023,NK5,2,4,9,14.44,3.8,3.8,Exposed
2023_KEPPEL_NK5_3,26/02/2023,2023,2023,NK5,3,4,9,10.2,3,3.4,Exposed
2023_KEPPEL_NK5_4,26/02/2023,2023,2023,NK5,4,4,8,6.4,2,3.2,Exposed
2023_KEPPEL_NK5_5,26/02/2023,2023,2023,NK5,5,4,5,8.16,2.4,3.4,Exposed
2023_KEPPEL_MI2_1,26/02/2023,2023,2023,MI2,1,5,8,11.4,3,3.8,Exposed
2023_KEPPEL_MI2_2,26/02/2023,2023,2023,MI2,2,5,9,6.4,2,3.2,Exposed
2023_KEPPEL_MI2_3,26/02/2023,2023,2023,MI2,3,5,9,6.4,2,3.2,Exposed
2023_KEPPEL_MI2_4,26/02/2023,2023,2023,MI2,4,5,9,7.04,2.2,3.2,Exposed
2023_KEPPEL_MI2_5,26/02/2023,2023,2023,MI2,5,4,9,11.52,3.2,3.6,Exposed
2023_KEPPEL_GK8_1,26/02/2023,2023,2023,GK8,1,6,6,7.2,2,3.6,Semi-exposed
2023_KEPPEL_GK8_2,26/02/2023,2023,2023,GK8,2,6,5,7.6,2,3.8,Semi-exposed
2023_KEPPEL_GK8_3,26/02/2023,2023,2023,GK8,3,6,5,7.6,2,3.8,Semi-exposed
2023_KEPPEL_GK8_4,26/02/2023,2023,2023,GK8,4,7,6,6,2,3,Semi-exposed
2023_KEPPEL_GK8_5,26/02/2023,2023,2023,GK8,5,7,7,7.28,2.6,2.8,Semi-exposed
2023_KEPPEL_H1_1,27/02/2023,2023,2023,H1,1,8,9,8.4,2,4.2,Exposed
2023_KEPPEL_H1_2,27/02/2023,2023,2023,H1,2,8,11,6.8,2,3.4,Exposed
2023_KEPPEL_H1_3,27/02/2023,2023,2023,H1,3,8,11,7.6,2,3.8,Exposed
2023_KEPPEL_H1_4,27/02/2023,2023,2023,H1,4,7,10,6.8,2,3.4,Exposed
2023_KEPPEL_H1_5,27/02/2023,2023,2023,H1,5,7,10,9.12,2.4,3.8,Exposed
2023_KEPPEL_HU2_1,27/02/2023,2023,2023,HU2,1,7,9,7.2,2,3.6,Exposed
2023_KEPPEL_HU2_2,27/02/2023,2023,2023,HU2,2,8,10,7.2,2,3.6,Exposed
2023_KEPPEL_HU2_3,27/02/2023,2023,2023,HU2,3,8,11,8.32,2.6,3.2,Exposed
2023_KEPPEL_HU2_4,27/02/2023,2023,2023,HU2,4,8,10,6.8,2,3.4,Exposed
2023_KEPPEL_HU2_5,27/02/2023,2023,2023,HU2,5,8,9,12.32,2.8,4.4,Exposed
2023_KEPPEL_GK1_1,27/02/2023,2023,2023,GK1,1,6,8,9,3,3,Semi-exposed
2023_KEPPEL_GK1_2,27/02/2023,2023,2023,GK1,2,7,10,6.16,2.8,2.2,Semi-exposed
2023_KEPPEL_GK1_3,27/02/2023,2023,2023,GK1,3,8,10,4.84,2.2,2.2,Semi-exposed
2023_KEPPEL_GK1_4,27/02/2023,2023,2023,GK1,4,8,8,13.6,3.4,4,Semi-exposed
2023_KEPPEL_GK1_5,27/02/2023,2023,2023,GK1,5,8,8,11.2,2.8,4,Semi-exposed
2023_KEPPEL_EGG1_1,28/02/2023,2023,2023,EGG1,1,12,14,11.4,3.8,3,Exposed
2023_KEPPEL_EGG1_2,28/02/2023,2023,2023,EGG1,2,10,13,11.2,4,2.8,Exposed
2023_KEPPEL_EGG1_3,28/02/2023,2023,2023,EGG1,3,10,13,10.56,4.4,2.4,Exposed
2023_KEPPEL_EGG1_4,28/02/2023,2023,2023,EGG1,4,10,12,12.32,4.4,2.8,Exposed
2023_KEPPEL_EGG1_5,28/02/2023,2023,2023,EGG1,5,10,9,8.4,4.2,2,Exposed
2023_KEPPEL_NK8_1,28/02/2023,2023,2023,NK8,1,5,8,8.84,2.6,3.4,Exposed
2023_KEPPEL_NK8_2,28/02/2023,2023,2023,NK8,2,5,8,9.88,2.6,3.8,Exposed
2023_KEPPEL_NK8_3,28/02/2023,2023,2023,NK8,3,5,9,7.2,2,3.6,Exposed
2023_KEPPEL_NK8_4,28/02/2023,2023,2023,NK8,4,6,8,12.8,3.2,4,Exposed
2023_KEPPEL_NK8_5,28/02/2023,2023,2023,NK8,5,6,9,8.84,2.6,3.4,Exposed
2023_MAGNETIC_GB1_1,29/03/2023,2023,2023,GB1,1,5,6,1.4,1,1.4,Exposed
2023_MAGNETIC_GB1_2,29/03/2023,2023,2023,GB1,2,5,6,1,1,1,Exposed
2023_MAGNETIC_GB1_3,29/03/2023,2023,2023,GB1,3,5,5,1,1,1,Exposed
2023_MAGNETIC_GB1_4,29/03/2023,2023,2023,GB1,4,5,6,1,1,1,Exposed
2023_MAGNETIC_GB1_5,29/03/2023,2023,2023,GB1,5,5,5,1.2,1,1.2,Exposed
2023_MAGNETIC_GB2_1,29/03/2023,2023,2023,GB2,1,5,5,1.6,1,1.6,Exposed
2023_MAGNETIC_GB2_2,29/03/2023,2023,2023,GB2,2,5,5,1.8,1,1.8,Exposed
2023_MAGNETIC_GB2_3,29/03/2023,2023,2023,GB2,3,5,5,2.2,1,2.2,Exposed
2023_MAGNETIC_GB2_4,29/03/2023,2023,2023,GB2,4,5,6,2.2,1,2.2,Exposed
2023_MAGNETIC_GB2_5,29/03/2023,2023,2023,GB2,5,5,6,2.4,1,2.4,Exposed
2023_MAGNETIC_NB1_1,29/03/2023,2023,2023,NB1,1,5,5,1.6,1,1.6,Exposed
2023_MAGNETIC_NB1_2,29/03/2023,2023,2023,NB1,2,5,4,2,1,2,Exposed
2023_MAGNETIC_NB1_3,29/03/2023,2023,2023,NB1,3,5,5,2.2,1,2.2,Exposed
2023_MAGNETIC_NB1_4,29/03/2023,2023,2023,NB1,4,5,4,1.4,1,1.4,Exposed
2023_MAGNETIC_NB1_5,29/03/2023,2023,2023,NB1,5,4.5,4,1.4,1,1.4,Exposed
2023_MAGNETIC_WC1_1,29/03/2023,2023,2023,WC1,1,6,5.5,3.84,1.6,2.4,Exposed
2023_MAGNETIC_WC1_2,29/03/2023,2023,2023,WC1,2,6,6,3.2,1.6,2,Exposed
2023_MAGNETIC_WC1_3,29/03/2023,2023,2023,WC1,3,6,6,8.84,3.4,2.6,Exposed
2023_MAGNETIC_WC1_4,30/03/2023,2023,2023,WC1,4,5,3.5,4.8,2.4,2,Exposed
2023_MAGNETIC_WC1_5,30/03/2023,2023,2023,WC1,5,5,4,4.32,2.4,1.8,Exposed
2023_MAGNETIC_FB1_1,30/03/2023,2023,2023,FB1,1,5,4,2,1,2,Exposed
2023_MAGNETIC_FB1_2,30/03/2023,2023,2023,FB1,2,5,4,1.6,1,1.6,Exposed
2023_MAGNETIC_FB1_3,30/03/2023,2023,2023,FB1,3,5,4,1.8,1,1.8,Exposed
2023_MAGNETIC_FB1_4,30/03/2023,2023,2023,FB1,4,4,4,2.2,1,2.2,Exposed
2023_MAGNETIC_FB1_5,30/03/2023,2023,2023,FB1,5,4,3,2,1,2,Exposed
2023_MAGNETIC_AW2_1,30/03/2023,2023,2023,AW2,1,7,5,4.68,1.8,2.6,Exposed
2023_MAGNETIC_AW2_2,30/03/2023,2023,2023,AW2,2,6,5,7.68,3.2,2.4,Exposed
2023_MAGNETIC_AW2_3,30/03/2023,2023,2023,AW2,3,6,5.5,6.76,2.6,2.6,Exposed
2023_MAGNETIC_AW2_4,30/03/2023,2023,2023,AW2,4,6,4.5,3.08,1.4,2.2,Exposed
2023_MAGNETIC_AW2_5,30/03/2023,2023,2023,AW2,5,6,6,4.16,1.6,2.6,Exposed
2023_MAGNETIC_AW1_1,30/03/2023,2023,2023,AW1,1,6,4,6.76,2.6,2.6,Exposed
2023_MAGNETIC_AW1_2,30/03/2023,2023,2023,AW1,2,6,5,6.16,2.8,2.2,Exposed
2023_MAGNETIC_AW1_3,30/03/2023,2023,2023,AW1,3,6,4,6.72,2.8,2.4,Exposed
2023_MAGNETIC_AW1_4,30/03/2023,2023,2023,AW1,4,7,5,8.84,3.4,2.6,Exposed
2023_MAGNETIC_AW1_5,30/03/2023,2023,2023,AW1,5,7,4,8.84,3.4,2.6,Exposed
2023_MAGNETIC_GOW1_1,30/03/2023,2023,2023,GOW1,1,4,4,2.88,1.8,1.6,Exposed
2023_MAGNETIC_GOW1_2,30/03/2023,2023,2023,GOW1,2,4,4,2.2,1,2.2,Exposed
2023_MAGNETIC_GOW1_3,30/03/2023,2023,2023,GOW1,3,4,4,2,1,2,Exposed
2023_MAGNETIC_GOW1_4,30/03/2023,2023,2023,GOW1,4,4,4,3.6,1.8,2,Exposed
2023_MAGNETIC_GOW1_5,30/03/2023,2023,2023,GOW1,5,4,4,7.48,3.4,2.2,Exposed
2023_PALM_OS1_1,24/01/2023,2023,2023,OS1,1,4,7,2.52,1.4,1.8,Sheltered
2023_PALM_OS1_2,24/01/2023,2023,2023,OS1,2,4,7,4,2,2,Sheltered
2023_PALM_OS1_3,24/01/2023,2023,2023,OS1,3,4,7.3,3.84,1.6,2.4,Sheltered
2023_PALM_OS1_4,24/01/2023,2023,2023,OS1,4,4,6.5,4.4,2,2.2,Sheltered
2023_PALM_OS1_5,24/01/2023,2023,2023,OS1,5,4,7.5,6.24,2.4,2.6,Sheltered
2023_PALM_PE5_1,25/01/2023,2023,2023,PE5,1,6,7.8,6.16,2.2,2.8,Exposed
2023_PALM_PE5_2,25/01/2023,2023,2023,PE5,2,6,8.5,10.88,3.2,3.4,Exposed
2023_PALM_PE5_3,25/01/2023,2023,2023,PE5,3,6,8.6,14.44,3.8,3.8,Exposed
2023_PALM_PE5_4,25/01/2023,2023,2023,PE5,4,6,8.3,4.32,1.8,2.4,Exposed
2023_PALM_PE5_5,25/01/2023,2023,2023,PE5,5,6,7.7,5.76,1.8,3.2,Exposed
2023_PALM_OS6_1,25/01/2023,2023,2023,OS6,1,5,5.6,1.8,1,1.8,Semi-exposed
2023_PALM_OS6_2,25/01/2023,2023,2023,OS6,2,5,5,1.4,1,1.4,Semi-exposed
2023_PALM_OS6_3,25/01/2023,2023,2023,OS6,3,5,5,1.8,1,1.8,Semi-exposed
2023_PALM_OS6_4,25/01/2023,2023,2023,OS6,4,5,4.5,1.2,1,1.2,Semi-exposed
2023_PALM_OS6_5,25/01/2023,2023,2023,OS6,5,5,5,1.4,1,1.4,Semi-exposed
2023_PALM_PE1_1,25/01/2023,2023,2023,PE1,1,5,6.5,9.88,2.6,3.8,Exposed
2023_PALM_PE1_2,25/01/2023,2023,2023,PE1,2,5,7,4.76,1.4,3.4,Exposed
2023_PALM_PE1_3,25/01/2023,2023,2023,PE1,3,5,6.7,7.2,2.4,3,Exposed
2023_PALM_PE1_4,25/01/2023,2023,2023,PE1,4,5,8,2.8,1.4,2,Exposed
2023_PALM_PE1_5,25/01/2023,2023,2023,PE1,5,5,8,5.2,2,2.6,Exposed
2023_PALM_OS3_1,26/01/2023,2023,2023,OS3,1,6,6,1.6,1,1.6,Sheltered
2023_PALM_OS3_2,26/01/2023,2023,2023,OS3,2,6,6,1.4,1,1.4,Sheltered
2023_PALM_OS3_3,26/01/2023,2023,2023,OS3,3,6,6,2.4,1,2.4,Sheltered
2023_PALM_OS3_4,26/01/2023,2023,2023,OS3,4,6,6,6.6,3,2.2,Sheltered
2023_PALM_OS3_5,26/01/2023,2023,2023,OS3,5,5,6.5,4.68,1.8,2.6,Sheltered
2023_PALM_PS2_1,26/01/2023,2023,2023,PS2,1,6,6.7,2.24,1.6,1.4,Sheltered
2023_PALM_PS2_2,26/01/2023,2023,2023,PS2,2,6,6.2,2.88,1.8,1.6,Sheltered
2023_PALM_PS2_3,26/01/2023,2023,2023,PS2,3,6,7.2,3.6,1.8,2,Sheltered
2023_PALM_PS2_4,26/01/2023,2023,2023,PS2,4,5,6,2.88,1.8,1.6,Sheltered
2023_PALM_PS2_5,26/01/2023,2023,2023,PS2,5,5,6.2,2.16,1.8,1.2,Sheltered
2023_PALM_OS5_1,26/01/2023,2023,2023,OS5,1,5,5.7,2.88,1.8,1.6,Sheltered
2023_PALM_OS5_2,26/01/2023,2023,2023,OS5,2,4,7.4,3.96,2.2,1.8,Sheltered
2023_PALM_OS5_3,26/01/2023,2023,2023,OS5,3,4,8,2.64,2.2,1.2,Sheltered
2023_PALM_OS5_4,26/01/2023,2023,2023,OS5,4,5,5.8,2.56,1.6,1.6,Sheltered
2023_PALM_OS5_5,26/01/2023,2023,2023,OS5,5,5,6.5,1.2,1,1.2,Sheltered
2023_PALM_PS5_1,27/01/2023,2023,2023,PS5,1,6,7.3,8.32,2.6,3.2,Sheltered
2023_PALM_PS5_2,27/01/2023,2023,2023,PS5,2,6,6.8,3.36,1.4,2.4,Sheltered
2023_PALM_PS5_3,27/01/2023,2023,2023,PS5,3,6,7.1,3.24,1.8,1.8,Sheltered
2023_PALM_PS5_4,27/01/2023,2023,2023,PS5,4,6,7.5,5.28,2.2,2.4,Sheltered
2023_PALM_PS5_5,27/01/2023,2023,2023,PS5,5,6,8,8.32,2.6,3.2,Sheltered
2023_PALM_PS3_1,27/01/2023,2023,2023,PS3,1,6,6.5,3.52,2.2,1.6,Sheltered
2023_PALM_PS3_2,27/01/2023,2023,2023,PS3,2,6,7.7,2.88,1.8,1.6,Sheltered
2023_PALM_PS3_3,27/01/2023,2023,2023,PS3,3,6,7.4,2.24,1.6,1.4,Sheltered
2023_PALM_PS3_4,27/01/2023,2023,2023,PS3,4,6,6.8,4.84,2.2,2.2,Sheltered
2023_PALM_PS3_5,27/01/2023,2023,2023,PS3,5,6,6.2,6.72,2.8,2.4,Sheltered
2023_PALM_OS2_1,27/01/2023,2023,2023,OS2,1,4,6.8,1.96,1.4,1.4,Sheltered
2023_PALM_OS2_2,27/01/2023,2023,2023,OS2,2,4,7.3,2.88,1.8,1.6,Sheltered
2023_PALM_OS2_3,27/01/2023,2023,2023,OS2,3,4,6.6,2.64,2.2,1.2,Sheltered
2023_PALM_OS2_4,27/01/2023,2023,2023,OS2,4,4,5.4,1.2,1.2,1,Sheltered
2023_PALM_OS2_5,27/01/2023,2023,2023,OS2,5,4,5,1.4,1.4,1,Sheltered
2023_PALM_C5_1,28/01/2023,2023,2023,C5,1,6,7,2.16,1.2,1.8,Semi-exposed
2023_PALM_C5_2,28/01/2023,2023,2023,C5,2,6,7.8,1.4,1,1.4,Semi-exposed
2023_PALM_C5_3,28/01/2023,2023,2023,C5,3,6,7.7,1.68,1.2,1.4,Semi-exposed
2023_PALM_C5_4,28/01/2023,2023,2023,C5,4,6,6.2,2.16,1.2,1.8,Semi-exposed
2023_PALM_C5_5,28/01/2023,2023,2023,C5,5,6,7.2,1.68,1.2,1.4,Semi-exposed
2023_PALM_C6_1,28/01/2023,2023,2023,C6,1,6,6.2,1.68,1.4,1.2,Sheltered
2023_PALM_C6_2,28/01/2023,2023,2023,C6,2,6,6.8,1.4,1.4,1,Sheltered
2023_PALM_C6_3,28/01/2023,2023,2023,C6,3,6,7,1.68,1.2,1.4,Sheltered
2023_PALM_C6_4,28/01/2023,2023,2023,C6,4,7,6.3,1.96,1.4,1.4,Sheltered
2023_PALM_C6_5,28/01/2023,2023,2023,C6,5,7,6,2.88,1.8,1.6,Sheltered
2023_PALM_C4_1,28/01/2023,2023,2023,C4,1,7,8.3,1,1,1,Semi-exposed
2023_PALM_C4_2,28/01/2023,2023,2023,C4,2,7,8.6,1.6,1,1.6,Semi-exposed
2023_PALM_C4_3,28/01/2023,2023,2023,C4,3,7,8.6,1,1,1,Semi-exposed
2023_PALM_C4_4,28/01/2023,2023,2023,C4,4,7,8.3,3.12,1.2,2.6,Semi-exposed
2023_PALM_C4_5,28/01/2023,2023,2023,C4,5,7,9,6.76,2.6,2.6,Semi-exposed
2023_PALM_C3_1,29/01/2023,2023,2023,C3,1,6,6.5,3.96,2.2,1.8,Sheltered
2023_PALM_C3_2,29/01/2023,2023,2023,C3,2,6,7.1,6,3,2,Sheltered
2023_PALM_C3_3,29/01/2023,2023,2023,C3,3,7,6.5,4.68,2.6,1.8,Sheltered
2023_PALM_C3_4,29/01/2023,2023,2023,C3,4,6,6.3,3.52,2.2,1.6,Sheltered
2023_PALM_C3_5,29/01/2023,2023,2023,C3,5,6,6.3,3.12,2.6,1.2,Sheltered
2023_PALM_C2_1,29/01/2023,2023,2023,C2,1,6,6.3,4.16,2.6,1.6,Sheltered
2023_PALM_C2_2,29/01/2023,2023,2023,C2,2,6,6.5,5.76,2.4,2.4,Sheltered
2023_PALM_C2_3,29/01/2023,2023,2023,C2,3,6,6.8,3.52,2.2,1.6,Sheltered
2023_PALM_C2_4,29/01/2023,2023,2023,C2,4,6,6,4.4,2.2,2,Sheltered
2023_PALM_C2_5,29/01/2023,2023,2023,C2,5,6,7,4.68,2.6,1.8,Sheltered
2023_PALM_C1_1,29/01/2023,2023,2023,C1,1,6,6.2,5.28,2.4,2.2,Sheltered
2023_PALM_C1_2,29/01/2023,2023,2023,C1,2,6,6.6,8.4,3,2.8,Sheltered
2023_PALM_C1_3,29/01/2023,2023,2023,C1,3,6,6.7,3.96,1.8,2.2,Sheltered
2023_PALM_C1_4,29/01/2023,2023,2023,C1,4,6,6.6,4.4,2.2,2,Sheltered
2023_PALM_C1_5,29/01/2023,2023,2023,C1,5,6,6.8,4.84,2.2,2.2,Sheltered
2023_PALM_PS6_1,30/01/2023,2023,2023,PS6,1,8,7.7,5.72,2.2,2.6,Semi-exposed
2023_PALM_PS6_2,30/01/2023,2023,2023,PS6,2,10,8.2,10.2,3,3.4,Semi-exposed
2023_PALM_PS6_3,30/01/2023,2023,2023,PS6,3,8,8,8.84,2.6,3.4,Semi-exposed
2023_PALM_PS6_4,30/01/2023,2023,2023,PS6,4,8,7.4,7.84,2.8,2.8,Semi-exposed
2023_PALM_PS6_5,30/01/2023,2023,2023,PS6,5,8,8,6.24,2.4,2.6,Semi-exposed
2023_PALM_PS4_1,30/01/2023,2023,2023,PS4,1,6,4.6,1.96,1.4,1.4,Sheltered
2023_PALM_PS4_2,30/01/2023,2023,2023,PS4,2,6,5.7,1.92,1.2,1.6,Sheltered
2023_PALM_PS4_3,30/01/2023,2023,2023,PS4,3,6,7.6,4.32,1.8,2.4,Sheltered
2023_PALM_PS4_4,30/01/2023,2023,2023,PS4,4,7,5.2,2.52,1.4,1.8,Sheltered
2023_PALM_PS4_5,30/01/2023,2023,2023,PS4,5,7,5,1,1,1,Sheltered
2023_PALM_PS1_1,30/01/2023,2023,2023,PS1,1,7,7,3.96,2.2,1.8,Sheltered
2023_PALM_PS1_2,30/01/2023,2023,2023,PS1,2,7,7,4.84,2.2,2.2,Sheltered
2023_PALM_PS1_3,30/01/2023,2023,2023,PS1,3,7,7.6,3.96,1.8,2.2,Sheltered
2023_PALM_PS1_4,30/01/2023,2023,2023,PS1,4,6,7,2.52,1.8,1.4,Sheltered
2023_PALM_PS1_5,30/01/2023,2023,2023,PS1,5,6,7,3.36,2.4,1.4,Sheltered
2023_PALM_OS4_1,30/01/2023,2023,2023,OS4,1,5,6,1,1,1,Sheltered
2023_PALM_OS4_2,30/01/2023,2023,2023,OS4,2,5,6,1.2,1,1.2,Sheltered
2023_PALM_OS4_3,30/01/2023,2023,2023,OS4,3,6,6,1.2,1,1.2,Sheltered
2023_PALM_OS4_4,30/01/2023,2023,2023,OS4,4,6,6.6,1.2,1,1.2,Sheltered
2023_PALM_OS4_5,30/01/2023,2023,2023,OS4,5,6,6.5,1,1,1,Sheltered
2023_PALM_PE6_1,31/01/2023,2023,2023,PE6,1,8,8,6.72,1.6,4.2,Exposed
2023_PALM_PE6_2,31/01/2023,2023,2023,PE6,2,8,7.7,6.08,1.6,3.8,Exposed
2023_PALM_PE6_3,31/01/2023,2023,2023,PE6,3,8,7.8,7.56,1.8,4.2,Exposed
2023_PALM_PE6_4,31/01/2023,2023,2023,PE6,4,8,8,10.08,2.4,4.2,Exposed
2023_PALM_PE6_5,31/01/2023,2023,2023,PE6,5,8,8,10.08,2.4,4.2,Exposed
2023_PALM_PE4_1,31/01/2023,2023,2023,PE4,1,10,8,9.12,2.4,3.8,Exposed
2023_PALM_PE4_2,31/01/2023,2023,2023,PE4,2,10,8,8.84,2.6,3.4,Exposed
2023_PALM_PE4_3,31/01/2023,2023,2023,PE4,3,10,8,9.24,2.2,4.2,Exposed
2023_PALM_PE4_4,31/01/2023,2023,2023,PE4,4,10,8,10.12,2.2,4.6,Exposed
2023_PALM_PE4_5,31/01/2023,2023,2023,PE4,5,10,8,11.04,2.4,4.6,Exposed
2023_PALM_PE2_1,31/01/2023,2023,2023,PE2,1,15,7.5,10.08,2.4,4.2,Exposed
2023_PALM_PE2_2,31/01/2023,2023,2023,PE2,2,15,8,10.92,2.6,4.2,Exposed
2023_PALM_PE2_3,31/01/2023,2023,2023,PE2,3,15,7.5,9.88,2.6,3.8,Exposed
2023_PALM_PE2_4,31/01/2023,2023,2023,PE2,4,15,8,9.24,2.2,4.2,Exposed
2023_PALM_PE2_5,31/01/2023,2023,2023,PE2,5,15,8.2,8.4,2,4.2,Exposed
2023_PALM_PE3_1,31/01/2023,2023,2023,PE3,1,12,8.6,10.08,2.4,4.2,Exposed
2023_PALM_PE3_2,31/01/2023,2023,2023,PE3,2,12,8,11.4,3.8,3,Exposed
2023_PALM_PE3_3,31/01/2023,2023,2023,PE3,3,12,7.5,10.92,4.2,2.6,Exposed
2023_PALM_PE3_4,31/01/2023,2023,2023,PE3,4,10,8.5,14.28,3.4,4.2,Exposed
2023_PALM_PE3_5,31/01/2023,2023,2023,PE3,5,10,8,17,3.4,5,Exposed
2023_PALM_OE4_1,1/02/2023,2023,2023,OE4,1,15,6,17.64,4.2,4.2,Exposed
2023_PALM_OE4_2,1/02/2023,2023,2023,OE4,2,15,6.5,17.48,4.6,3.8,Exposed
2023_PALM_OE4_3,1/02/2023,2023,2023,OE4,3,15,8,15.96,4.2,3.8,Exposed
2023_PALM_OE4_4,1/02/2023,2023,2023,OE4,4,15,6.4,11.56,3.4,3.4,Exposed
2023_PALM_OE4_5,1/02/2023,2023,2023,OE4,5,10,7,10.64,3.8,2.8,Exposed
2023_PALM_OE5_1,1/02/2023,2023,2023,OE5,1,10,6,10.12,2.2,4.6,Exposed
2023_PALM_OE5_2,1/02/2023,2023,2023,OE5,2,10,6.5,8.28,1.8,4.6,Exposed
2023_PALM_OE5_3,1/02/2023,2023,2023,OE5,3,10,8,9.24,2.2,4.2,Exposed
2023_PALM_OE5_4,1/02/2023,2023,2023,OE5,4,12,6.5,19,3.8,5,Exposed
2023_PALM_OE5_5,1/02/2023,2023,2023,OE5,5,12,6.8,17,3.4,5,Exposed
2023_PALM_OE6_1,1/02/2023,2023,2023,OE6,1,12,6.1,11.56,3.4,3.4,Exposed
2023_PALM_OE6_2,1/02/2023,2023,2023,OE6,2,12,8,17.64,4.2,4.2,Exposed
2023_PALM_OE6_3,1/02/2023,2023,2023,OE6,3,12,7.2,11.76,2.8,4.2,Exposed
2023_PALM_OE6_4,1/02/2023,2023,2023,OE6,4,12,6.5,15.64,3.4,4.6,Exposed
2023_PALM_OE6_5,1/02/2023,2023,2023,OE6,5,12,6.6,17,3.4,5,Exposed
2023_PALM_OE3_1,2/02/2023,2023,2023,OE3,1,4,6.8,3.36,1.2,2.8,Exposed
2023_PALM_OE3_2,2/02/2023,2023,2023,OE3,2,4,7,4.2,1.4,3,Exposed
2023_PALM_OE3_3,2/02/2023,2023,2023,OE3,3,4,8.2,3.12,1.2,2.6,Exposed
2023_PALM_OE3_4,2/02/2023,2023,2023,OE3,4,6,6.5,4.08,1.2,3.4,Exposed
2023_PALM_OE3_5,2/02/2023,2023,2023,OE3,5,6,6.7,3.2,1,3.2,Exposed
2023_PALM_OE2_1,2/02/2023,2023,2023,OE2,1,5,6,2.2,1,2.2,Exposed
2023_PALM_OE2_2,2/02/2023,2023,2023,OE2,2,5,6.7,4.76,1.4,3.4,Exposed
2023_PALM_OE2_3,2/02/2023,2023,2023,OE2,3,6,6.5,3.6,1.2,3,Exposed
2023_PALM_OE2_4,2/02/2023,2023,2023,OE2,4,5,7.5,5.2,2,2.6,Exposed
2023_PALM_OE2_5,2/02/2023,2023,2023,OE2,5,5,7.8,2.88,1.6,1.8,Exposed
2023_PALM_OE1_1,2/02/2023,2023,2023,OE1,1,5,6,2.2,1,2.2,Exposed
2023_PALM_OE1_2,2/02/2023,2023,2023,OE1,2,5,5.7,2.4,1,2.4,Exposed
2023_PALM_OE1_3,2/02/2023,2023,2023,OE1,3,5,5.2,2.4,1,2.4,Exposed
2023_PALM_OE1_4,2/02/2023,2023,2023,OE1,4,6,7,3.36,1.2,2.8,Exposed
2023_PALM_OE1_5,2/02/2023,2023,2023,OE1,5,6,6,3.12,1.2,2.6,Exposed
2022_WHITSUNDAY_B4_1,1/10/2022,2022,2022,B4,1,7,4,12.24,3.6,3.4,Exposed
2022_WHITSUNDAY_B4_2,1/10/2022,2022,2022,B4,2,7,5.7,11.56,3.4,3.4,Exposed
2022_WHITSUNDAY_B4_3,1/10/2022,2022,2022,B4,3,7,6,6.16,2.8,2.2,Exposed
2022_WHITSUNDAY_B4_4,1/10/2022,2022,2022,B4,4,7,5,6.24,2.4,2.6,Exposed
2022_WHITSUNDAY_B4_5,1/10/2022,2022,2022,B4,5,7,5.1,8.84,3.4,2.6,Exposed
2022_WHITSUNDAY_B6_1,1/10/2022,2022,2022,B6,1,5,5.2,2,2,1,Semi-exposed
2022_WHITSUNDAY_B6_2,1/10/2022,2022,2022,B6,2,5,5.6,1.4,1,1.4,Semi-exposed
2022_WHITSUNDAY_B6_3,1/10/2022,2022,2022,B6,3,5,6,3.64,1.4,2.6,Semi-exposed
2022_WHITSUNDAY_B6_4,1/10/2022,2022,2022,B6,4,5,5.5,4.4,2,2.2,Semi-exposed
2022_WHITSUNDAY_B6_5,1/10/2022,2022,2022,B6,5,4.5,6.5,7.92,3.6,2.2,Semi-exposed
2022_WHITSUNDAY_B3_1,2/10/2022,2022,2022,B3,1,7,5.5,12.16,3.2,3.8,Exposed
2022_WHITSUNDAY_B3_2,2/10/2022,2022,2022,B3,2,6,5.5,4.16,1.6,2.6,Exposed
2022_WHITSUNDAY_B3_3,2/10/2022,2022,2022,B3,3,6,5.5,7.28,2.6,2.8,Exposed
2022_WHITSUNDAY_B3_4,2/10/2022,2022,2022,B3,4,6,5.5,6.16,2.8,2.2,Exposed
2022_WHITSUNDAY_B3_5,2/10/2022,2022,2022,B3,5,7,6,8.16,2.4,3.4,Exposed
2022_WHITSUNDAY_B2_1,2/10/2022,2022,2022,B2,1,5,6.6,2.4,1.2,2,Sheltered
2022_WHITSUNDAY_B2_2,2/10/2022,2022,2022,B2,2,5,6,3.6,2,1.8,Sheltered
2022_WHITSUNDAY_B2_3,2/10/2022,2022,2022,B2,3,5,5.5,2.88,1.6,1.8,Sheltered
2022_WHITSUNDAY_B2_4,2/10/2022,2022,2022,B2,4,5,6,2.88,1.2,2.4,Sheltered
2022_WHITSUNDAY_B2_5,2/10/2022,2022,2022,B2,5,5,5.5,2.64,1.2,2.2,Sheltered
2022_WHITSUNDAY_HB2_1,2/10/2022,2022,2022,HB2,1,4,6.5,5.32,3.8,1.4,Exposed
2022_WHITSUNDAY_HB2_2,2/10/2022,2022,2022,HB2,2,4,6.5,4.48,3.2,1.4,Exposed
2022_WHITSUNDAY_HB2_3,2/10/2022,2022,2022,HB2,3,4,6.5,5.12,3.2,1.6,Exposed
2022_WHITSUNDAY_HB2_4,2/10/2022,2022,2022,HB2,4,4,6.1,5.76,3.2,1.8,Exposed
2022_WHITSUNDAY_HB2_5,2/10/2022,2022,2022,HB2,5,4,6,2.88,1.8,1.6,Exposed
2022_WHITSUNDAY_HB1_1,3/10/2022,2022,2022,HB1,1,7,5.5,4.2,1.4,3,Exposed
2022_WHITSUNDAY_HB1_2,3/10/2022,2022,2022,HB1,2,6,6,9.12,2.4,3.8,Exposed
2022_WHITSUNDAY_HB1_3,3/10/2022,2022,2022,HB1,3,6,6.2,3,1,3,Exposed
2022_WHITSUNDAY_HB1_4,3/10/2022,2022,2022,HB1,4,7,6.5,3.6,1,3.6,Exposed
2022_WHITSUNDAY_HB1_5,3/10/2022,2022,2022,HB1,5,7,5,4.56,1.2,3.8,Exposed
2022_WHITSUNDAY_W1_1,3/10/2022,2022,2022,W1,1,6,5,7.28,2.6,2.8,Semi-exposed
2022_WHITSUNDAY_W1_2,3/10/2022,2022,2022,W1,2,6,7,7.2,3,2.4,Semi-exposed
2022_WHITSUNDAY_W1_3,3/10/2022,2022,2022,W1,3,6,6,9.12,3.8,2.4,Semi-exposed
2022_WHITSUNDAY_W1_4,3/10/2022,2022,2022,W1,4,6,6,6.8,3.4,2,Semi-exposed
2022_WHITSUNDAY_W1_5,3/10/2022,2022,2022,W1,5,5,6,5.76,3.2,1.8,Semi-exposed
2022_WHITSUNDAY_HY3_1,3/10/2022,2022,2022,HY3,1,7,5.5,10.08,2.4,4.2,Sheltered
2022_WHITSUNDAY_HY3_2,3/10/2022,2022,2022,HY3,2,7,6,9.52,2.8,3.4,Sheltered
2022_WHITSUNDAY_HY3_3,3/10/2022,2022,2022,HY3,3,6,6,12,2.4,5,Sheltered
2022_WHITSUNDAY_HY3_4,3/10/2022,2022,2022,HY3,4,6,6.5,6.76,2.6,2.6,Sheltered
2022_WHITSUNDAY_HY3_5,3/10/2022,2022,2022,HY3,5,6,7,7.6,2,3.8,Sheltered
2022_WHITSUNDAY_BL1_1,4/10/2022,2022,2022,BL1,1,7,7.5,5.32,1.4,3.8,Semi-exposed
2022_WHITSUNDAY_BL1_2,4/10/2022,2022,2022,BL1,2,7,7.9,9.6,3,3.2,Semi-exposed
2022_WHITSUNDAY_BL1_3,4/10/2022,2022,2022,BL1,3,7,7.2,10.2,3,3.4,Semi-exposed
2022_WHITSUNDAY_BL1_4,4/10/2022,2022,2022,BL1,4,7,7,7.2,2.4,3,Semi-exposed
2022_WHITSUNDAY_BL1_5,4/10/2022,2022,2022,BL1,5,7,7.7,6.76,2.6,2.6,Semi-exposed
2022_WHITSUNDAY_BL2_1,4/10/2022,2022,2022,BL2,1,6,6.5,2.6,1,2.6,Sheltered
2022_WHITSUNDAY_BL2_2,4/10/2022,2022,2022,BL2,2,6,8,3.12,1.2,2.6,Sheltered
2022_WHITSUNDAY_BL2_3,4/10/2022,2022,2022,BL2,3,6,8,4.56,1.2,3.8,Sheltered
2022_WHITSUNDAY_BL2_4,4/10/2022,2022,2022,BL2,4,5,6,6.08,1.6,3.8,Sheltered
2022_WHITSUNDAY_BL2_5,4/10/2022,2022,2022,BL2,5,5,7,3.64,1.4,2.6,Sheltered
2022_WHITSUNDAY_L1_1,4/10/2022,2022,2022,L1,1,6,6.5,5.76,2.4,2.4,Sheltered
2022_WHITSUNDAY_L1_2,4/10/2022,2022,2022,L1,2,5,8,9.52,3.4,2.8,Sheltered
2022_WHITSUNDAY_L1_3,4/10/2022,2022,2022,L1,3,5,8,6.4,2,3.2,Sheltered
2022_WHITSUNDAY_L1_4,4/10/2022,2022,2022,L1,4,5,5,4.68,1.8,2.6,Sheltered
2022_WHITSUNDAY_L1_5,4/10/2022,2022,2022,L1,5,5,6,7.84,2.8,2.8,Sheltered
2022_WHITSUNDAY_HW1_1,5/10/2022,2022,2022,HW1,1,10,7,6.8,2,3.4,Sheltered
2022_WHITSUNDAY_HW1_2,5/10/2022,2022,2022,HW1,2,10,6,6.4,2,3.2,Sheltered
2022_WHITSUNDAY_HW1_3,5/10/2022,2022,2022,HW1,3,10,7,8.4,2,4.2,Sheltered
2022_WHITSUNDAY_HW1_4,5/10/2022,2022,2022,HW1,4,10,7,7.6,2,3.8,Sheltered
2022_WHITSUNDAY_HW1_5,5/10/2022,2022,2022,HW1,5,10,7,7.48,2.2,3.4,Sheltered
2022_WHITSUNDAY_HW3_1,5/10/2022,2022,2022,HW3,1,7,7.2,12.16,3.8,3.2,Sheltered
2022_WHITSUNDAY_HW3_2,5/10/2022,2022,2022,HW3,2,7,7.8,4.8,2,2.4,Sheltered
2022_WHITSUNDAY_HW3_3,5/10/2022,2022,2022,HW3,3,7,7.5,4.8,1.6,3,Sheltered
2022_WHITSUNDAY_HW3_4,5/10/2022,2022,2022,HW3,4,7,6.5,6.16,2.8,2.2,Sheltered
2022_WHITSUNDAY_HW3_5,5/10/2022,2022,2022,HW3,5,7,7,6.6,2.2,3,Sheltered
2022_WHITSUNDAY_HW2_1,5/10/2022,2022,2022,HW2,1,6,6.5,3.12,1.2,2.6,Sheltered
2022_WHITSUNDAY_HW2_2,5/10/2022,2022,2022,HW2,2,6,8,2.6,1,2.6,Sheltered
2022_WHITSUNDAY_HW2_3,5/10/2022,2022,2022,HW2,3,6,8,3.84,1.2,3.2,Sheltered
2022_WHITSUNDAY_HW2_4,5/10/2022,2022,2022,HW2,4,6,5.6,1.4,1,1.4,Sheltered
2022_WHITSUNDAY_HW2_5,5/10/2022,2022,2022,HW2,5,6,5,1.2,1,1.2,Sheltered
2022_WHITSUNDAY_HG4_1,6/10/2022,2022,2022,HG4,1,6,6.5,3.08,1.4,2.2,Semi-exposed
2022_WHITSUNDAY_HG4_2,6/10/2022,2022,2022,HG4,2,6,8.5,6,2,3,Semi-exposed
2022_WHITSUNDAY_HG4_3,6/10/2022,2022,2022,HG4,3,7,8,6.6,2.2,3,Semi-exposed
2022_WHITSUNDAY_HG4_4,6/10/2022,2022,2022,HG4,4,9,6.5,2.52,1.4,1.8,Semi-exposed
2022_WHITSUNDAY_HG4_5,6/10/2022,2022,2022,HG4,5,9,8,2.16,1.2,1.8,Semi-exposed
2022_WHITSUNDAY_HG5_1,6/10/2022,2022,2022,HG5,1,9,7.5,5.2,2,2.6,Semi-exposed
2022_WHITSUNDAY_HG5_2,6/10/2022,2022,2022,HG5,2,9,8,10.2,3.4,3,Semi-exposed
2022_WHITSUNDAY_HG5_3,6/10/2022,2022,2022,HG5,3,9,6.5,20,5,4,Semi-exposed
2022_WHITSUNDAY_HG5_4,6/10/2022,2022,2022,HG5,4,5,6.5,3.64,1.4,2.6,Semi-exposed
2022_WHITSUNDAY_HG5_5,6/10/2022,2022,2022,HG5,5,5,7,8.32,2.6,3.2,Semi-exposed
2022_WHITSUNDAY_HG6_1,6/10/2022,2022,2022,HG6,1,5,7.5,3.96,1.8,2.2,Semi-exposed
2022_WHITSUNDAY_HG6_2,6/10/2022,2022,2022,HG6,2,5,7.5,6.72,2.8,2.4,Semi-exposed
2022_WHITSUNDAY_HG6_3,6/10/2022,2022,2022,HG6,3,6,7,19.32,4.6,4.2,Semi-exposed
2022_WHITSUNDAY_HG6_4,6/10/2022,2022,2022,HG6,4,7,8,5.72,2.6,2.2,Semi-exposed
2022_WHITSUNDAY_HG6_5,6/10/2022,2022,2022,HG6,5,7,7,2.52,1.4,1.8,Semi-exposed
2022_WHITSUNDAY_HY2_1,7/10/2022,2022,2022,HY2,1,5,7.5,5.04,1.8,2.8,Semi-exposed
2022_WHITSUNDAY_HY2_2,7/10/2022,2022,2022,HY2,2,5,8,5.2,2,2.6,Semi-exposed
2022_WHITSUNDAY_HY2_3,7/10/2022,2022,2022,HY2,3,5,7.5,2.24,1.4,1.6,Semi-exposed
2022_WHITSUNDAY_HY2_4,7/10/2022,2022,2022,HY2,4,6,7,3.52,1.6,2.2,Semi-exposed
2022_WHITSUNDAY_HY2_5,7/10/2022,2022,2022,HY2,5,6,7.5,4.76,1.4,3.4,Semi-exposed
2022_WHITSUNDAY_HY1_1,7/10/2022,2022,2022,HY1,1,5,7.5,16,5,3.2,Semi-exposed
2022_WHITSUNDAY_HY1_2,7/10/2022,2022,2022,HY1,2,5,7.5,13.2,4.4,3,Semi-exposed
2022_WHITSUNDAY_HY1_3,7/10/2022,2022,2022,HY1,3,5,7.5,12.6,4.2,3,Semi-exposed
2022_WHITSUNDAY_HY1_4,7/10/2022,2022,2022,HY1,4,5,7.5,16,5,3.2,Semi-exposed
2022_WHITSUNDAY_HY1_5,7/10/2022,2022,2022,HY1,5,5,7,14,5,2.8,Semi-exposed
2022_WHITSUNDAY_DB1_1,8/10/2022,2022,2022,DB1,1,6,7.5,1.6,1,1.6,Semi-exposed
2022_WHITSUNDAY_DB1_2,8/10/2022,2022,2022,DB1,2,6,8,1.6,1,1.6,Semi-exposed
2022_WHITSUNDAY_DB1_3,8/10/2022,2022,2022,DB1,3,6,8.5,1.6,1,1.6,Semi-exposed
2022_WHITSUNDAY_DB1_4,8/10/2022,2022,2022,DB1,4,7,7.5,1.4,1,1.4,Semi-exposed
2022_WHITSUNDAY_DB1_5,8/10/2022,2022,2022,DB1,5,7,7.5,1.4,1,1.4,Semi-exposed
2022_WHITSUNDAY_DB2_1,8/10/2022,2022,2022,DB2,1,4,7.3,4.32,1.8,2.4,Semi-exposed
2022_WHITSUNDAY_DB2_2,8/10/2022,2022,2022,DB2,2,5,8,4.84,2.2,2.2,Semi-exposed
2022_WHITSUNDAY_DB2_3,8/10/2022,2022,2022,DB2,3,5,7.5,5.2,2,2.6,Semi-exposed
2022_WHITSUNDAY_DB2_4,8/10/2022,2022,2022,DB2,4,5,8,4.32,1.8,2.4,Semi-exposed
2022_WHITSUNDAY_DB2_5,8/10/2022,2022,2022,DB2,5,5,7.5,6.24,2.6,2.4,Semi-exposed
2022_WHITSUNDAY_W2_1,8/10/2022,2022,2022,W2,1,7,7,2.4,1.2,2,Semi-exposed
2022_WHITSUNDAY_W2_2,8/10/2022,2022,2022,W2,2,7,7,4.32,1.8,2.4,Semi-exposed
2022_WHITSUNDAY_W2_3,8/10/2022,2022,2022,W2,3,6,6.5,6.76,2.6,2.6,Semi-exposed
2022_WHITSUNDAY_W2_4,8/10/2022,2022,2022,W2,4,5,6,4,2,2,Semi-exposed
2022_WHITSUNDAY_W2_5,8/10/2022,2022,2022,W2,5,5,5,6.72,2.4,2.8,Semi-exposed
2022_WHITSUNDAY_W5_1,9/10/2022,2022,2022,W5,1,8,7,1.96,1.4,1.4,Semi-exposed
2022_WHITSUNDAY_W5_2,9/10/2022,2022,2022,W5,2,8,7.5,3.6,2,1.8,Semi-exposed
2022_WHITSUNDAY_W5_3,9/10/2022,2022,2022,W5,3,8,8,3.52,1.6,2.2,Semi-exposed
2022_WHITSUNDAY_W5_4,9/10/2022,2022,2022,W5,4,8,6.5,1.68,1.2,1.4,Semi-exposed
2022_WHITSUNDAY_W5_5,9/10/2022,2022,2022,W5,5,7,7,1.4,1.4,1,Semi-exposed
2022_WHITSUNDAY_W4_1,9/10/2022,2022,2022,W4,1,5,6.5,3.96,1.8,2.2,Semi-exposed
2022_WHITSUNDAY_W4_2,9/10/2022,2022,2022,W4,2,5,6,2.52,1.4,1.8,Semi-exposed
2022_WHITSUNDAY_W4_3,9/10/2022,2022,2022,W4,3,5,6.5,5.28,2.2,2.4,Semi-exposed
2022_WHITSUNDAY_W4_4,9/10/2022,2022,2022,W4,4,7,5,4.2,3,1.4,Semi-exposed
2022_WHITSUNDAY_W4_5,9/10/2022,2022,2022,W4,5,5,6,2.4,1.2,2,Semi-exposed
2022_WHITSUNDAY_W3_1,9/10/2022,2022,2022,W3,1,6,4,3.2,2,1.6,Semi-exposed
2022_WHITSUNDAY_W3_2,9/10/2022,2022,2022,W3,2,6,4,2.56,1.6,1.6,Semi-exposed
2022_WHITSUNDAY_W3_3,9/10/2022,2022,2022,W3,3,7,4,3.6,1.8,2,Semi-exposed
2022_WHITSUNDAY_W3_4,9/10/2022,2022,2022,W3,4,7,5,2.88,1.6,1.8,Semi-exposed
2022_WHITSUNDAY_W3_5,9/10/2022,2022,2022,W3,5,6,5,3.2,2,1.6,Semi-exposed
2022_WHITSUNDAY_HG2_1,10/10/2022,2022,2022,HG2,1,6,6,6.12,3.4,1.8,Semi-exposed
2022_WHITSUNDAY_HG2_2,10/10/2022,2022,2022,HG2,2,10,7.5,8.84,3.4,2.6,Semi-exposed
2022_WHITSUNDAY_HG2_3,10/10/2022,2022,2022,HG2,3,10,8,6,3,2,Semi-exposed
2022_WHITSUNDAY_HG2_4,10/10/2022,2022,2022,HG2,4,10,5,12.92,3.8,3.4,Semi-exposed
2022_WHITSUNDAY_HG2_5,10/10/2022,2022,2022,HG2,5,10,7.5,16.56,3.6,4.6,Semi-exposed
2022_WHITSUNDAY_HG3_1,10/10/2022,2022,2022,HG3,1,8,6.5,7.6,3.8,2,Semi-exposed
2022_WHITSUNDAY_HG3_2,10/10/2022,2022,2022,HG3,2,8,7,10.4,4,2.6,Semi-exposed
2022_WHITSUNDAY_HG3_3,10/10/2022,2022,2022,HG3,3,7,7,12.88,4.6,2.8,Semi-exposed
2022_WHITSUNDAY_HG3_4,10/10/2022,2022,2022,HG3,4,8,8,7.8,3,2.6,Semi-exposed
2022_WHITSUNDAY_HG3_5,10/10/2022,2022,2022,HG3,5,7,7,5.2,2.6,2,Semi-exposed
2022_WHITSUNDAY_HG1_1,11/10/2022,2022,2022,HG1,1,4,7,11.76,2.8,4.2,Semi-exposed
2022_WHITSUNDAY_HG1_2,11/10/2022,2022,2022,HG1,2,4,8,4.08,1.2,3.4,Semi-exposed
2022_WHITSUNDAY_HG1_3,11/10/2022,2022,2022,HG1,3,4,8,4.8,1.6,3,Semi-exposed
2022_WHITSUNDAY_HG1_4,11/10/2022,2022,2022,HG1,4,4,7.3,5.12,1.6,3.2,Semi-exposed
2022_WHITSUNDAY_HG1_5,11/10/2022,2022,2022,HG1,5,4,8.2,6.16,2.2,2.8,Semi-exposed
2022_WHITSUNDAY_B5_1,14/10/2022,2022,2022,B5,1,10,6.3,2.24,1.6,1.4,Semi-exposed
2022_WHITSUNDAY_B5_2,14/10/2022,2022,2022,B5,2,10,7,1.92,1.6,1.2,Semi-exposed
2022_WHITSUNDAY_B5_3,14/10/2022,2022,2022,B5,3,10,6.6,5.4,1.8,3,Semi-exposed
2022_WHITSUNDAY_B5_4,14/10/2022,2022,2022,B5,4,10,7,1.44,1.2,1.2,Semi-exposed
2022_WHITSUNDAY_B5_5,14/10/2022,2022,2022,B5,5,8,6.9,1.6,1,1.6,Semi-exposed
2022_WHITSUNDAY_W6_1,14/10/2022,2022,2022,W6,1,6,7.1,6.24,2.6,2.4,Semi-exposed
2022_WHITSUNDAY_W6_2,14/10/2022,2022,2022,W6,2,6,7.6,4.8,2,2.4,Semi-exposed
2022_WHITSUNDAY_W6_3,14/10/2022,2022,2022,W6,3,5,7.2,6.76,2.6,2.6,Semi-exposed
2022_WHITSUNDAY_W6_4,14/10/2022,2022,2022,W6,4,6,6.7,4,2,2,Semi-exposed
2022_WHITSUNDAY_W6_5,14/10/2022,2022,2022,W6,5,6,6.5,2.52,1.8,1.4,Semi-exposed
2022_WHITSUNDAY_W9_1,14/10/2022,2022,2022,W9,1,8,7.1,1.8,1,1.8,Semi-exposed
2022_WHITSUNDAY_W9_2,14/10/2022,2022,2022,W9,2,8,6.7,1.2,1,1.2,Semi-exposed
2022_WHITSUNDAY_W9_3,14/10/2022,2022,2022,W9,3,8,6.7,2.88,1.2,2.4,Semi-exposed
2022_WHITSUNDAY_W9_4,14/10/2022,2022,2022,W9,4,8,6.3,3.2,1.6,2,Semi-exposed
2022_WHITSUNDAY_W9_5,14/10/2022,2022,2022,W9,5,8,6.1,19.32,4.6,4.2,Semi-exposed
2022_WHITSUNDAY_HB4_1,15/10/2022,2022,2022,HB4,1,12,7,19.32,4.6,4.2,Exposed
2022_WHITSUNDAY_HB4_2,15/10/2022,2022,2022,HB4,2,12,8.6,21.16,4.6,4.6,Exposed
2022_WHITSUNDAY_HB4_3,15/10/2022,2022,2022,HB4,3,12,7.5,14.44,3.8,3.8,Exposed
2022_WHITSUNDAY_HB4_4,15/10/2022,2022,2022,HB4,4,10,7.5,19.32,4.6,4.2,Exposed
2022_WHITSUNDAY_HB4_5,15/10/2022,2022,2022,HB4,5,12,7,11.96,4.6,2.6,Exposed
2022_WHITSUNDAY_HB7_1,15/10/2022,2022,2022,HB7,1,10,6.2,3.52,1.6,2.2,Exposed
2022_WHITSUNDAY_HB7_2,15/10/2022,2022,2022,HB7,2,10,8.1,10.2,3,3.4,Exposed
2022_WHITSUNDAY_HB7_3,15/10/2022,2022,2022,HB7,3,8,8.6,10.4,4,2.6,Exposed
2022_WHITSUNDAY_HB7_4,15/10/2022,2022,2022,HB7,4,8,6.1,3.96,1.8,2.2,Exposed
2022_WHITSUNDAY_HB7_5,15/10/2022,2022,2022,HB7,5,8,5.5,1.44,1.2,1.2,Exposed
2022_WHITSUNDAY_HB3_1,15/10/2022,2022,2022,HB3,1,8,6.5,1.44,1.2,1.2,Sheltered
2022_WHITSUNDAY_HB3_2,15/10/2022,2022,2022,HB3,2,8,6.5,2.88,1.6,1.8,Sheltered
2022_WHITSUNDAY_HB3_3,15/10/2022,2022,2022,HB3,3,8,6.1,1.8,1,1.8,Sheltered
2022_WHITSUNDAY_HB3_4,15/10/2022,2022,2022,HB3,4,8,5.5,2.88,1.6,1.8,Sheltered
2022_WHITSUNDAY_HB3_5,15/10/2022,2022,2022,HB3,5,4,5.7,4.84,2.2,2.2,Sheltered
2022_WHITSUNDAY_HG7_1,15/10/2022,2022,2022,HG7,1,10,7.7,6.76,2.6,2.6,Exposed
2022_WHITSUNDAY_HG7_2,15/10/2022,2022,2022,HG7,2,10,8,5.72,2.2,2.6,Exposed
2022_WHITSUNDAY_HG7_3,15/10/2022,2022,2022,HG7,3,10,7.7,10.08,3.6,2.8,Exposed
2022_WHITSUNDAY_HG7_4,15/10/2022,2022,2022,HG7,4,10,6.5,4.32,2.4,1.8,Exposed
2022_WHITSUNDAY_HG7_5,15/10/2022,2022,2022,HG7,5,10,7.3,9.88,2.6,3.8,Exposed
2022_WHITSUNDAY_HE3_1,16/10/2022,2022,2022,HE3,1,15,8,3.12,1.2,2.6,Exposed
2022_WHITSUNDAY_HE3_2,16/10/2022,2022,2022,HE3,2,15,7.8,3.84,1.6,2.4,Exposed
2022_WHITSUNDAY_HE3_3,16/10/2022,2022,2022,HE3,3,15,7.5,3.6,1,3.6,Exposed
2022_WHITSUNDAY_HE3_4,16/10/2022,2022,2022,HE3,4,15,8.6,3.2,1,3.2,Exposed
2022_WHITSUNDAY_HE3_5,16/10/2022,2022,2022,HE3,5,15,7.2,5.04,1.2,4.2,Exposed
2022_WHITSUNDAY_HE1_1,16/10/2022,2022,2022,HE1,1,15,6.5,7.84,2.8,2.8,Exposed
2022_WHITSUNDAY_HE1_2,16/10/2022,2022,2022,HE1,2,6,7.2,6.16,2.8,2.2,Exposed
2022_WHITSUNDAY_HE1_3,16/10/2022,2022,2022,HE1,3,10,6.5,15.2,4,3.8,Exposed
2022_WHITSUNDAY_HE1_4,16/10/2022,2022,2022,HE1,4,12,7.5,5.28,2.4,2.2,Exposed
2022_WHITSUNDAY_HE1_5,16/10/2022,2022,2022,HE1,5,12,7.1,9.6,3,3.2,Exposed
2022_WHITSUNDAY_HE2_1,16/10/2022,2022,2022,HE2,1,7,7.5,10.64,3.8,2.8,Exposed
2022_WHITSUNDAY_HE2_2,16/10/2022,2022,2022,HE2,2,8,6.5,12.88,4.6,2.8,Exposed
2022_WHITSUNDAY_HE2_3,16/10/2022,2022,2022,HE2,3,8,7.5,15,5,3,Exposed
2022_WHITSUNDAY_HE2_4,16/10/2022,2022,2022,HE2,4,12,6.5,15.64,4.6,3.4,Exposed
2022_WHITSUNDAY_HE2_5,16/10/2022,2022,2022,HE2,5,12,6.5,6.72,2.8,2.4,Exposed
2022_WHITSUNDAY_HB5_1,16/10/2022,2022,2022,HB5,1,7,6.2,1.44,1.2,1.2,Exposed
2022_WHITSUNDAY_HB5_2,16/10/2022,2022,2022,HB5,2,7,7.4,1.2,1,1.2,Exposed
2022_WHITSUNDAY_HB5_3,16/10/2022,2022,2022,HB5,3,7,7.2,4,2,2,Exposed
2022_WHITSUNDAY_HB5_4,16/10/2022,2022,2022,HB5,4,6,6.3,1.2,1.2,1,Exposed
2022_WHITSUNDAY_HB5_5,16/10/2022,2022,2022,HB5,5,6,6.5,2.8,1.4,2,Exposed
2022_WHITSUNDAY_DE1_1,17/10/2022,2022,2022,DE1,1,8,8.5,1.92,1.2,1.6,Exposed
2022_WHITSUNDAY_DE1_2,17/10/2022,2022,2022,DE1,2,8,8.5,3.84,1.6,2.4,Exposed
2022_WHITSUNDAY_DE1_3,17/10/2022,2022,2022,DE1,3,9,8.5,5.2,2,2.6,Exposed
2022_WHITSUNDAY_DE1_4,17/10/2022,2022,2022,DE1,4,8,7.4,1.6,1.6,1,Exposed
2022_WHITSUNDAY_DE1_5,17/10/2022,2022,2022,DE1,5,8,7.5,1.68,1.2,1.4,Exposed
2022_WHITSUNDAY_ESK1_1,17/10/2022,2022,2022,ESK1,1,12,8.5,6.4,1.6,4,Exposed
2022_WHITSUNDAY_ESK1_2,17/10/2022,2022,2022,ESK1,2,12,8.5,3.84,1.2,3.2,Exposed
2022_WHITSUNDAY_ESK1_3,17/10/2022,2022,2022,ESK1,3,12,8.3,5.04,1.2,4.2,Exposed
2022_WHITSUNDAY_ESK1_4,17/10/2022,2022,2022,ESK1,4,12,8.6,5.32,1.4,3.8,Exposed
2022_WHITSUNDAY_ESK1_5,17/10/2022,2022,2022,ESK1,5,12,9,6.08,1.6,3.8,Exposed
2022_WHITSUNDAY_B1_1,17/10/2022,2022,2022,B1,1,10,7.6,1,1,1,Sheltered
2022_WHITSUNDAY_B1_2,17/10/2022,2022,2022,B1,2,10,9.6,1.4,1,1.4,Sheltered
2022_WHITSUNDAY_B1_3,17/10/2022,2022,2022,B1,3,10,8.8,2.52,1.4,1.8,Sheltered
2022_WHITSUNDAY_B1_4,17/10/2022,2022,2022,B1,4,9,8.2,1.68,1.2,1.4,Sheltered
2022_WHITSUNDAY_B1_5,17/10/2022,2022,2022,B1,5,9,9.3,1.68,1.2,1.4,Sheltered
2023_FRANKLAND_N1_1,22/08/2023,2023,2023,N1,1,6,6.5,3.12,1.2,2.6,Exposed
2023_FRANKLAND_N1_2,22/08/2023,2023,2023,N1,2,5,7,2.88,1.2,2.4,Exposed
2023_FRANKLAND_N1_3,22/08/2023,2023,2023,N1,3,6,5.5,3.84,1.2,3.2,Exposed
2023_FRANKLAND_N1_4,22/08/2023,2023,2023,N1,4,6,7,5.12,1.6,3.2,Exposed
2023_FRANKLAND_N1_5,22/08/2023,2023,2023,N1,5,6,7,3.84,1.2,3.2,Exposed
2023_FRANKLAND_N2_1,22/08/2023,2023,2023,N2,1,7,5,4.84,2.2,2.2,Sheltered
2023_FRANKLAND_N2_2,22/08/2023,2023,2023,N2,2,7,5,3.96,1.8,2.2,Sheltered
2023_FRANKLAND_N2_3,22/08/2023,2023,2023,N2,3,7,6,4.8,2,2.4,Sheltered
2023_FRANKLAND_N2_4,22/08/2023,2023,2023,N2,4,6,5,3.96,2.2,1.8,Sheltered
2023_FRANKLAND_N2_5,22/08/2023,2023,2023,N2,5,6,5.5,5.72,2.6,2.2,Sheltered
2023_FRANKLAND_N3_1,22/08/2023,2023,2023,N3,1,5,6,3.96,2.2,1.8,Sheltered
2023_FRANKLAND_N3_2,22/08/2023,2023,2023,N3,2,5,7,5.6,2.8,2,Sheltered
2023_FRANKLAND_N3_3,22/08/2023,2023,2023,N3,3,4,6.5,5.2,2.6,2,Sheltered
2023_FRANKLAND_N3_4,22/08/2023,2023,2023,N3,4,4,6,6.4,3.2,2,Sheltered
2023_FRANKLAND_N3_5,22/08/2023,2023,2023,N3,5,4,5.5,7.04,3.2,2.2,Sheltered
2023_FRANKLAND_N6_1,23/08/2023,2023,2023,N6,1,5,7.8,5.6,2.8,2,Sheltered
2023_FRANKLAND_N6_2,23/08/2023,2023,2023,N6,2,5,9,6.6,3,2.2,Sheltered
2023_FRANKLAND_N6_3,23/08/2023,2023,2023,N6,3,5,9.5,6.4,3.2,2,Sheltered
2023_FRANKLAND_N6_4,23/08/2023,2023,2023,N6,4,6,8,5.04,2.8,1.8,Sheltered
2023_FRANKLAND_N6_5,23/08/2023,2023,2023,N6,5,6,8,7.68,3.2,2.4,Sheltered
2023_FRANKLAND_R1_1,23/08/2023,2023,2023,R1,1,6.5,6,4,2,2,Sheltered
2023_FRANKLAND_R1_2,23/08/2023,2023,2023,R1,2,6.5,6,3.6,1.8,2,Sheltered
2023_FRANKLAND_R1_3,23/08/2023,2023,2023,R1,3,7,6.7,5.76,2.4,2.4,Sheltered
2023_FRANKLAND_R1_4,23/08/2023,2023,2023,R1,4,5,5.5,1.44,1.2,1.2,Sheltered
2023_FRANKLAND_R1_5,23/08/2023,2023,2023,R1,5,6,4.5,3.96,1.8,2.2,Sheltered
2023_FRANKLAND_R2_1,31/08/2023,2023,2023,R2,1,8,7.5,6.16,2.2,2.8,Exposed
2023_FRANKLAND_R2_2,31/08/2023,2023,2023,R2,2,8,7.1,6.4,2,3.2,Exposed
2023_FRANKLAND_R2_3,31/08/2023,2023,2023,R2,3,8,7.5,6.6,2.2,3,Exposed
2023_FRANKLAND_R2_4,31/08/2023,2023,2023,R2,4,8,6.5,5.6,2,2.8,Exposed
2023_FRANKLAND_R2_5,31/08/2023,2023,2023,R2,5,8,6.5,6.16,2.2,2.8,Exposed
2023_FRANKLAND_R3_1,31/08/2023,2023,2023,R3,1,7,7,6,3,2,Sheltered
2023_FRANKLAND_R3_2,31/08/2023,2023,2023,R3,2,7,7,7.04,3.2,2.2,Sheltered
2023_FRANKLAND_R3_3,31/08/2023,2023,2023,R3,3,7,7,6.4,3.2,2,Sheltered
2023_FRANKLAND_R3_4,31/08/2023,2023,2023,R3,4,7,5.5,6.16,2.8,2.2,Sheltered
2023_FRANKLAND_R3_5,31/08/2023,2023,2023,R3,5,7,6.5,4.84,2.2,2.2,Sheltered
2023_FRANKLAND_N5_1,31/08/2023,2023,2023,N5,1,8,6,5.44,1.6,3.4,Exposed
2023_FRANKLAND_N5_2,31/08/2023,2023,2023,N5,2,8,6.5,5.76,1.6,3.6,Exposed
2023_FRANKLAND_N5_3,31/08/2023,2023,2023,N5,3,8,6,4.76,1.4,3.4,Exposed
2023_FRANKLAND_N5_4,31/08/2023,2023,2023,N5,4,8,6,3.36,1.4,2.4,Exposed
2023_FRANKLAND_N5_5,31/08/2023,2023,2023,N5,5,8,5,4.48,1.4,3.2,Exposed
2023_FRANKLAND_N4_1,31/08/2023,2023,2023,N4,1,7,7,5.44,1.6,3.4,Exposed
2023_FRANKLAND_N4_2,31/08/2023,2023,2023,N4,2,7,6,6.48,1.8,3.6,Exposed
2023_FRANKLAND_N4_3,31/08/2023,2023,2023,N4,3,7,7,5.76,1.8,3.2,Exposed
2023_FRANKLAND_N4_4,31/08/2023,2023,2023,N4,4,7,6.5,3.92,1.4,2.8,Exposed
2023_FRANKLAND_N4_5,31/08/2023,2023,2023,N4,5,7,5,5.12,1.6,3.2,Exposed
2023_FRANKLAND_HI2_1,1/09/2023,2023,2023,HI2,1,5,6,3.52,1.6,2.2,Exposed
2023_FRANKLAND_HI2_2,1/09/2023,2023,2023,HI2,2,5,6,4.4,2.2,2,Exposed
2023_FRANKLAND_HI2_3,1/09/2023,2023,2023,HI2,3,6,7,3.36,1.4,2.4,Exposed
2023_FRANKLAND_HI2_4,1/09/2023,2023,2023,HI2,4,5,5.2,3.64,1.4,2.6,Exposed
2023_FRANKLAND_HI2_5,1/09/2023,2023,2023,HI2,5,5,7,3.92,1.4,2.8,Exposed
2023_FRANKLAND_HI3_1,1/09/2023,2023,2023,HI3,1,4,5,6.6,3,2.2,Sheltered
2023_FRANKLAND_HI3_2,1/09/2023,2023,2023,HI3,2,4,4.5,9.6,4,2.4,Sheltered
2023_FRANKLAND_HI3_3,1/09/2023,2023,2023,HI3,3,4,4.3,9.68,4.4,2.2,Sheltered
2023_FRANKLAND_HI3_4,1/09/2023,2023,2023,HI3,4,4,5,9.24,4.2,2.2,Sheltered
2023_FRANKLAND_HI3_5,1/09/2023,2023,2023,HI3,5,4,5,10.08,4.2,2.4,Sheltered
2023_FRANKLAND_HI1_1,1/09/2023,2023,2023,HI1,1,4,4,7.48,3.4,2.2,Sheltered
2023_FRANKLAND_HI1_2,1/09/2023,2023,2023,HI1,2,4,4.5,7.6,3.8,2,Sheltered
2023_FRANKLAND_HI1_3,1/09/2023,2023,2023,HI1,3,4,4,9.12,3.8,2.4,Sheltered
2023_FRANKLAND_HI1_4,1/09/2023,2023,2023,HI1,4,4,5,2.56,1.6,1.6,Sheltered
2023_FRANKLAND_HI1_5,1/09/2023,2023,2023,HI1,5,4,4.3,2.24,1.6,1.4,Sheltered
2023_WHITSUNDAY_HG5_1,25/09/2023,2023,2023,HG5,1,6,7,9.68,4.4,2.2,Semi-exposed
2023_WHITSUNDAY_HG5_2,25/09/2023,2023,2023,HG5,2,6,7,10.64,3.8,2.8,Semi-exposed
2023_WHITSUNDAY_HG5_3,25/09/2023,2023,2023,HG5,3,6,6,15.36,4.8,3.2,Semi-exposed
2023_WHITSUNDAY_HG5_4,25/09/2023,2023,2023,HG5,4,6,6,10.64,3.8,2.8,Semi-exposed
2023_WHITSUNDAY_HG5_5,25/09/2023,2023,2023,HG5,5,6,7,6.48,3.6,1.8,Semi-exposed
2023_WHITSUNDAY_HG6_1,25/09/2023,2023,2023,HG6,1,5,7,7.68,3.2,2.4,Semi-exposed
2023_WHITSUNDAY_HG6_2,25/09/2023,2023,2023,HG6,2,5,7,8.16,3.4,2.4,Semi-exposed
2023_WHITSUNDAY_HG6_3,25/09/2023,2023,2023,HG6,3,5,7,12.88,4.6,2.8,Semi-exposed
2023_WHITSUNDAY_HG6_4,25/09/2023,2023,2023,HG6,4,5,8,4.4,2,2.2,Semi-exposed
2023_WHITSUNDAY_HG6_5,25/09/2023,2023,2023,HG6,5,5,7.5,12.6,4.2,3,Semi-exposed
2023_WHITSUNDAY_HG3_1,26/09/2023,2023,2023,HG3,1,6,7,10.92,4.2,2.6,Semi-exposed
2023_WHITSUNDAY_HG3_2,26/09/2023,2023,2023,HG3,2,6,7,14.72,4.6,3.2,Semi-exposed
2023_WHITSUNDAY_HG3_3,26/09/2023,2023,2023,HG3,3,6,7,9.88,3.8,2.6,Semi-exposed
2023_WHITSUNDAY_HG3_4,26/09/2023,2023,2023,HG3,4,6,7,8.32,2.6,3.2,Semi-exposed
2023_WHITSUNDAY_HG3_5,26/09/2023,2023,2023,HG3,5,6,8,12.16,3.8,3.2,Semi-exposed
2023_WHITSUNDAY_HG2_1,26/09/2023,2023,2023,HG2,1,5,8,10.2,3,3.4,Semi-exposed
2023_WHITSUNDAY_HG2_2,26/09/2023,2023,2023,HG2,2,6,8,10.08,3.6,2.8,Semi-exposed
2023_WHITSUNDAY_HG2_3,26/09/2023,2023,2023,HG2,3,6,7.5,6.76,2.6,2.6,Semi-exposed
2023_WHITSUNDAY_HG2_4,26/09/2023,2023,2023,HG2,4,6,7,12.24,3.4,3.6,Semi-exposed
2023_WHITSUNDAY_HG2_5,26/09/2023,2023,2023,HG2,5,6,8,12.92,3.8,3.4,Semi-exposed
2023_WHITSUNDAY_HG1_1,26/09/2023,2023,2023,HG1,1,6,7,6.4,2,3.2,Semi-exposed
2023_WHITSUNDAY_HG1_2,26/09/2023,2023,2023,HG1,2,6,6.5,6.8,2,3.4,Semi-exposed
2023_WHITSUNDAY_HG1_3,26/09/2023,2023,2023,HG1,3,6,7,5.76,2.4,2.4,Semi-exposed
2023_WHITSUNDAY_HG1_4,26/09/2023,2023,2023,HG1,4,6,7,5.76,1.8,3.2,Semi-exposed
2023_WHITSUNDAY_HG1_5,26/09/2023,2023,2023,HG1,5,6,7.5,8.64,2.4,3.6,Semi-exposed
2023_WHITSUNDAY_HW1_1,27/09/2023,2023,2023,HW1,1,4.5,8,11.52,3.6,3.2,Sheltered
2023_WHITSUNDAY_HW1_2,27/09/2023,2023,2023,HW1,2,5,7.8,10.2,3.4,3,Sheltered
2023_WHITSUNDAY_HW1_3,27/09/2023,2023,2023,HW1,3,4,7.5,10.24,3.2,3.2,Sheltered
2023_WHITSUNDAY_HW1_4,27/09/2023,2023,2023,HW1,4,5,8,11.52,3.6,3.2,Sheltered
2023_WHITSUNDAY_HW1_5,27/09/2023,2023,2023,HW1,5,5,7.5,12.6,4.2,3,Sheltered
2023_WHITSUNDAY_HW3_1,27/09/2023,2023,2023,HW3,1,4,7,11.52,3.6,3.2,Sheltered
2023_WHITSUNDAY_HW3_2,27/09/2023,2023,2023,HW3,2,4,7.5,8.32,3.2,2.6,Sheltered
2023_WHITSUNDAY_HW3_3,27/09/2023,2023,2023,HW3,3,4,7.5,5.2,2.6,2,Sheltered
2023_WHITSUNDAY_HW3_4,27/09/2023,2023,2023,HW3,4,4,7.5,7.8,3,2.6,Sheltered
2023_WHITSUNDAY_HW3_5,27/09/2023,2023,2023,HW3,5,4,7,8.16,3.4,2.4,Sheltered
2023_WHITSUNDAY_HW2_1,27/09/2023,2023,2023,HW2,1,4,5,5.28,2.2,2.4,Sheltered
2023_WHITSUNDAY_HW2_2,27/09/2023,2023,2023,HW2,2,4,6,7.28,2.6,2.8,Sheltered
2023_WHITSUNDAY_HW2_3,27/09/2023,2023,2023,HW2,3,4,6,8.84,3.4,2.6,Sheltered
2023_WHITSUNDAY_HW2_4,27/09/2023,2023,2023,HW2,4,5,5.3,2.52,1.4,1.8,Sheltered
2023_WHITSUNDAY_HW2_5,27/09/2023,2023,2023,HW2,5,5,5,2.24,1.4,1.6,Sheltered
2023_WHITSUNDAY_BL1_1,28/09/2023,2023,2023,BL1,1,5,6.6,11.52,3.2,3.6,Semi-exposed
2023_WHITSUNDAY_BL1_2,28/09/2023,2023,2023,BL1,2,5,7,9.6,3.2,3,Semi-exposed
2023_WHITSUNDAY_BL1_3,28/09/2023,2023,2023,BL1,3,5,8,10.88,3.2,3.4,Semi-exposed
2023_WHITSUNDAY_BL1_4,28/09/2023,2023,2023,BL1,4,5,6.5,8.96,3.2,2.8,Semi-exposed
2023_WHITSUNDAY_BL1_5,28/09/2023,2023,2023,BL1,5,5,6.5,8.84,3.4,2.6,Semi-exposed
2023_WHITSUNDAY_BL2_1,28/09/2023,2023,2023,BL2,1,4,8,7.84,2.8,2.8,Sheltered
2023_WHITSUNDAY_BL2_2,28/09/2023,2023,2023,BL2,2,4,6,8.96,3.2,2.8,Sheltered
2023_WHITSUNDAY_BL2_3,28/09/2023,2023,2023,BL2,3,5,6.6,8.4,2.8,3,Sheltered
2023_WHITSUNDAY_BL2_4,28/09/2023,2023,2023,BL2,4,4,7.7,6.76,2.6,2.6,Sheltered
2023_WHITSUNDAY_BL2_5,28/09/2023,2023,2023,BL2,5,5,7,6.24,2.6,2.4,Sheltered
2023_WHITSUNDAY_L1_1,28/09/2023,2023,2023,L1,1,4,6.5,7.04,3.2,2.2,Sheltered
2023_WHITSUNDAY_L1_2,28/09/2023,2023,2023,L1,2,4,7,10.08,3.6,2.8,Sheltered
2023_WHITSUNDAY_L1_3,28/09/2023,2023,2023,L1,3,4,7,8.36,3.8,2.2,Sheltered
2023_WHITSUNDAY_L1_4,28/09/2023,2023,2023,L1,4,4,7,11.2,4,2.8,Sheltered
2023_WHITSUNDAY_L1_5,28/09/2023,2023,2023,L1,5,4,6.5,6.4,3.2,2,Sheltered
2023_WHITSUNDAY_HY2_1,29/09/2023,2023,2023,HY2,1,4,7,5.72,2.6,2.2,Semi-exposed
2023_WHITSUNDAY_HY2_2,29/09/2023,2023,2023,HY2,2,4,7.5,2.16,1.2,1.8,Semi-exposed
2023_WHITSUNDAY_HY2_3,29/09/2023,2023,2023,HY2,3,4,8,3.2,1.6,2,Semi-exposed
2023_WHITSUNDAY_HY2_4,29/09/2023,2023,2023,HY2,4,4,7,7.68,3.2,2.4,Semi-exposed
2023_WHITSUNDAY_HY2_5,29/09/2023,2023,2023,HY2,5,4,7.5,6.76,2.6,2.6,Semi-exposed
2023_WHITSUNDAY_HY3_1,29/09/2023,2023,2023,HY3,1,4,6,7.8,3,2.6,Sheltered
2023_WHITSUNDAY_HY3_2,29/09/2023,2023,2023,HY3,2,4,6,7.28,2.8,2.6,Sheltered
2023_WHITSUNDAY_HY3_3,29/09/2023,2023,2023,HY3,3,4,6,7.84,2.8,2.8,Sheltered
2023_WHITSUNDAY_HY3_4,29/09/2023,2023,2023,HY3,4,4,6,7.28,2.8,2.6,Sheltered
2023_WHITSUNDAY_HY3_5,29/09/2023,2023,2023,HY3,5,4,6,8.64,3.6,2.4,Sheltered
2023_WHITSUNDAY_W1_1,2/10/2023,2023,2023,W1,1,4,7,5.04,2.8,1.8,Semi-exposed
2023_WHITSUNDAY_W1_2,2/10/2023,2023,2023,W1,2,4,7,6.4,3.2,2,Semi-exposed
2023_WHITSUNDAY_W1_3,2/10/2023,2023,2023,W1,3,4,8,7.6,3.8,2,Semi-exposed
2023_WHITSUNDAY_W1_4,2/10/2023,2023,2023,W1,4,4,6,4.68,2.6,1.8,Semi-exposed
2023_WHITSUNDAY_W1_5,2/10/2023,2023,2023,W1,5,4,5,8.8,4,2.2,Semi-exposed
2023_WHITSUNDAY_HB1_1,2/10/2023,2023,2023,HB1,1,3,6,8.64,3.6,2.4,Exposed
2023_WHITSUNDAY_HB1_2,2/10/2023,2023,2023,HB1,2,3,6,9.6,4,2.4,Exposed
2023_WHITSUNDAY_HB1_3,2/10/2023,2023,2023,HB1,3,3,7,8.84,3.4,2.6,Exposed
2023_WHITSUNDAY_HB1_4,2/10/2023,2023,2023,HB1,4,4,7,7.68,3.2,2.4,Exposed
2023_WHITSUNDAY_HB1_5,2/10/2023,2023,2023,HB1,5,4,7,9.88,3.8,2.6,Exposed
2023_WHITSUNDAY_HB2_1,2/10/2023,2023,2023,HB2,1,5,8,11.96,4.6,2.6,Exposed
2023_WHITSUNDAY_HB2_2,2/10/2023,2023,2023,HB2,2,5,8,10.56,4.4,2.4,Exposed
2023_WHITSUNDAY_HB2_3,2/10/2023,2023,2023,HB2,3,5,8,12.48,4.8,2.6,Exposed
2023_WHITSUNDAY_HB2_4,2/10/2023,2023,2023,HB2,4,5,8,10.92,4.2,2.6,Exposed
2023_WHITSUNDAY_HB2_5,2/10/2023,2023,2023,HB2,5,5,8,10.56,4.8,2.2,Exposed
2023_WHITSUNDAY_W2_1,3/10/2023,2023,2023,W2,1,5,5,8.16,3.4,2.4,Semi-exposed
2023_WHITSUNDAY_W2_2,3/10/2023,2023,2023,W2,2,5,7,6,3,2,Semi-exposed
2023_WHITSUNDAY_W2_3,3/10/2023,2023,2023,W2,3,5,6,7.68,3.2,2.4,Semi-exposed
2023_WHITSUNDAY_W2_4,3/10/2023,2023,2023,W2,4,5,6,9.6,3.2,3,Semi-exposed
2023_WHITSUNDAY_W2_5,3/10/2023,2023,2023,W2,5,5,6,8.32,3.2,2.6,Semi-exposed
2023_WHITSUNDAY_W5_1,3/10/2023,2023,2023,W5,1,6,7,3.2,2,1.6,Semi-exposed
2023_WHITSUNDAY_W5_2,3/10/2023,2023,2023,W5,2,6,7,3.96,2.2,1.8,Semi-exposed
2023_WHITSUNDAY_W5_3,3/10/2023,2023,2023,W5,3,6,8,2.8,2,1.4,Semi-exposed
2023_WHITSUNDAY_W5_4,3/10/2023,2023,2023,W5,4,6,6,5.72,2.6,2.2,Semi-exposed
2023_WHITSUNDAY_W5_5,3/10/2023,2023,2023,W5,5,6,6,3.24,1.8,1.8,Semi-exposed
2023_WHITSUNDAY_W3_1,3/10/2023,2023,2023,W3,1,5,8,6.24,2.4,2.6,Semi-exposed
2023_WHITSUNDAY_W3_2,3/10/2023,2023,2023,W3,2,5,8,6.24,2.4,2.6,Semi-exposed
2023_WHITSUNDAY_W3_3,3/10/2023,2023,2023,W3,3,5,7,8.4,2.8,3,Semi-exposed
2023_WHITSUNDAY_W3_4,3/10/2023,2023,2023,W3,4,5,6,9.6,3,3.2,Semi-exposed
2023_WHITSUNDAY_W3_5,3/10/2023,2023,2023,W3,5,5,7,7.68,3.2,2.4,Semi-exposed
2023_WHITSUNDAY_W4_1,3/10/2023,2023,2023,W4,1,5,6,7.2,3,2.4,Semi-exposed
2023_WHITSUNDAY_W4_2,3/10/2023,2023,2023,W4,2,5,6,7.2,3,2.4,Semi-exposed
2023_WHITSUNDAY_W4_3,3/10/2023,2023,2023,W4,3,5,7,7.84,2.8,2.8,Semi-exposed
2023_WHITSUNDAY_W4_4,3/10/2023,2023,2023,W4,4,4,6.5,5.72,2.2,2.6,Semi-exposed
2023_WHITSUNDAY_W4_5,3/10/2023,2023,2023,W4,5,4,6,6.24,2.6,2.4,Semi-exposed
2023_WHITSUNDAY_HY1_1,4/10/2023,2023,2023,HY1,1,8,7,17,5,3.4,Semi-exposed
2023_WHITSUNDAY_HY1_2,4/10/2023,2023,2023,HY1,2,7,6.5,17.28,4.8,3.6,Semi-exposed
2023_WHITSUNDAY_HY1_3,4/10/2023,2023,2023,HY1,3,7,6.5,15.64,4.6,3.4,Semi-exposed
2023_WHITSUNDAY_HY1_4,4/10/2023,2023,2023,HY1,4,7,6,15.36,4.8,3.2,Semi-exposed
2023_WHITSUNDAY_HY1_5,4/10/2023,2023,2023,HY1,5,7,7,15.36,4.8,3.2,Semi-exposed
2023_WHITSUNDAY_HE3_1,4/10/2023,2023,2023,HE3,1,6,7,6.72,2.8,2.4,Exposed
2023_WHITSUNDAY_HE3_2,4/10/2023,2023,2023,HE3,2,6,7,7.68,3.2,2.4,Exposed
2023_WHITSUNDAY_HE3_3,4/10/2023,2023,2023,HE3,3,6,8,10.88,3.4,3.2,Exposed
2023_WHITSUNDAY_HE3_4,4/10/2023,2023,2023,HE3,4,7,7,5.28,2.2,2.4,Exposed
2023_WHITSUNDAY_HE3_5,4/10/2023,2023,2023,HE3,5,7,6.5,3.6,1.8,2,Exposed
2023_WHITSUNDAY_HE1_1,4/10/2023,2023,2023,HE1,1,6,7,14.4,4,3.6,Exposed
2023_WHITSUNDAY_HE1_2,4/10/2023,2023,2023,HE1,2,6,7,13.44,4.2,3.2,Exposed
2023_WHITSUNDAY_HE1_3,4/10/2023,2023,2023,HE1,3,6,7,10.4,4,2.6,Exposed
2023_WHITSUNDAY_HE1_4,4/10/2023,2023,2023,HE1,4,7,7,10.92,4.2,2.6,Exposed
2023_WHITSUNDAY_HE1_5,4/10/2023,2023,2023,HE1,5,7,8,14.08,4.4,3.2,Exposed
2023_WHITSUNDAY_HG7_1,4/10/2023,2023,2023,HG7,1,7,6,2.24,1.4,1.6,Exposed
2023_WHITSUNDAY_HG7_2,4/10/2023,2023,2023,HG7,2,7,5,7.04,3.2,2.2,Exposed
2023_WHITSUNDAY_HG7_3,4/10/2023,2023,2023,HG7,3,7,7,11.2,4,2.8,Exposed
2023_WHITSUNDAY_HG7_4,4/10/2023,2023,2023,HG7,4,7,7,6.72,2.8,2.4,Exposed
2023_WHITSUNDAY_HG7_5,4/10/2023,2023,2023,HG7,5,7,7.5,7.68,3.2,2.4,Exposed
2023_WHITSUNDAY_HB4_1,5/10/2023,2023,2023,HB4,1,7,7,11,5,2.2,Exposed
2023_WHITSUNDAY_HB4_2,5/10/2023,2023,2023,HB4,2,7,7,9.6,4.8,2,Exposed
2023_WHITSUNDAY_HB4_3,5/10/2023,2023,2023,HB4,3,7,8,9.68,4.4,2.2,Exposed
2023_WHITSUNDAY_HB4_4,5/10/2023,2023,2023,HB4,4,7,7,11,5,2.2,Exposed
2023_WHITSUNDAY_HB4_5,5/10/2023,2023,2023,HB4,5,7,6,7.92,4.4,1.8,Exposed
2023_WHITSUNDAY_HB5_1,5/10/2023,2023,2023,HB5,1,7,7,3.96,2.2,1.8,Exposed
2023_WHITSUNDAY_HB5_2,5/10/2023,2023,2023,HB5,2,7,6,9,3,3,Exposed
2023_WHITSUNDAY_HB5_3,5/10/2023,2023,2023,HB5,3,7,6.5,10.8,3.6,3,Exposed
2023_WHITSUNDAY_HB5_4,5/10/2023,2023,2023,HB5,4,6,5,4.48,2.8,1.6,Exposed
2023_WHITSUNDAY_HB5_5,5/10/2023,2023,2023,HB5,5,6,7,5.72,2.6,2.2,Exposed
2023_WHITSUNDAY_B4_1,5/10/2023,2023,2023,B4,1,10,6,8.64,3.6,2.4,Exposed
2023_WHITSUNDAY_B4_2,5/10/2023,2023,2023,B4,2,10,7,13.8,4.6,3,Exposed
2023_WHITSUNDAY_B4_3,5/10/2023,2023,2023,B4,3,9,8,10.92,4.2,2.6,Exposed
2023_WHITSUNDAY_B4_4,5/10/2023,2023,2023,B4,4,7,7,5.2,2.6,2,Exposed
2023_WHITSUNDAY_B4_5,5/10/2023,2023,2023,B4,5,7,6,8.64,3.6,2.4,Exposed
2023_WHITSUNDAY_B3_1,6/10/2023,2023,2023,B3,1,10,6,16.8,4.2,4,Exposed
2023_WHITSUNDAY_B3_2,6/10/2023,2023,2023,B3,2,10,6,12.92,3.4,3.8,Exposed
2023_WHITSUNDAY_B3_3,6/10/2023,2023,2023,B3,3,10,6,10.88,3.2,3.4,Exposed
2023_WHITSUNDAY_B3_4,6/10/2023,2023,2023,B3,4,12,6,11.2,2.8,4,Exposed
2023_WHITSUNDAY_B3_5,6/10/2023,2023,2023,B3,5,12,6.5,10.4,2.6,4,Exposed
2023_WHITSUNDAY_DB2_1,6/10/2023,2023,2023,DB2,1,8,7,6.72,2.4,2.8,Semi-exposed
2023_WHITSUNDAY_DB2_2,6/10/2023,2023,2023,DB2,2,8,7,6.76,2.6,2.6,Semi-exposed
2023_WHITSUNDAY_DB2_3,6/10/2023,2023,2023,DB2,3,8,7,8.16,2.4,3.4,Semi-exposed
2023_WHITSUNDAY_DB2_4,6/10/2023,2023,2023,DB2,4,8,7,6.6,2.2,3,Semi-exposed
2023_WHITSUNDAY_DB2_5,6/10/2023,2023,2023,DB2,5,7,6.5,10.24,3.2,3.2,Semi-exposed
2023_WHITSUNDAY_DB1_1,6/10/2023,2023,2023,DB1,1,7,6,2.52,1.4,1.8,Semi-exposed
2023_WHITSUNDAY_DB1_2,6/10/2023,2023,2023,DB1,2,7,6,2.16,1.2,1.8,Semi-exposed
2023_WHITSUNDAY_DB1_3,6/10/2023,2023,2023,DB1,3,7,6,2.8,1.4,2,Semi-exposed
2023_WHITSUNDAY_DB1_4,6/10/2023,2023,2023,DB1,4,7,6,3.08,1.4,2.2,Semi-exposed
2023_WHITSUNDAY_DB1_5,6/10/2023,2023,2023,DB1,5,7,5,3.12,1.2,2.6,Semi-exposed
2023_WHITSUNDAY_B2_1,6/10/2023,2023,2023,B2,1,5,6.5,5.4,1.8,3,Sheltered
2023_WHITSUNDAY_B2_2,6/10/2023,2023,2023,B2,2,5,5,4.8,2,2.4,Sheltered
2023_WHITSUNDAY_B2_3,6/10/2023,2023,2023,B2,3,5,7,4.32,2.4,1.8,Sheltered
2023_WHITSUNDAY_B2_4,6/10/2023,2023,2023,B2,4,7,7,4,2,2,Sheltered
2023_WHITSUNDAY_B2_5,6/10/2023,2023,2023,B2,5,7,6,6.24,2.6,2.4,Sheltered
2023_WHITSUNDAY_B5_1,7/10/2023,2023,2023,B5,1,10,7.5,5.76,2.4,2.4,Semi-exposed
2023_WHITSUNDAY_B5_2,7/10/2023,2023,2023,B5,2,12,8,8.32,3.2,2.6,Semi-exposed
2023_WHITSUNDAY_B5_3,7/10/2023,2023,2023,B5,3,10,7,11.56,3.4,3.4,Semi-exposed
2023_WHITSUNDAY_B5_4,7/10/2023,2023,2023,B5,4,10,7,4,2,2,Semi-exposed
2023_WHITSUNDAY_B5_5,7/10/2023,2023,2023,B5,5,10,7,3.6,1.8,2,Semi-exposed
2024_PALM_PE5_1,25/10/2023,2023,2024,PE5,1,5,9.7,7.68,3.2,2.4,Exposed
2024_PALM_PE5_2,25/10/2023,2023,2024,PE5,2,5,9.6,15.12,4.2,3.6,Exposed
2024_PALM_PE5_3,25/10/2023,2023,2024,PE5,3,5,7.8,11.52,3.6,3.2,Exposed
2024_PALM_PE5_4,25/10/2023,2023,2024,PE5,4,7,7,12.16,3.8,3.2,Exposed
2024_PALM_PE5_5,25/10/2023,2023,2024,PE5,5,7,8,12.16,3.8,3.2,Exposed
2024_PALM_PE3_1,25/10/2023,2023,2024,PE3,1,6,8.3,8.16,3.4,2.4,Exposed
2024_PALM_PE3_2,25/10/2023,2023,2024,PE3,2,6,9.7,11.2,4,2.8,Exposed
2024_PALM_PE3_3,25/10/2023,2023,2024,PE3,3,6,9.9,14.72,4.6,3.2,Exposed
2024_PALM_PE3_4,25/10/2023,2023,2024,PE3,4,6,8.6,15.64,4.6,3.4,Exposed
2024_PALM_PE3_5,25/10/2023,2023,2024,PE3,5,6,8.3,15.12,4.2,3.6,Exposed
2024_PALM_PE2_1,25/10/2023,2023,2024,PE2,1,7,6.3,11.52,3.6,3.2,Exposed
2024_PALM_PE2_2,25/10/2023,2023,2024,PE2,2,7,7.8,12.24,3.4,3.6,Exposed
2024_PALM_PE2_3,25/10/2023,2023,2024,PE2,3,5,8.6,15.84,4.4,3.6,Exposed
2024_PALM_PE2_4,25/10/2023,2023,2024,PE2,4,5,5.6,6.72,2.8,2.4,Exposed
2024_PALM_PE2_5,25/10/2023,2023,2024,PE2,5,5,8.4,10.24,3.2,3.2,Exposed
2024_PALM_PE1_1,25/10/2023,2023,2024,PE1,1,6,8.4,8.96,3.2,2.8,Exposed
2024_PALM_PE1_2,25/10/2023,2023,2024,PE1,2,6,8.7,4.8,2.4,2,Exposed
2024_PALM_PE1_3,25/10/2023,2023,2024,PE1,3,9,10,12.92,3.8,3.4,Exposed
2024_PALM_PE1_4,25/10/2023,2023,2024,PE1,4,7,7.1,12.16,3.8,3.2,Exposed
2024_PALM_PE1_5,25/10/2023,2023,2024,PE1,5,7,8.1,6.6,3,2.2,Exposed
2024_PALM_OE4_1,26/10/2023,2023,2024,OE4,1,6,7.5,18.24,4.8,3.8,Exposed
2024_PALM_OE4_2,26/10/2023,2023,2024,OE4,2,6,8.2,13.6,4,3.4,Exposed
2024_PALM_OE4_3,26/10/2023,2023,2024,OE4,3,6,8.3,9.52,3.4,2.8,Exposed
2024_PALM_OE4_4,26/10/2023,2023,2024,OE4,4,5,7.3,12.48,4.8,2.6,Exposed
2024_PALM_OE4_5,26/10/2023,2023,2024,OE4,5,4,9.3,12.48,4.8,2.6,Exposed
2024_PALM_OE6_1,26/10/2023,2023,2024,OE6,1,10,7.2,11.4,3.8,3,Exposed
2024_PALM_OE6_2,26/10/2023,2023,2024,OE6,2,12,8.5,11.52,3.6,3.2,Exposed
2024_PALM_OE6_3,26/10/2023,2023,2024,OE6,3,12,8.5,18.48,4.2,4.4,Exposed
2024_PALM_OE6_4,26/10/2023,2023,2024,OE6,4,10,6.9,14.96,4.4,3.4,Exposed
2024_PALM_OE6_5,26/10/2023,2023,2024,OE6,5,10,9.6,13.6,4,3.4,Exposed
2024_PALM_OE5_1,26/10/2023,2023,2024,OE5,1,10,6.8,13.44,4.2,3.2,Exposed
2024_PALM_OE5_2,26/10/2023,2023,2024,OE5,2,10,6.1,12.92,3.8,3.4,Exposed
2024_PALM_OE5_3,26/10/2023,2023,2024,OE5,3,10,6.2,15.2,4,3.8,Exposed
2024_PALM_OE5_4,26/10/2023,2023,2024,OE5,4,8,8.8,12.16,3.8,3.2,Exposed
2024_PALM_OE5_5,26/10/2023,2023,2024,OE5,5,6,8.6,12,4,3,Exposed
2024_PALM_OE2_1,27/10/2023,2023,2024,OE2,1,5,8.2,8.84,3.4,2.6,Exposed
2024_PALM_OE2_2,27/10/2023,2023,2024,OE2,2,5,9.3,3.6,2,1.8,Exposed
2024_PALM_OE2_3,27/10/2023,2023,2024,OE2,3,5,4.9,10.8,3.6,3,Exposed
2024_PALM_OE2_4,27/10/2023,2023,2024,OE2,4,5,7,7.28,2.6,2.8,Exposed
2024_PALM_OE2_5,27/10/2023,2023,2024,OE2,5,4,6.4,4.4,2.2,2,Exposed
2024_PALM_OE3_1,27/10/2023,2023,2024,OE3,1,5,6.2,7.28,2.6,2.8,Exposed
2024_PALM_OE3_2,27/10/2023,2023,2024,OE3,2,3,8.3,8.84,2.6,3.4,Exposed
2024_PALM_OE3_3,27/10/2023,2023,2024,OE3,3,5,6.9,9.6,3,3.2,Exposed
2024_PALM_OE3_4,27/10/2023,2023,2024,OE3,4,6,5.3,6.76,2.6,2.6,Exposed
2024_PALM_OE3_5,27/10/2023,2023,2024,OE3,5,6,5.8,12.24,3.4,3.6,Exposed
2024_PALM_OE1_1,27/10/2023,2023,2024,OE1,1,4,4.9,8.96,3.2,2.8,Exposed
2024_PALM_OE1_2,27/10/2023,2023,2024,OE1,2,4,4.7,8.84,2.6,3.4,Exposed
2024_PALM_OE1_3,27/10/2023,2023,2024,OE1,3,4,4.6,8.4,3,2.8,Exposed
2024_PALM_OE1_4,27/10/2023,2023,2024,OE1,4,4,5.6,7.8,3,2.6,Exposed
2024_PALM_OE1_5,27/10/2023,2023,2024,OE1,5,4,5.9,9.6,3,3.2,Exposed
2024_PALM_PS5_1,28/10/2023,2023,2024,PS5,1,5,10.5,9.88,3.8,2.6,Sheltered
2024_PALM_PS5_2,28/10/2023,2023,2024,PS5,2,5,9.3,10.2,3.4,3,Sheltered
2024_PALM_PS5_3,28/10/2023,2023,2024,PS5,3,5,9.3,10.64,3.8,2.8,Sheltered
2024_PALM_PS5_4,28/10/2023,2023,2024,PS5,4,5,12.2,14.96,4.4,3.4,Sheltered
2024_PALM_PS5_5,28/10/2023,2023,2024,PS5,5,5,11.4,10.2,3.4,3,Sheltered
2024_PALM_PS3_1,28/10/2023,2023,2024,PS3,1,4,5.9,8.4,3,2.8,Sheltered
2024_PALM_PS3_2,28/10/2023,2023,2024,PS3,2,5,7.3,11.52,3.6,3.2,Sheltered
2024_PALM_PS3_3,28/10/2023,2023,2024,PS3,3,5,7.3,7.04,3.2,2.2,Sheltered
2024_PALM_PS3_4,28/10/2023,2023,2024,PS3,4,3,5.9,10.88,3.4,3.2,Sheltered
2024_PALM_PS3_5,28/10/2023,2023,2024,PS3,5,3,8.1,9.52,3.4,2.8,Sheltered
2024_PALM_OS5_1,28/10/2023,2023,2024,OS5,1,3,6.2,12.16,3.8,3.2,Sheltered
2024_PALM_OS5_2,28/10/2023,2023,2024,OS5,2,3,7.4,9,3,3,Sheltered
2024_PALM_OS5_3,28/10/2023,2023,2024,OS5,3,3,9.9,6.6,3,2.2,Sheltered
2024_PALM_OS5_4,28/10/2023,2023,2024,OS5,4,3,5.9,10.88,3.4,3.2,Sheltered
2024_PALM_OS5_5,28/10/2023,2023,2024,OS5,5,3,8.1,9.52,3.4,2.8,Sheltered
2024_PALM_OS4_1,29/10/2023,2023,2024,OS4,1,3,7.9,1.8,1,1.8,Sheltered
2024_PALM_OS4_2,29/10/2023,2023,2024,OS4,2,3,7.4,2.24,1.4,1.6,Sheltered
2024_PALM_OS4_3,29/10/2023,2023,2024,OS4,3,3,7.3,2,1,2,Sheltered
2024_PALM_OS4_4,29/10/2023,2023,2024,OS4,4,3,7.3,1.6,1,1.6,Sheltered
2024_PALM_OS4_5,29/10/2023,2023,2024,OS4,5,3,6.6,2.64,1.2,2.2,Sheltered
2024_PALM_OS3_1,29/10/2023,2023,2024,OS3,1,3,6.6,3.96,1.8,2.2,Sheltered
2024_PALM_OS3_2,29/10/2023,2023,2024,OS3,2,3,5.8,4.48,1.6,2.8,Sheltered
2024_PALM_OS3_3,29/10/2023,2023,2024,OS3,3,3,4.9,8.84,3.4,2.6,Sheltered
2024_PALM_OS3_4,29/10/2023,2023,2024,OS3,4,3,6.6,9.6,3.2,3,Sheltered
2024_PALM_OS3_5,29/10/2023,2023,2024,OS3,5,3,8.7,7.8,3,2.6,Sheltered
2024_PALM_C5_1,30/10/2023,2023,2024,C5,1,10,7.8,9.52,2.8,3.4,Semi-exposed
2024_PALM_C5_2,30/10/2023,2023,2024,C5,2,10,9.9,5.6,2,2.8,Semi-exposed
2024_PALM_C5_3,30/10/2023,2023,2024,C5,3,10,8.6,5.04,1.8,2.8,Semi-exposed
2024_PALM_C5_4,30/10/2023,2023,2024,C5,4,10,8,7.84,2.8,2.8,Semi-exposed
2024_PALM_C5_5,30/10/2023,2023,2024,C5,5,10,8.5,3.6,2,1.8,Semi-exposed
2024_PALM_C1_1,30/10/2023,2023,2024,C1,1,6,8.1,10.08,3.6,2.8,Sheltered
2024_PALM_C1_2,30/10/2023,2023,2024,C1,2,6,6.8,11.56,3.4,3.4,Sheltered
2024_PALM_C1_3,30/10/2023,2023,2024,C1,3,6,9.4,10.24,3.2,3.2,Sheltered
2024_PALM_C1_4,30/10/2023,2023,2024,C1,4,6,8.1,7.2,3,2.4,Sheltered
2024_PALM_C1_5,30/10/2023,2023,2024,C1,5,6,5.9,8.4,3,2.8,Sheltered
2024_PALM_C2_1,30/10/2023,2023,2024,C2,1,5,8,8.32,3.2,2.6,Sheltered
2024_PALM_C2_2,30/10/2023,2023,2024,C2,2,5,7.8,13.68,3.8,3.6,Sheltered
2024_PALM_C2_3,30/10/2023,2023,2024,C2,3,5,8.4,10.08,3.6,2.8,Sheltered
2024_PALM_C2_4,30/10/2023,2023,2024,C2,4,5,8.3,9.52,3.4,2.8,Sheltered
2024_PALM_C2_5,30/10/2023,2023,2024,C2,5,5,8,9.52,3.4,2.8,Sheltered
2024_PALM_C6_1,31/10/2023,2023,2024,C6,1,10,5.8,4.8,2.4,2,Sheltered
2024_PALM_C6_2,31/10/2023,2023,2024,C6,2,10,8,5.2,2.6,2,Sheltered
2024_PALM_C6_3,31/10/2023,2023,2024,C6,3,10,7.5,7.2,3,2.4,Sheltered
2024_PALM_C6_4,31/10/2023,2023,2024,C6,4,10,5.8,5.72,2.2,2.6,Sheltered
2024_PALM_C6_5,31/10/2023,2023,2024,C6,5,10,6.1,7.84,2.8,2.8,Sheltered
2024_PALM_C3_1,31/10/2023,2023,2024,C3,1,5,7.5,11.4,3.8,3,Sheltered
2024_PALM_C3_2,31/10/2023,2023,2024,C3,2,5,9.7,14.4,4.8,3,Sheltered
2024_PALM_C3_3,31/10/2023,2023,2024,C3,3,5,7.7,12,4,3,Sheltered
2024_PALM_C3_4,31/10/2023,2023,2024,C3,4,4,9.2,10.08,3.6,2.8,Sheltered
2024_PALM_C3_5,31/10/2023,2023,2024,C3,5,4,8,8.16,3.4,2.4,Sheltered
2024_PALM_C4_1,31/10/2023,2023,2024,C4,1,8,10.6,16.72,4.4,3.8,Semi-exposed
2024_PALM_C4_2,31/10/2023,2023,2024,C4,2,9,9.8,19.2,4.8,4,Semi-exposed
2024_PALM_C4_3,31/10/2023,2023,2024,C4,3,9,10.8,11.52,3.6,3.2,Semi-exposed
2024_PALM_C4_4,31/10/2023,2023,2024,C4,4,9,9,15.96,4.2,3.8,Semi-exposed
2024_PALM_C4_5,31/10/2023,2023,2024,C4,5,9,10,18.4,4.6,4,Semi-exposed
2024_PALM_PS6_1,1/11/2023,2023,2024,PS6,1,18,8.5,12.92,3.8,3.4,Semi-exposed
2024_PALM_PS6_2,1/11/2023,2023,2024,PS6,2,18,10,18.48,4.2,4.4,Semi-exposed
2024_PALM_PS6_3,1/11/2023,2023,2024,PS6,3,18,10,17.6,4.4,4,Semi-exposed
2024_PALM_PS6_4,1/11/2023,2023,2024,PS6,4,15,8.4,16.8,4,4.2,Semi-exposed
2024_PALM_PS6_5,1/11/2023,2023,2024,PS6,5,15,9.7,10.88,3.2,3.4,Semi-exposed
2024_PALM_PE6_1,1/11/2023,2023,2024,PE6,1,17,8.7,17.48,3.8,4.6,Exposed
2024_PALM_PE6_2,1/11/2023,2023,2024,PE6,2,17,10,16.72,3.8,4.4,Exposed
2024_PALM_PE6_3,1/11/2023,2023,2024,PE6,3,17,10.6,12.92,3.4,3.8,Exposed
2024_PALM_PE6_4,1/11/2023,2023,2024,PE6,4,15,8.4,22.08,4.6,4.8,Exposed
2024_PALM_PE6_5,1/11/2023,2023,2024,PE6,5,15,8.9,22.08,4.6,4.8,Exposed
2024_PALM_PE4_1,1/11/2023,2023,2024,PE4,1,13,9.5,14.4,4,3.6,Exposed
2024_PALM_PE4_2,1/11/2023,2023,2024,PE4,2,13,10.4,13.6,3.4,4,Exposed
2024_PALM_PE4_3,1/11/2023,2023,2024,PE4,3,13,9.2,18.4,4,4.6,Exposed
2024_PALM_PE4_4,1/11/2023,2023,2024,PE4,4,10,10.4,10.08,3.6,2.8,Exposed
2024_PALM_PE4_5,1/11/2023,2023,2024,PE4,5,10,10.3,15.96,4.2,3.8,Exposed
2024_PALM_PS1_1,2/11/2023,2023,2024,PS1,1,11,9.1,6.6,3,2.2,Sheltered
2024_PALM_PS1_2,2/11/2023,2023,2024,PS1,2,11,7.9,10.24,3.2,3.2,Sheltered
2024_PALM_PS1_3,2/11/2023,2023,2024,PS1,3,11,9.7,12.92,3.4,3.8,Sheltered
2024_PALM_PS1_4,2/11/2023,2023,2024,PS1,4,5,6.6,7.04,3.2,2.2,Sheltered
2024_PALM_PS1_5,2/11/2023,2023,2024,PS1,5,8,10.9,9.6,3.2,3,Sheltered
2024_PALM_OS6_1,2/11/2023,2023,2024,OS6,1,12,5.1,3,1,3,Semi-exposed
2024_PALM_OS6_2,2/11/2023,2023,2024,OS6,2,12,4.7,3.92,1.4,2.8,Semi-exposed
2024_PALM_OS6_3,2/11/2023,2023,2024,OS6,3,12,5.1,4.16,1.6,2.6,Semi-exposed
2024_PALM_OS6_4,2/11/2023,2023,2024,OS6,4,15,5.6,2.8,1,2.8,Semi-exposed
2024_PALM_OS6_5,2/11/2023,2023,2024,OS6,5,16,6.6,6.16,2.2,2.8,Semi-exposed
2024_PALM_PS4_1,2/11/2023,2023,2024,PS4,1,10,6.3,4.4,2.2,2,Sheltered
2024_PALM_PS4_2,2/11/2023,2023,2024,PS4,2,10,7.7,12.92,3.8,3.4,Sheltered
2024_PALM_PS4_3,2/11/2023,2023,2024,PS4,3,10,8.8,13.6,4,3.4,Sheltered
2024_PALM_PS4_4,2/11/2023,2023,2024,PS4,4,10,5.1,12.96,3.6,3.6,Sheltered
2024_PALM_PS4_5,2/11/2023,2023,2024,PS4,5,10,5.1,3.84,1.6,2.4,Sheltered
2024_PALM_OS1_1,3/11/2023,2023,2024,OS1,1,8,5.5,10.2,3,3.4,Sheltered
2024_PALM_OS1_2,3/11/2023,2023,2024,OS1,2,8,6.4,11.52,3.2,3.6,Sheltered
2024_PALM_OS1_3,3/11/2023,2023,2024,OS1,3,8,6.6,10.24,3.2,3.2,Sheltered
2024_PALM_OS1_4,3/11/2023,2023,2024,OS1,4,6,7.8,12.92,3.8,3.4,Sheltered
2024_PALM_OS1_5,3/11/2023,2023,2024,OS1,5,6,8.6,12.16,3.8,3.2,Sheltered
2024_PALM_OS2_1,3/11/2023,2023,2024,OS2,1,8,4.6,6.76,2.6,2.6,Sheltered
2024_PALM_OS2_2,3/11/2023,2023,2024,OS2,2,8,7.2,7.2,2.4,3,Sheltered
2024_PALM_OS2_3,3/11/2023,2023,2024,OS2,3,5,7.6,10.88,3.4,3.2,Sheltered
2024_PALM_OS2_4,3/11/2023,2023,2024,OS2,4,8,5.6,3.84,1.6,2.4,Sheltered
2024_PALM_OS2_5,3/11/2023,2023,2024,OS2,5,8,6.9,3.2,1.6,2,Sheltered
2024_PALM_PS2_1,3/11/2023,2023,2024,PS2,1,8,6.6,14.4,4,3.6,Sheltered
2024_PALM_PS2_2,3/11/2023,2023,2024,PS2,2,8,9.3,8.96,3.2,2.8,Sheltered
2024_PALM_PS2_3,3/11/2023,2023,2024,PS2,3,8,8.6,12.24,3.6,3.4,Sheltered
2024_PALM_PS2_4,3/11/2023,2023,2024,PS2,4,6,8.1,4.8,2.4,2,Sheltered
2024_PALM_PS2_5,3/11/2023,2023,2024,PS2,5,5,6.3,9.52,3.4,2.8,Sheltered
2024_TURTLE_TGB1_1,26/02/2024,2024,2024,TGB1,1,7,5.3,6.4,2,3.2,Exposed
2024_TURTLE_TGB1_2,26/02/2024,2024,2024,TGB1,2,7,5.4,6.8,2,3.4,Exposed
2024_TURTLE_TGB1_3,26/02/2024,2024,2024,TGB1,3,7,6.1,6.8,2,3.4,Exposed
2024_TURTLE_TGB1_4,26/02/2024,2024,2024,TGB1,4,7,5.4,6.24,2.4,2.6,Exposed
2024_TURTLE_TGB1_5,26/02/2024,2024,2024,TGB1,5,7,5.1,8.8,2.2,4,Exposed
2024_TURTLE_TGE1_1,26/02/2024,2024,2024,TGE1,1,8,4.7,5.2,2,2.6,Exposed
2024_TURTLE_TGE1_2,26/02/2024,2024,2024,TGE1,2,8,4.8,7.2,2,3.6,Exposed
2024_TURTLE_TGE1_3,26/02/2024,2024,2024,TGE1,3,8,4.8,5.6,2,2.8,Exposed
2024_TURTLE_TGE1_4,26/02/2024,2024,2024,TGE1,4,9,4.1,11.56,3.4,3.4,Exposed
2024_TURTLE_TGE1_5,26/02/2024,2024,2024,TGE1,5,9,6,10.4,4,2.6,Exposed
2024_TURTLE_TGA1_1,27/02/2024,2024,2024,TGA1,1,14,6.5,4.84,2.2,2.2,Sheltered
2024_TURTLE_TGA1_2,27/02/2024,2024,2024,TGA1,2,13,8.1,6.6,3,2.2,Sheltered
2024_TURTLE_TGA1_3,27/02/2024,2024,2024,TGA1,3,14,6,7.2,3.6,2,Sheltered
2024_TURTLE_TGA1_4,27/02/2024,2024,2024,TGA1,4,12,6.6,4.8,2,2.4,Sheltered
2024_TURTLE_TGA1_5,27/02/2024,2024,2024,TGA1,5,12,6.2,4.4,2,2.2,Sheltered
2024_TURTLE_TGF1_1,27/02/2024,2024,2024,TGF1,1,12,7.2,8.4,3,2.8,Exposed
2024_TURTLE_TGF1_2,27/02/2024,2024,2024,TGF1,2,12,7,11.56,3.4,3.4,Exposed
2024_TURTLE_TGF1_3,27/02/2024,2024,2024,TGF1,3,12,7.9,10.2,3,3.4,Exposed
2024_TURTLE_TGF1_4,27/02/2024,2024,2024,TGF1,4,12,6.8,8.8,4,2.2,Exposed
2024_TURTLE_TGF1_5,27/02/2024,2024,2024,TGF1,5,12,7.5,10.4,4,2.6,Exposed
2024_TURTLE_TGD1_1,27/02/2024,2024,2024,TGD1,1,14,6.9,4.4,2,2.2,Exposed
2024_TURTLE_TGD1_2,27/02/2024,2024,2024,TGD1,2,14,7.3,5.28,2.2,2.4,Exposed
2024_TURTLE_TGD1_3,27/02/2024,2024,2024,TGD1,3,12,8,4.8,2,2.4,Exposed
2024_TURTLE_TGD1_4,27/02/2024,2024,2024,TGD1,4,14,7,9.36,2.6,3.6,Exposed
2024_TURTLE_TGD1_5,27/02/2024,2024,2024,TGD1,5,15,6.5,11.56,3.4,3.4,Exposed
2024_TURTLE_TGC1_1,28/02/2024,2024,2024,TGC1,1,7,6,3.64,2.6,1.4,Exposed
2024_TURTLE_TGC1_2,28/02/2024,2024,2024,TGC1,2,6,7,2.8,2.8,1,Exposed
2024_TURTLE_TGC1_3,28/02/2024,2024,2024,TGC1,3,5.5,7.1,3,3,1,Exposed
2024_TURTLE_TGC1_4,28/02/2024,2024,2024,TGC1,4,7,5.2,6.8,3.4,2,Exposed
2024_TURTLE_TGC1_5,28/02/2024,2024,2024,TGC1,5,8,6.2,6.8,3.4,2,Exposed
2024_TURTLE_TGA2_1,28/02/2024,2024,2024,TGA2,1,7,4.8,3.6,3,1.2,Sheltered
2024_TURTLE_TGA2_2,28/02/2024,2024,2024,TGA2,2,7,5.1,4.4,2,2.2,Sheltered
2024_TURTLE_TGA2_3,28/02/2024,2024,2024,TGA2,3,8,3.6,5.72,2.6,2.2,Sheltered
2024_TURTLE_TGA2_4,28/02/2024,2024,2024,TGA2,4,7,4.4,4.4,2.2,2,Sheltered
2024_TURTLE_TGA2_5,28/02/2024,2024,2024,TGA2,5,7,5.8,4.84,2.2,2.2,Sheltered
2024_TURTLE_TGB2_1,28/02/2024,2024,2024,TGB2,1,7,4.8,3.75,3,1.25,Semi-exposed
2024_TURTLE_TGB2_2,28/02/2024,2024,2024,TGB2,2,8,6,5.6,2.8,2,Semi-exposed
2024_TURTLE_TGB2_3,28/02/2024,2024,2024,TGB2,3,8,5.9,5.04,2.8,1.8,Semi-exposed
2024_TURTLE_TGB2_4,28/02/2024,2024,2024,TGB2,4,5,4.4,2.4,2,1.2,Semi-exposed
2024_TURTLE_TGB2_5,28/02/2024,2024,2024,TGB2,5,5,3.4,3.08,2.2,1.4,Semi-exposed
2024_TURTLE_TGC2_1,29/02/2024,2024,2024,TGC2,1,8,5.8,7.2,2,3.6,Semi-exposed
2024_TURTLE_TGC2_2,29/02/2024,2024,2024,TGC2,2,7,5.7,8.8,2,4.4,Semi-exposed
2024_TURTLE_TGC2_3,29/02/2024,2024,2024,TGC2,3,7,6.1,9.6,2,4.8,Semi-exposed
2024_TURTLE_TGC2_4,29/02/2024,2024,2024,TGC2,4,7,6,9.2,2,4.6,Semi-exposed
2024_TURTLE_TGC2_5,29/02/2024,2024,2024,TGC2,5,6,7.2,7.6,2,3.8,Semi-exposed
2024_TURTLE_TGA3_1,29/02/2024,2024,2024,TGA3,1,7,5.5,5.6,2,2.8,Sheltered
2024_TURTLE_TGA3_2,29/02/2024,2024,2024,TGA3,2,7,5,6,2,3,Sheltered
2024_TURTLE_TGA3_3,29/02/2024,2024,2024,TGA3,3,8,6,7.48,2.2,3.4,Sheltered
2024_TURTLE_TGA3_4,29/02/2024,2024,2024,TGA3,4,7,5.7,5.2,2,2.6,Sheltered
2024_TURTLE_TGA3_5,29/02/2024,2024,2024,TGA3,5,7,5.3,6.8,2,3.4,Sheltered
2024_TURTLE_TGB3_1,29/02/2024,2024,2024,TGB3,1,5,5.8,8.4,2.8,3,Semi-exposed
2024_TURTLE_TGB3_2,29/02/2024,2024,2024,TGB3,2,5,6,6.72,2.4,2.8,Semi-exposed
2024_TURTLE_TGB3_3,29/02/2024,2024,2024,TGB3,3,6,6,5.2,2,2.6,Semi-exposed
2024_TURTLE_TGB3_4,29/02/2024,2024,2024,TGB3,4,5,5.6,10.88,3.2,3.4,Semi-exposed
2024_TURTLE_TGB3_5,29/02/2024,2024,2024,TGB3,5,5,5,11.52,3.2,3.6,Semi-exposed
2024_TURTLE_TGB4_1,3/03/2024,2024,2024,TGB4,1,5,6.7,6,2,3,Exposed
2024_TURTLE_TGB4_2,3/03/2024,2024,2024,TGB4,2,5,5.2,6.4,2,3.2,Exposed
2024_TURTLE_TGB4_3,3/03/2024,2024,2024,TGB4,3,5,6.5,6.8,2,3.4,Exposed
2024_TURTLE_TGB4_4,3/03/2024,2024,2024,TGB4,4,6,6.2,6.8,2,3.4,Exposed
2024_TURTLE_TGB4_5,3/03/2024,2024,2024,TGB4,5,6,6.2,7.2,2,3.6,Exposed
2024_TURTLE_TGF2_1,1/03/2024,2024,2024,TGF2,1,6,6.2,8,2,4,Semi-exposed
2024_TURTLE_TGF2_2,1/03/2024,2024,2024,TGF2,2,4.5,6.9,7.2,2,3.6,Semi-exposed
2024_TURTLE_TGF2_3,1/03/2024,2024,2024,TGF2,3,5,6.2,7.2,2,3.6,Semi-exposed
2024_TURTLE_TGF2_4,1/03/2024,2024,2024,TGF2,4,5,6.4,7.6,2,3.8,Semi-exposed
2024_TURTLE_TGF2_5,1/03/2024,2024,2024,TGF2,5,5,7.3,7.2,2,3.6,Semi-exposed
2024_TURTLE_TGE2_1,3/03/2024,2024,2024,TGE2,1,7,6.4,7.2,2,3.6,Exposed
2024_TURTLE_TGE2_2,3/03/2024,2024,2024,TGE2,2,7,7.1,6.8,2,3.4,Exposed
2024_TURTLE_TGE2_3,3/03/2024,2024,2024,TGE2,3,6,7.5,8,2,4,Exposed
2024_TURTLE_TGE2_4,3/03/2024,2024,2024,TGE2,4,6,5.8,10.4,2.6,4,Exposed
2024_TURTLE_TGE2_5,3/03/2024,2024,2024,TGE2,5,6,6.3,12,3,4,Exposed
2024_TURTLE_TGD2_1,3/03/2024,2024,2024,TGD2,1,6,5.8,6.8,2,3.4,Exposed
2024_TURTLE_TGD2_2,3/03/2024,2024,2024,TGD2,2,6,5.1,7.68,2.4,3.2,Exposed
2024_TURTLE_TGD2_3,3/03/2024,2024,2024,TGD2,3,6,5.8,6.8,2,3.4,Exposed
2024_TURTLE_TGD2_4,3/03/2024,2024,2024,TGD2,4,6,5.9,9.12,2.4,3.8,Exposed
2024_TURTLE_TGD2_5,3/03/2024,2024,2024,TGD2,5,6,5.8,7.2,2,3.6,Exposed
2024_CUMBERLAND_BRY2_1,23/03/2024,2024,2024,BRY2,1,3,4.1,2.52,1.8,1.4,Sheltered
2024_CUMBERLAND_BRY2_2,23/03/2024,2024,2024,BRY2,2,3,4.3,1.96,1.4,1.4,Sheltered
2024_CUMBERLAND_BRY2_3,23/03/2024,2024,2024,BRY2,3,3,4.4,2.24,1.4,1.6,Sheltered
2024_CUMBERLAND_BRY2_4,23/03/2024,2024,2024,BRY2,4,3,4.1,6.6,3,2.2,Sheltered
2024_CUMBERLAND_BRY2_5,23/03/2024,2024,2024,BRY2,5,3,4.3,6.4,3.2,2,Sheltered
2024_CUMBERLAND_BRY1_1,23/03/2024,2024,2024,BRY1,1,3.5,4.2,7.04,3.2,2.2,Sheltered
2024_CUMBERLAND_BRY1_2,23/03/2024,2024,2024,BRY1,2,3.5,7,9.12,3.8,2.4,Sheltered
2024_CUMBERLAND_BRY1_3,23/03/2024,2024,2024,BRY1,3,3.5,7,10.92,4.2,2.6,Sheltered
2024_CUMBERLAND_BRY1_4,23/03/2024,2024,2024,BRY1,4,4,4,4.16,2.6,1.6,Sheltered
2024_CUMBERLAND_BRY1_5,23/03/2024,2024,2024,BRY1,5,3,6,4.68,2.6,1.8,Sheltered
2024_CUMBERLAND_CRG1_1,24/03/2024,2024,2024,CRG1,1,3.5,6,9.36,3.6,2.6,Sheltered
2024_CUMBERLAND_CRG1_2,24/03/2024,2024,2024,CRG1,2,3.5,7,7.84,2.8,2.8,Sheltered
2024_CUMBERLAND_CRG1_3,24/03/2024,2024,2024,CRG1,3,3.5,7,9.52,3.4,2.8,Sheltered
2024_CUMBERLAND_CRG1_4,24/03/2024,2024,2024,CRG1,4,4,6,7.48,3.4,2.2,Sheltered
2024_CUMBERLAND_CRG1_5,24/03/2024,2024,2024,CRG1,5,4,5.5,8.64,3.6,2.4,Sheltered
2024_CUMBERLAND_MG1_1,24/03/2024,2024,2024,MG1,1,4,7,5.76,2.4,2.4,Exposed
2024_CUMBERLAND_MG1_2,24/03/2024,2024,2024,MG1,2,4,6,7.8,3,2.6,Exposed
2024_CUMBERLAND_MG1_3,24/03/2024,2024,2024,MG1,3,4,7.5,8.84,3.4,2.6,Exposed
2024_CUMBERLAND_MG1_4,24/03/2024,2024,2024,MG1,4,4,7,6.76,2.6,2.6,Exposed
2024_CUMBERLAND_MG1_5,24/03/2024,2024,2024,MG1,5,4,7.5,5.2,2.6,2,Exposed
2024_CUMBERLAND_SG3_1,25/03/2024,2024,2024,SG3,1,9,5,8.16,2.4,3.4,Exposed
2024_CUMBERLAND_SG3_2,25/03/2024,2024,2024,SG3,2,9,5,8.84,2.6,3.4,Exposed
2024_CUMBERLAND_SG3_3,25/03/2024,2024,2024,SG3,3,9,5.5,8.96,2.8,3.2,Exposed
2024_CUMBERLAND_SG3_4,25/03/2024,2024,2024,SG3,4,8,6,7.48,2.2,3.4,Exposed
2024_CUMBERLAND_SG3_5,25/03/2024,2024,2024,SG3,5,8,6,5.76,1.8,3.2,Exposed
2024_CUMBERLAND_SG4_1,25/03/2024,2024,2024,SG4,1,6,7.5,6.6,2.2,3,Sheltered
2024_CUMBERLAND_SG4_2,25/03/2024,2024,2024,SG4,2,6,7.5,6.72,2.4,2.8,Sheltered
2024_CUMBERLAND_SG4_3,25/03/2024,2024,2024,SG4,3,6,8,7.28,2.8,2.6,Sheltered
2024_CUMBERLAND_SG4_4,25/03/2024,2024,2024,SG4,4,6,6,6.24,2.4,2.6,Sheltered
2024_CUMBERLAND_SG4_5,25/03/2024,2024,2024,SG4,5,6,7,8.84,2.6,3.4,Sheltered
2024_CUMBERLAND_SG1_1,25/03/2024,2024,2024,SG1,1,7,8,10.24,3.2,3.2,Exposed
2024_CUMBERLAND_SG1_2,25/03/2024,2024,2024,SG1,2,7,8,9,3,3,Exposed
2024_CUMBERLAND_SG1_3,25/03/2024,2024,2024,SG1,3,7,8,12.92,3.8,3.4,Exposed
2024_CUMBERLAND_SG1_4,25/03/2024,2024,2024,SG1,4,7,6,9,3,3,Exposed
2024_CUMBERLAND_SG1_5,25/03/2024,2024,2024,SG1,5,7,7.5,6.72,2.4,2.8,Exposed
2024_CUMBERLAND_SG2_1,26/03/2024,2024,2024,SG2,1,5,7,3.84,1.6,2.4,Sheltered
2024_CUMBERLAND_SG2_2,26/03/2024,2024,2024,SG2,2,5,7.5,4.32,1.8,2.4,Sheltered
2024_CUMBERLAND_SG2_3,26/03/2024,2024,2024,SG2,3,5,7,4.68,1.8,2.6,Sheltered
2024_CUMBERLAND_SG2_4,26/03/2024,2024,2024,SG2,4,6,7,4.2,1.4,3,Sheltered
2024_CUMBERLAND_SG2_5,26/03/2024,2024,2024,SG2,5,6,8,3.12,1.2,2.6,Sheltered
2024_CUMBERLAND_SB2_1,26/03/2024,2024,2024,SB2,1,6,6,7.04,3.2,2.2,Sheltered
2024_CUMBERLAND_SB2_2,26/03/2024,2024,2024,SB2,2,6,5.5,7.48,3.4,2.2,Sheltered
2024_CUMBERLAND_SB2_3,26/03/2024,2024,2024,SB2,3,6,6,9.68,4.4,2.2,Sheltered
2024_CUMBERLAND_SB2_4,26/03/2024,2024,2024,SB2,4,6,6,7.2,3.6,2,Sheltered
2024_CUMBERLAND_SB2_5,26/03/2024,2024,2024,SB2,5,6,6,9.68,4.4,2.2,Sheltered
2024_CUMBERLAND_SB1_1,26/03/2024,2024,2024,SB1,1,5,5.5,7.48,3.4,2.2,Sheltered
2024_CUMBERLAND_SB1_2,26/03/2024,2024,2024,SB1,2,5,5,4.68,2.6,1.8,Sheltered
2024_CUMBERLAND_SB1_3,26/03/2024,2024,2024,SB1,3,5,5,4.8,2.4,2,Sheltered
2024_CUMBERLAND_SB1_4,26/03/2024,2024,2024,SB1,4,5,5,4.4,2.2,2,Sheltered
2024_CUMBERLAND_SB1_5,26/03/2024,2024,2024,SB1,5,5,5,4.84,2.2,2.2,Sheltered
2024_CUMBERLAND_BY2_1,27/03/2024,2024,2024,BY2,1,4,5,3.36,2.4,1.4,Sheltered
2024_CUMBERLAND_BY2_2,27/03/2024,2024,2024,BY2,2,4,5.5,3.08,2.2,1.4,Sheltered
2024_CUMBERLAND_BY2_3,27/03/2024,2024,2024,BY2,3,4,6,4.16,2.6,1.6,Sheltered
2024_CUMBERLAND_BY2_4,27/03/2024,2024,2024,BY2,4,3,5,2.56,1.6,1.6,Sheltered
2024_CUMBERLAND_BY2_5,27/03/2024,2024,2024,BY2,5,3,5,2.16,1.8,1.2,Sheltered
2024_CUMBERLAND_BY1_1,27/03/2024,2024,2024,BY1,1,3.5,7,5.76,3.2,1.8,Exposed
2024_CUMBERLAND_BY1_2,27/03/2024,2024,2024,BY1,2,3.5,8,4.48,2.8,1.6,Exposed
2024_CUMBERLAND_BY1_3,27/03/2024,2024,2024,BY1,3,3.5,7,6.48,3.6,1.8,Exposed
2024_CUMBERLAND_BY1_4,27/03/2024,2024,2024,BY1,4,3.5,7.5,5.6,2.8,2,Exposed
2024_CUMBERLAND_BY1_5,27/03/2024,2024,2024,BY1,5,3.5,7.5,5.2,2.6,2,Exposed
2024_CUMBERLAND_KY1_1,27/03/2024,2024,2024,KY1,1,5,5,1.44,1.2,1.2,Sheltered
2024_CUMBERLAND_KY1_2,27/03/2024,2024,2024,KY1,2,5,5.5,1.44,1.2,1.2,Sheltered
2024_CUMBERLAND_KY1_3,27/03/2024,2024,2024,KY1,3,6,5.5,2.16,1.8,1.2,Sheltered
2024_CUMBERLAND_KY1_4,27/03/2024,2024,2024,KY1,4,6,5,1,1,1,Sheltered
2024_CUMBERLAND_KY1_5,27/03/2024,2024,2024,KY1,5,5,5.5,3.08,1.4,2.2,Sheltered
2024_CUMBERLAND_KG1_1,27/03/2024,2024,2024,KG1,1,4.5,6,3.36,1.4,2.4,Sheltered
2024_CUMBERLAND_KG1_2,27/03/2024,2024,2024,KG1,2,5,5,6,2,3,Sheltered
2024_CUMBERLAND_KG1_3,27/03/2024,2024,2024,KG1,3,4.5,6,4.8,2,2.4,Sheltered
2024_CUMBERLAND_KG1_4,27/03/2024,2024,2024,KG1,4,4,7,3.08,1.4,2.2,Sheltered
2024_CUMBERLAND_KG1_5,27/03/2024,2024,2024,KG1,5,4,6.5,2.16,1.8,1.2,Sheltered
2024_CUMBERLAND_KG2_1,28/03/2024,2024,2024,KG2,1,5,4.5,9.52,2.8,3.4,Sheltered
2024_CUMBERLAND_KG2_2,28/03/2024,2024,2024,KG2,2,5,5,11.4,3,3.8,Sheltered
2024_CUMBERLAND_KG2_3,28/03/2024,2024,2024,KG2,3,5,5,10.08,2.8,3.6,Sheltered
2024_CUMBERLAND_KG2_4,28/03/2024,2024,2024,KG2,4,5,5,8.96,2.8,3.2,Sheltered
2024_CUMBERLAND_KG2_5,28/03/2024,2024,2024,KG2,5,5,4.5,7.84,2.8,2.8,Sheltered
2024_MAGNETIC_AW1_1,12/06/2024,2024,2024,AW1,1,4,4.5,7.28,2.6,2.8,Exposed
2024_MAGNETIC_AW1_2,12/06/2024,2024,2024,AW1,2,4,4,6.76,2.6,2.6,Exposed
2024_MAGNETIC_AW1_3,12/06/2024,2024,2024,AW1,3,4.5,4.5,6.24,2.4,2.6,Exposed
2024_MAGNETIC_AW1_4,12/06/2024,2024,2024,AW1,4,4,4.6,6.76,2.6,2.6,Exposed
2024_MAGNETIC_AW1_5,12/06/2024,2024,2024,AW1,5,4,4,8.32,3.2,2.6,Exposed
2024_MAGNETIC_AW2_1,12/06/2024,2024,2024,AW2,1,5,5,5.72,2.2,2.6,Exposed
2024_MAGNETIC_AW2_2,12/06/2024,2024,2024,AW2,2,5,4.1,3.84,1.6,2.4,Exposed
2024_MAGNETIC_AW2_3,12/06/2024,2024,2024,AW2,3,7,5.5,6.24,2.4,2.6,Exposed
2024_MAGNETIC_AW2_4,12/06/2024,2024,2024,AW2,4,7,4.5,7.2,3,2.4,Exposed
2024_MAGNETIC_AW2_5,12/06/2024,2024,2024,AW2,5,7,4,7.8,3,2.6,Exposed
2024_MAGNETIC_WC1_1,12/06/2024,2024,2024,WC1,1,6,3.5,6,2,3,Exposed
2024_MAGNETIC_WC1_2,12/06/2024,2024,2024,WC1,2,6,4,5.76,2.4,2.4,Exposed
2024_MAGNETIC_WC1_3,12/06/2024,2024,2024,WC1,3,5,5,10.08,3.6,2.8,Exposed
2024_MAGNETIC_WC1_4,12/06/2024,2024,2024,WC1,4,5,4,8.84,3.4,2.6,Exposed
2024_MAGNETIC_WC1_5,12/06/2024,2024,2024,WC1,5,5,4,11.2,4,2.8,Exposed
2024_MAGNETIC_GB2_1,13/06/2024,2024,2024,GB2,1,6,5.2,1.8,1,1.8,Exposed
2024_MAGNETIC_GB2_2,13/06/2024,2024,2024,GB2,2,6,5,2.16,1.2,1.8,Exposed
2024_MAGNETIC_GB2_3,13/06/2024,2024,2024,GB2,3,6,5.5,2.16,1.2,1.8,Exposed
2024_MAGNETIC_GB2_4,13/06/2024,2024,2024,GB2,4,6,5.5,1.8,1,1.8,Exposed
2024_MAGNETIC_GB2_5,13/06/2024,2024,2024,GB2,5,6,5,3.64,1.4,2.6,Exposed
2024_MAGNETIC_NB1_1,13/06/2024,2024,2024,NB1,1,4,4.3,1.6,1,1.6,Exposed
2024_MAGNETIC_NB1_2,13/06/2024,2024,2024,NB1,2,4,3.2,2.64,1.2,2.2,Exposed
2024_MAGNETIC_NB1_3,13/06/2024,2024,2024,NB1,3,4,3.5,2.64,1.2,2.2,Exposed
2024_MAGNETIC_NB1_4,13/06/2024,2024,2024,NB1,4,4,5,2.64,1.2,2.2,Exposed
2024_MAGNETIC_NB1_5,13/06/2024,2024,2024,NB1,5,4,5,2.16,1.2,1.8,Exposed
2024_MAGNETIC_FB1_1,13/06/2024,2024,2024,FB1,1,5,3.7,2,1,2,Exposed
2024_MAGNETIC_FB1_2,13/06/2024,2024,2024,FB1,2,5,4.6,3.2,1.6,2,Exposed
2024_MAGNETIC_FB1_3,13/06/2024,2024,2024,FB1,3,4,6,3.36,1.4,2.4,Exposed
2024_MAGNETIC_FB1_4,13/06/2024,2024,2024,FB1,4,4,4,2.16,1.2,1.8,Exposed
2024_MAGNETIC_FB1_5,13/06/2024,2024,2024,FB1,5,5,3.8,3.08,1.4,2.2,Exposed
2024_MAGNETIC_GOW1_1,15/06/2024,2024,2024,GOW1,1,10,3,5.76,3.2,1.8,Exposed
2024_MAGNETIC_GOW1_2,15/06/2024,2024,2024,GOW1,2,12,2.5,5.6,2,2.8,Exposed
2024_MAGNETIC_GOW1_3,15/06/2024,2024,2024,GOW1,3,10,3,4.48,1.4,3.2,Exposed
2024_MAGNETIC_GOW1_4,15/06/2024,2024,2024,GOW1,4,10,3,3.96,1.8,2.2,Exposed
2024_MAGNETIC_GOW1_5,15/06/2024,2024,2024,GOW1,5,10,2.5,6.72,2.4,2.8,Exposed
2024_MAGNETIC_GB1_1,15/06/2024,2024,2024,GB1,1,6,4.6,1.68,1.4,1.2,Exposed
2024_MAGNETIC_GB1_2,15/06/2024,2024,2024,GB1,2,6,4,3.08,2.2,1.4,Exposed
2024_MAGNETIC_GB1_3,15/06/2024,2024,2024,GB1,3,6,4.2,1.92,1.6,1.2,Exposed
2024_MAGNETIC_GB1_4,15/06/2024,2024,2024,GB1,4,6,5.2,2.52,1.8,1.4,Exposed
2024_MAGNETIC_GB1_5,15/06/2024,2024,2024,GB1,5,6,5.5,2.52,1.8,1.4,Exposed
2024_KEPPEL_GK5_1,31/01/2024,2024,2024,GK5,1,5,7.5,3.2,3.2,1,Semi-exposed
2024_KEPPEL_GK5_2,31/01/2024,2024,2024,GK5,2,5,10,3,3,1,Semi-exposed
2024_KEPPEL_GK5_3,31/01/2024,2024,2024,GK5,3,5,9.6,3,3,1,Semi-exposed
2024_KEPPEL_GK5_4,31/01/2024,2024,2024,GK5,4,5,8.6,2.4,2.4,1,Semi-exposed
2024_KEPPEL_GK5_5,31/01/2024,2024,2024,GK5,5,5,10.3,2.2,2.2,1,Semi-exposed
2024_KEPPEL_GK6_1,31/01/2024,2024,2024,GK6,1,8,8.5,4.8,2,2.4,Semi-exposed
2024_KEPPEL_GK6_2,31/01/2024,2024,2024,GK6,2,8,8.2,4.4,2.2,2,Semi-exposed
2024_KEPPEL_GK6_3,31/01/2024,2024,2024,GK6,3,9,9,4.4,2,2.2,Semi-exposed
2024_KEPPEL_GK6_4,31/01/2024,2024,2024,GK6,4,9,8.5,4,2,2,Semi-exposed
2024_KEPPEL_GK6_5,31/01/2024,2024,2024,GK6,5,10,8.5,4.4,2,2.2,Semi-exposed
2024_KEPPEL_M1_1,1/02/2024,2024,2024,M1,1,7,3.6,1.2,1.2,1,Sheltered
2024_KEPPEL_M1_2,1/02/2024,2024,2024,M1,2,6,4.1,2.16,1.8,1.2,Sheltered
2024_KEPPEL_M1_3,1/02/2024,2024,2024,M1,3,5,4.6,2,2,1,Sheltered
2024_KEPPEL_M1_4,1/02/2024,2024,2024,M1,4,5,3.7,1.44,1.2,1.2,Sheltered
2024_KEPPEL_M1_5,1/02/2024,2024,2024,M1,5,5,4.2,2,2,1,Sheltered
2024_KEPPEL_M4_1,1/02/2024,2024,2024,M4,1,7,4.6,3.6,1.8,2,Sheltered
2024_KEPPEL_M4_2,1/02/2024,2024,2024,M4,2,7,4.5,3.36,1.4,2.4,Sheltered
2024_KEPPEL_M4_3,1/02/2024,2024,2024,M4,3,7,4.2,2.4,1,2.4,Sheltered
2024_KEPPEL_M4_4,1/02/2024,2024,2024,M4,4,7,4.5,3.24,1.8,1.8,Sheltered
2024_KEPPEL_M4_5,1/02/2024,2024,2024,M4,5,7,4.7,3.52,1.6,2.2,Sheltered
2024_KEPPEL_M3_1,1/02/2024,2024,2024,M3,1,5.2,8,5.2,2,2.6,Semi-exposed
2024_KEPPEL_M3_2,1/02/2024,2024,2024,M3,2,5.5,9,4.8,2,2.4,Semi-exposed
2024_KEPPEL_M3_3,1/02/2024,2024,2024,M3,3,5.7,7,4.8,2,2.4,Semi-exposed
2024_KEPPEL_M3_4,1/02/2024,2024,2024,M3,4,5.5,5.5,4.4,2,2.2,Semi-exposed
2024_KEPPEL_M3_5,1/02/2024,2024,2024,M3,5,4.6,7.5,4.8,2,2.4,Semi-exposed
2024_KEPPEL_HU1_1,2/02/2024,2024,2024,HU1,1,5.5,3.8,1.4,1.4,1,Sheltered
2024_KEPPEL_HU1_2,2/02/2024,2024,2024,HU1,2,5,5.9,1.44,1.2,1.2,Sheltered
2024_KEPPEL_HU1_3,2/02/2024,2024,2024,HU1,3,5,5.7,1.68,1.2,1.4,Sheltered
2024_KEPPEL_HU1_4,2/02/2024,2024,2024,HU1,4,5,4.4,1.2,1.2,1,Sheltered
2024_KEPPEL_HU1_5,2/02/2024,2024,2024,HU1,5,5,4.2,1,1,1,Sheltered
2024_KEPPEL_GK7_1,2/02/2024,2024,2024,GK7,1,6,6.7,4.4,2,2.2,Exposed
2024_KEPPEL_GK7_2,2/02/2024,2024,2024,GK7,2,6,7.1,3.6,1.8,2,Exposed
2024_KEPPEL_GK7_3,2/02/2024,2024,2024,GK7,3,6,5.6,2,1,2,Exposed
2024_KEPPEL_GK7_4,2/02/2024,2024,2024,GK7,4,6,6.7,5.28,2.2,2.4,Exposed
2024_KEPPEL_GK7_5,2/02/2024,2024,2024,GK7,5,6,7.5,4.8,2,2.4,Exposed
2024_KEPPEL_MI1_1,2/02/2024,2024,2024,MI1,1,5,10,6.24,2.4,2.6,Semi-exposed
2024_KEPPEL_MI1_2,2/02/2024,2024,2024,MI1,2,5,9.6,7.8,2.6,3,Semi-exposed
2024_KEPPEL_MI1_3,2/02/2024,2024,2024,MI1,3,5,10,6.8,2,3.4,Semi-exposed
2024_KEPPEL_MI1_4,2/02/2024,2024,2024,MI1,4,5,9.5,3.24,1.8,1.8,Semi-exposed
2024_KEPPEL_MI1_5,2/02/2024,2024,2024,MI1,5,5,9.8,4,2,2,Semi-exposed
2024_KEPPEL_EGG1_1,3/02/2024,2024,2024,EGG1,1,9,12,16,5,3.2,Exposed
2024_KEPPEL_EGG1_2,3/02/2024,2024,2024,EGG1,2,8,12,11.44,4.4,2.6,Exposed
2024_KEPPEL_EGG1_3,3/02/2024,2024,2024,EGG1,3,8,15.5,6.76,2.6,2.6,Exposed
2024_KEPPEL_EGG1_4,3/02/2024,2024,2024,EGG1,4,8,10,17,5,3.4,Exposed
2024_KEPPEL_EGG1_5,3/02/2024,2024,2024,EGG1,5,10,10,15,5,3,Exposed
2024_KEPPEL_BA1_1,3/02/2024,2024,2024,BA1,1,12,9.3,3.6,1.8,2,Exposed
2024_KEPPEL_BA1_2,3/02/2024,2024,2024,BA1,2,12,9.6,2.88,1.6,1.8,Exposed
2024_KEPPEL_BA1_3,3/02/2024,2024,2024,BA1,3,12,10.3,3.6,1.8,2,Exposed
2024_KEPPEL_BA1_4,3/02/2024,2024,2024,BA1,4,12,8.8,4,2,2,Exposed
2024_KEPPEL_BA1_5,3/02/2024,2024,2024,BA1,5,12,9.1,6.4,2,3.2,Exposed
2024_KEPPEL_BA2_1,3/02/2024,2024,2024,BA2,1,8,9.2,3.6,1.8,2,Semi-exposed
2024_KEPPEL_BA2_2,3/02/2024,2024,2024,BA2,2,8,9.2,4.32,1.8,2.4,Semi-exposed
2024_KEPPEL_BA2_3,3/02/2024,2024,2024,BA2,3,8,9.1,2.8,1.4,2,Semi-exposed
2024_KEPPEL_BA2_4,3/02/2024,2024,2024,BA2,4,10,9.2,5.76,2.4,2.4,Semi-exposed
2024_KEPPEL_BA2_5,3/02/2024,2024,2024,BA2,5,9,9,6.8,2,3.4,Semi-exposed
2024_KEPPEL_H1_1,4/02/2024,2024,2024,H1,1,10,9.3,6.8,2,3.4,Exposed
2024_KEPPEL_H1_2,4/02/2024,2024,2024,H1,2,10,10,5.72,2.2,2.6,Exposed
2024_KEPPEL_H1_3,4/02/2024,2024,2024,H1,3,10,9.8,10.08,2.8,3.6,Exposed
2024_KEPPEL_H1_4,4/02/2024,2024,2024,H1,4,10,9.3,5.6,2,2.8,Exposed
2024_KEPPEL_H1_5,4/02/2024,2024,2024,H1,5,9,10.5,6.16,2.2,2.8,Exposed
2024_KEPPEL_H2_1,4/02/2024,2024,2024,H2,1,10,9,9.6,3,3.2,Exposed
2024_KEPPEL_H2_2,4/02/2024,2024,2024,H2,2,10,10.1,8.32,2.6,3.2,Exposed
2024_KEPPEL_H2_3,4/02/2024,2024,2024,H2,3,9,10.2,8.84,2.6,3.4,Exposed
2024_KEPPEL_H2_4,4/02/2024,2024,2024,H2,4,10,10.6,6,2,3,Exposed
2024_KEPPEL_H2_5,4/02/2024,2024,2024,H2,5,10,10.8,6.6,2.2,3,Exposed
2024_KEPPEL_M2_1,4/02/2024,2024,2024,M2,1,6,4.1,4.8,3,1.6,Semi-exposed
2024_KEPPEL_M2_2,4/02/2024,2024,2024,M2,2,6,4.4,6,3,2,Semi-exposed
2024_KEPPEL_M2_3,4/02/2024,2024,2024,M2,3,6,4.6,6,3,2,Semi-exposed
2024_KEPPEL_M2_4,4/02/2024,2024,2024,M2,4,6,4.2,5.4,3,1.8,Semi-exposed
2024_KEPPEL_M2_5,4/02/2024,2024,2024,M2,5,6,4.5,3,3,1,Semi-exposed
2024_KEPPEL_GK3_1,5/02/2024,2024,2024,GK3,1,7.5,8.6,5.28,2.4,2.2,Semi-exposed
2024_KEPPEL_GK3_2,5/02/2024,2024,2024,GK3,2,7.5,8.4,5.28,2.2,2.4,Semi-exposed
2024_KEPPEL_GK3_3,5/02/2024,2024,2024,GK3,3,7.5,8.4,5.28,2.2,2.4,Semi-exposed
2024_KEPPEL_GK3_4,5/02/2024,2024,2024,GK3,4,8,7.6,5.28,2.2,2.4,Semi-exposed
2024_KEPPEL_GK3_5,5/02/2024,2024,2024,GK3,5,8,8,4.4,2,2.2,Semi-exposed
2024_KEPPEL_GK4_1,5/02/2024,2024,2024,GK4,1,10,7.5,7.2,2,3.6,Exposed
2024_KEPPEL_GK4_2,5/02/2024,2024,2024,GK4,2,10,8.8,8.4,2,4.2,Exposed
2024_KEPPEL_GK4_3,5/02/2024,2024,2024,GK4,3,10,9.4,9.6,2,4.8,Exposed
2024_KEPPEL_GK4_4,5/02/2024,2024,2024,GK4,4,10,7.9,6.8,2,3.4,Exposed
2024_KEPPEL_GK4_5,5/02/2024,2024,2024,GK4,5,10,6.5,5.6,2,2.8,Exposed
2024_KEPPEL_GK2_1,5/02/2024,2024,2024,GK2,1,10,8,8.4,2,4.2,Exposed
2024_KEPPEL_GK2_2,5/02/2024,2024,2024,GK2,2,10,8.8,7.2,2,3.6,Exposed
2024_KEPPEL_GK2_3,5/02/2024,2024,2024,GK2,3,9.5,9.5,7.48,2.2,3.4,Exposed
2024_KEPPEL_GK2_4,5/02/2024,2024,2024,GK2,4,8,8.3,7.6,2,3.8,Exposed
2024_KEPPEL_GK2_5,5/02/2024,2024,2024,GK2,5,8,9.8,10.12,2.2,4.6,Exposed
2024_KEPPEL_GK1_1,5/02/2024,2024,2024,GK1,1,8,8,7.04,3.2,2.2,Semi-exposed
2024_KEPPEL_GK1_2,5/02/2024,2024,2024,GK1,2,8,9.6,8.4,2.8,3,Semi-exposed
2024_KEPPEL_GK1_3,5/02/2024,2024,2024,GK1,3,8,9.3,6,2,3,Semi-exposed
2024_KEPPEL_GK1_4,5/02/2024,2024,2024,GK1,4,7,8.5,9.6,3,3.2,Semi-exposed
2024_KEPPEL_GK1_5,5/02/2024,2024,2024,GK1,5,7,7.2,12.24,3.4,3.6,Semi-exposed
2024_KEPPEL_NK5_1,6/02/2024,2024,2024,NK5,1,8,10.1,19.2,4,4.8,Exposed
2024_KEPPEL_NK5_2,6/02/2024,2024,2024,NK5,2,8,9.4,20,4,5,Exposed
2024_KEPPEL_NK5_3,6/02/2024,2024,2024,NK5,3,7,8.5,20,4,5,Exposed
2024_KEPPEL_NK5_4,6/02/2024,2024,2024,NK5,4,7,8.2,6.4,2,3.2,Exposed
2024_KEPPEL_NK5_5,6/02/2024,2024,2024,NK5,5,7,7.2,6.6,2.2,3,Exposed
2024_KEPPEL_NK8_1,6/02/2024,2024,2024,NK8,1,8,7.5,7.8,2.6,3,Exposed
2024_KEPPEL_NK8_2,6/02/2024,2024,2024,NK8,2,8,8.3,9.6,3,3.2,Exposed
2024_KEPPEL_NK8_3,6/02/2024,2024,2024,NK8,3,8,8.1,10.2,3,3.4,Exposed
2024_KEPPEL_NK8_4,6/02/2024,2024,2024,NK8,4,8,7.6,10.24,3.2,3.2,Exposed
2024_KEPPEL_NK8_5,6/02/2024,2024,2024,NK8,5,8,8.3,9,3,3,Exposed
2024_KEPPEL_MI2_1,6/02/2024,2024,2024,MI2,1,7,7.4,9,3,3,Exposed
2024_KEPPEL_MI2_2,6/02/2024,2024,2024,MI2,2,8,8,8.4,3,2.8,Exposed
2024_KEPPEL_MI2_3,6/02/2024,2024,2024,MI2,3,8,7.9,9,3,3,Exposed
2024_KEPPEL_MI2_4,6/02/2024,2024,2024,MI2,4,8,7.6,7.84,2.8,2.8,Exposed
2024_KEPPEL_MI2_5,6/02/2024,2024,2024,MI2,5,8,8.5,8.64,3.6,2.4,Exposed
2024_KEPPEL_NK1_1,7/02/2024,2024,2024,NK1,1,8,4.7,2.8,2,1.4,Sheltered
2024_KEPPEL_NK1_2,7/02/2024,2024,2024,NK1,2,7.5,4.5,4.84,2.2,2.2,Sheltered
2024_KEPPEL_NK1_3,7/02/2024,2024,2024,NK1,3,8,5.1,4.8,2,2.4,Sheltered
2024_KEPPEL_NK1_4,7/02/2024,2024,2024,NK1,4,6,4.2,2.16,1.8,1.2,Sheltered
2024_KEPPEL_NK1_5,7/02/2024,2024,2024,NK1,5,6,4,1.96,1.4,1.4,Sheltered
2024_KEPPEL_NK3_1,7/02/2024,2024,2024,NK3,1,5,3.6,4.4,2,2.2,Semi-exposed
2024_KEPPEL_NK3_2,7/02/2024,2024,2024,NK3,2,5,2.9,4.8,2,2.4,Semi-exposed
2024_KEPPEL_NK3_3,7/02/2024,2024,2024,NK3,3,5,2.7,5.2,2,2.6,Semi-exposed
2024_KEPPEL_NK3_4,7/02/2024,2024,2024,NK3,4,5,3.1,4,2,2,Semi-exposed
2024_KEPPEL_NK3_5,7/02/2024,2024,2024,NK3,5,5,3.1,1.96,1.4,1.4,Semi-exposed
2024_KEPPEL_NK2_1,7/02/2024,2024,2024,NK2,1,6,3.9,5.72,2.2,2.6,Sheltered
2024_KEPPEL_NK2_2,7/02/2024,2024,2024,NK2,2,6,4,4.8,2,2.4,Sheltered
2024_KEPPEL_NK2_3,7/02/2024,2024,2024,NK2,3,6,4.1,6.16,2.2,2.8,Sheltered
2024_KEPPEL_NK2_4,7/02/2024,2024,2024,NK2,4,5,4,5.2,2,2.6,Sheltered
2024_KEPPEL_NK2_5,7/02/2024,2024,2024,NK2,5,4,3.5,4.4,2,2.2,Sheltered
2024_KEPPEL_GK8_1,10/02/2024,2024,2024,GK8,1,5,7.4,7.04,2.2,3.2,Semi-exposed
2024_KEPPEL_GK8_2,10/02/2024,2024,2024,GK8,2,5,7.4,7.04,2.2,3.2,Semi-exposed
2024_KEPPEL_GK8_3,10/02/2024,2024,2024,GK8,3,5,8,7.68,2.4,3.2,Semi-exposed
2024_KEPPEL_GK8_4,10/02/2024,2024,2024,GK8,4,5,7.2,8.32,2.6,3.2,Semi-exposed
2024_KEPPEL_GK8_5,10/02/2024,2024,2024,GK8,5,5,7.5,7.2,2.4,3,Semi-exposed
2024_KEPPEL_GK9_1,11/02/2024,2024,2024,GK9,1,4,6.2,7.48,2.2,3.4,Sheltered
2024_KEPPEL_GK9_2,11/02/2024,2024,2024,GK9,2,4,6.5,6,2,3,Sheltered
2024_KEPPEL_GK9_3,11/02/2024,2024,2024,GK9,3,3.5,5.8,6.4,2,3.2,Sheltered
2024_KEPPEL_GK9_4,11/02/2024,2024,2024,GK9,4,4,6.4,8.96,3.2,2.8,Sheltered
2024_KEPPEL_GK9_5,11/02/2024,2024,2024,GK9,5,4,7,10.24,3.2,3.2,Sheltered
1999_WHITSUNDAY_HB1_1,1/11/1999,1999,1999,HB1,1,5,NA,14.44,3.8,3.8,Exposed
1999_WHITSUNDAY_HB1_2,1/11/1999,1999,1999,HB1,2,5,NA,17.6,4.4,4,Exposed
1999_WHITSUNDAY_HB1_3,1/11/1999,1999,1999,HB1,3,5,NA,22.08,4.8,4.6,Exposed
1999_WHITSUNDAY_HB1_4,1/11/1999,1999,1999,HB1,4,5,NA,10.88,3.2,3.4,Exposed
1999_WHITSUNDAY_HB1_5,1/11/1999,1999,1999,HB1,5,5,NA,15.2,3.8,4,Exposed
1999_WHITSUNDAY_HB2_1,2/11/1999,1999,1999,HB2,1,5,NA,11.4,3,3.8,Exposed
1999_WHITSUNDAY_HB2_2,2/11/1999,1999,1999,HB2,2,5,NA,15.12,3.6,4.2,Exposed
1999_WHITSUNDAY_HB2_3,2/11/1999,1999,1999,HB2,3,5,NA,18.48,4.2,4.4,Exposed
1999_WHITSUNDAY_HB2_4,2/11/1999,1999,1999,HB2,4,5,NA,12.92,3.4,3.8,Exposed
1999_WHITSUNDAY_HB2_5,2/11/1999,1999,1999,HB2,5,5,NA,14.4,3.6,4,Exposed
1999_WHITSUNDAY_HB3_1,3/11/1999,1999,1999,HB3,1,5,NA,6.16,2.2,2.8,Sheltered
1999_WHITSUNDAY_HB3_2,3/11/1999,1999,1999,HB3,2,5,NA,9.88,2.6,3.8,Sheltered
1999_WHITSUNDAY_HB3_3,3/11/1999,1999,1999,HB3,3,5,NA,7.28,2.6,2.8,Sheltered
1999_WHITSUNDAY_HB3_4,3/11/1999,1999,1999,HB3,4,5,NA,16.8,4,4.2,Sheltered
1999_WHITSUNDAY_HB3_5,3/11/1999,1999,1999,HB3,5,5,NA,19.36,4.4,4.4,Sheltered
1999_WHITSUNDAY_HB4_1,3/11/1999,1999,1999,HB4,1,4,NA,14.4,4,3.6,Exposed
1999_WHITSUNDAY_HB4_2,3/11/1999,1999,1999,HB4,2,4,NA,8.4,3,2.8,Exposed
1999_WHITSUNDAY_HB4_3,3/11/1999,1999,1999,HB4,3,4,NA,9.6,3,3.2,Exposed
1999_WHITSUNDAY_HB4_4,3/11/1999,1999,1999,HB4,4,4,NA,9,3,3,Exposed
1999_WHITSUNDAY_HB4_5,3/11/1999,1999,1999,HB4,5,4,NA,6.24,2.6,2.4,Exposed
1999_WHITSUNDAY_HB5_1,1/11/1999,1999,1999,HB5,1,10,NA,9,3,3,Exposed
1999_WHITSUNDAY_HB5_2,1/11/1999,1999,1999,HB5,2,10,NA,7.8,3,2.6,Exposed
1999_WHITSUNDAY_HB5_3,1/11/1999,1999,1999,HB5,3,10,NA,4.4,2.2,2,Exposed
1999_WHITSUNDAY_HB5_4,1/11/1999,1999,1999,HB5,4,10,NA,8.4,2.8,3,Exposed
1999_WHITSUNDAY_HB5_5,1/11/1999,1999,1999,HB5,5,10,NA,5.6,2,2.8,Exposed
1999_WHITSUNDAY_HB6_1,2/11/1999,1999,1999,HB6,1,10,NA,7.04,2.2,3.2,Exposed
1999_WHITSUNDAY_HB6_2,2/11/1999,1999,1999,HB6,2,10,NA,6,2,3,Exposed
1999_WHITSUNDAY_HB6_3,2/11/1999,1999,1999,HB6,3,10,NA,13.2,4.4,3,Exposed
1999_WHITSUNDAY_HB6_4,2/11/1999,1999,1999,HB6,4,10,NA,6.4,2,3.2,Exposed
1999_WHITSUNDAY_HB6_5,2/11/1999,1999,1999,HB6,5,10,NA,7.8,2.6,3,Exposed
1999_WHITSUNDAY_W1_1,26/10/1999,1999,1999,W1,1,5,NA,17.6,4.4,4,Semi-exposed
1999_WHITSUNDAY_W1_2,26/10/1999,1999,1999,W1,2,5,NA,20.24,4.4,4.6,Semi-exposed
1999_WHITSUNDAY_W1_3,26/10/1999,1999,1999,W1,3,5,NA,23.04,4.8,4.8,Semi-exposed
1999_WHITSUNDAY_W1_4,26/10/1999,1999,1999,W1,4,5,NA,21.16,4.6,4.6,Semi-exposed
1999_WHITSUNDAY_W1_5,26/10/1999,1999,1999,W1,5,5,NA,11.56,3.4,3.4,Semi-exposed
1999_WHITSUNDAY_W2_1,28/10/1999,1999,1999,W2,1,4,NA,22.08,4.8,4.6,Semi-exposed
1999_WHITSUNDAY_W2_2,28/10/1999,1999,1999,W2,2,4,NA,15.12,4.2,3.6,Semi-exposed
1999_WHITSUNDAY_W2_3,28/10/1999,1999,1999,W2,3,4,NA,14.4,4,3.6,Semi-exposed
1999_WHITSUNDAY_W2_4,28/10/1999,1999,1999,W2,4,4,NA,21.12,4.8,4.4,Semi-exposed
1999_WHITSUNDAY_W2_5,28/10/1999,1999,1999,W2,5,4,NA,21.12,4.4,4.8,Semi-exposed
1999_WHITSUNDAY_W3_1,26/10/1999,1999,1999,W3,1,4,NA,7.2,2.4,3,Semi-exposed
1999_WHITSUNDAY_W3_2,26/10/1999,1999,1999,W3,2,4,NA,7.8,2.6,3,Semi-exposed
1999_WHITSUNDAY_W3_3,26/10/1999,1999,1999,W3,3,4,NA,7.8,2.6,3,Semi-exposed
1999_WHITSUNDAY_W3_4,26/10/1999,1999,1999,W3,4,4,NA,9,3,3,Semi-exposed
1999_WHITSUNDAY_W3_5,26/10/1999,1999,1999,W3,5,4,NA,9.6,3.2,3,Semi-exposed
1999_WHITSUNDAY_W4_1,28/10/1999,1999,1999,W4,1,4,NA,23,5,4.6,Semi-exposed
1999_WHITSUNDAY_W4_2,28/10/1999,1999,1999,W4,2,4,NA,16.8,4,4.2,Semi-exposed
1999_WHITSUNDAY_W4_3,28/10/1999,1999,1999,W4,3,4,NA,12.96,3.6,3.6,Semi-exposed
1999_WHITSUNDAY_W4_4,28/10/1999,1999,1999,W4,4,4,NA,20.24,4.4,4.6,Semi-exposed
1999_WHITSUNDAY_W4_5,28/10/1999,1999,1999,W4,5,4,NA,7.2,2.4,3,Semi-exposed
1999_WHITSUNDAY_W5_1,27/10/1999,1999,1999,W5,1,5,NA,14.44,3.8,3.8,Semi-exposed
1999_WHITSUNDAY_W5_2,27/10/1999,1999,1999,W5,2,5,NA,17.48,3.8,4.6,Semi-exposed
1999_WHITSUNDAY_W5_3,27/10/1999,1999,1999,W5,3,5,NA,11.52,3.2,3.6,Semi-exposed
1999_WHITSUNDAY_W5_4,27/10/1999,1999,1999,W5,4,5,NA,12.24,3.6,3.4,Semi-exposed
1999_WHITSUNDAY_W5_5,27/10/1999,1999,1999,W5,5,5,NA,19.32,4.2,4.6,Semi-exposed
1999_WHITSUNDAY_W6_1,1/11/1999,1999,1999,W6,1,5,NA,15.96,3.8,4.2,Semi-exposed
1999_WHITSUNDAY_W6_2,1/11/1999,1999,1999,W6,2,5,NA,16,4,4,Semi-exposed
1999_WHITSUNDAY_W6_3,1/11/1999,1999,1999,W6,3,5,NA,19.36,4.4,4.4,Semi-exposed
1999_WHITSUNDAY_W6_4,1/11/1999,1999,1999,W6,4,5,NA,16.8,4.2,4,Semi-exposed
1999_WHITSUNDAY_W6_5,1/11/1999,1999,1999,W6,5,5,NA,12.92,3.4,3.8,Semi-exposed
1999_WHITSUNDAY_B1_1,30/10/1999,1999,1999,B1,1,5,NA,6,2,3,Sheltered
1999_WHITSUNDAY_B1_2,30/10/1999,1999,1999,B1,2,5,NA,6,2,3,Sheltered
1999_WHITSUNDAY_B1_3,30/10/1999,1999,1999,B1,3,5,NA,6,2,3,Sheltered
1999_WHITSUNDAY_B1_4,30/10/1999,1999,1999,B1,4,5,NA,6,2,3,Sheltered
1999_WHITSUNDAY_B1_5,30/10/1999,1999,1999,B1,5,5,NA,6,2,3,Sheltered
1999_WHITSUNDAY_B2_1,27/10/1999,1999,1999,B2,1,5,NA,7.2,2.4,3,Sheltered
1999_WHITSUNDAY_B2_2,27/10/1999,1999,1999,B2,2,5,NA,7.2,2.4,3,Sheltered
1999_WHITSUNDAY_B2_3,27/10/1999,1999,1999,B2,3,5,NA,7.8,2.6,3,Sheltered
1999_WHITSUNDAY_B2_4,27/10/1999,1999,1999,B2,4,5,NA,6,2,3,Sheltered
1999_WHITSUNDAY_B2_5,27/10/1999,1999,1999,B2,5,5,NA,7.8,2.6,3,Sheltered
1999_WHITSUNDAY_B3_1,30/10/1999,1999,1999,B3,1,5,NA,6,2,3,Exposed
1999_WHITSUNDAY_B3_2,30/10/1999,1999,1999,B3,2,5,NA,6,2,3,Exposed
1999_WHITSUNDAY_B3_3,30/10/1999,1999,1999,B3,3,5,NA,5.4,1.8,3,Exposed
1999_WHITSUNDAY_B3_4,30/10/1999,1999,1999,B3,4,5,NA,6,2,3,Exposed
1999_WHITSUNDAY_B3_5,30/10/1999,1999,1999,B3,5,5,NA,6,2,3,Exposed
1999_WHITSUNDAY_B4_1,27/10/1999,1999,1999,B4,1,7,NA,6,2,3,Exposed
1999_WHITSUNDAY_B4_2,27/10/1999,1999,1999,B4,2,7,NA,4.8,2,2.4,Exposed
1999_WHITSUNDAY_B4_3,27/10/1999,1999,1999,B4,3,7,NA,5.2,2,2.6,Exposed
1999_WHITSUNDAY_B4_4,27/10/1999,1999,1999,B4,4,7,NA,5.76,2.4,2.4,Exposed
1999_WHITSUNDAY_B4_5,27/10/1999,1999,1999,B4,5,7,NA,7.8,2.6,3,Exposed
1999_WHITSUNDAY_B5_1,28/10/1999,1999,1999,B5,1,5,NA,6,2,3,Semi-exposed
1999_WHITSUNDAY_B5_2,28/10/1999,1999,1999,B5,2,5,NA,9,3,3,Semi-exposed
1999_WHITSUNDAY_B5_3,28/10/1999,1999,1999,B5,3,5,NA,9,3,3,Semi-exposed
1999_WHITSUNDAY_B5_4,28/10/1999,1999,1999,B5,4,5,NA,6,2,3,Semi-exposed
1999_WHITSUNDAY_B5_5,28/10/1999,1999,1999,B5,5,5,NA,3,1,3,Semi-exposed
1999_WHITSUNDAY_B6_1,26/10/1999,1999,1999,B6,1,5,NA,6,2,3,Semi-exposed
1999_WHITSUNDAY_B6_2,26/10/1999,1999,1999,B6,2,5,NA,9,3,3,Semi-exposed
1999_WHITSUNDAY_B6_3,26/10/1999,1999,1999,B6,3,5,NA,5.72,2.2,2.6,Semi-exposed
1999_WHITSUNDAY_B6_4,26/10/1999,1999,1999,B6,4,5,NA,5.6,2,2.8,Semi-exposed
1999_WHITSUNDAY_B6_5,26/10/1999,1999,1999,B6,5,5,NA,9,3,3,Semi-exposed
1999_WHITSUNDAY_HG1_1,4/11/1999,1999,1999,HG1,1,7,NA,6.6,3,2.2,Semi-exposed
1999_WHITSUNDAY_HG1_2,4/11/1999,1999,1999,HG1,2,7,NA,9,3,3,Semi-exposed
1999_WHITSUNDAY_HG1_3,4/11/1999,1999,1999,HG1,3,7,NA,9,3,3,Semi-exposed
1999_WHITSUNDAY_HG1_4,4/11/1999,1999,1999,HG1,4,7,NA,9,3,3,Semi-exposed
1999_WHITSUNDAY_HG1_5,4/11/1999,1999,1999,HG1,5,7,NA,9,3,3,Semi-exposed
1999_WHITSUNDAY_HG2_1,4/11/1999,1999,1999,HG2,1,6,NA,4,2,2,Semi-exposed
1999_WHITSUNDAY_HG2_2,4/11/1999,1999,1999,HG2,2,6,NA,5.2,2,2.6,Semi-exposed
1999_WHITSUNDAY_HG2_3,4/11/1999,1999,1999,HG2,3,6,NA,6,2,3,Semi-exposed
1999_WHITSUNDAY_HG2_4,4/11/1999,1999,1999,HG2,4,6,NA,4,2,2,Semi-exposed
1999_WHITSUNDAY_HG2_5,4/11/1999,1999,1999,HG2,5,6,NA,4,2,2,Semi-exposed
1999_WHITSUNDAY_HG3_1,4/11/1999,1999,1999,HG3,1,7,NA,9,3,3,Semi-exposed
1999_WHITSUNDAY_HG3_2,4/11/1999,1999,1999,HG3,2,7,NA,8.4,3,2.8,Semi-exposed
1999_WHITSUNDAY_HG3_3,4/11/1999,1999,1999,HG3,3,7,NA,8.4,3,2.8,Semi-exposed
1999_WHITSUNDAY_HG3_4,4/11/1999,1999,1999,HG3,4,7,NA,8.4,3,2.8,Semi-exposed
1999_WHITSUNDAY_HG3_5,4/11/1999,1999,1999,HG3,5,7,NA,8.4,3,2.8,Semi-exposed
1999_WHITSUNDAY_HG4_1,1/11/1999,1999,1999,HG4,1,10,NA,7.8,2.6,3,Semi-exposed
1999_WHITSUNDAY_HG4_2,1/11/1999,1999,1999,HG4,2,10,NA,7.8,2.6,3,Semi-exposed
1999_WHITSUNDAY_HG4_3,1/11/1999,1999,1999,HG4,3,10,NA,4.84,2.2,2.2,Semi-exposed
1999_WHITSUNDAY_HG4_4,1/11/1999,1999,1999,HG4,4,10,NA,6.6,2.2,3,Semi-exposed
1999_WHITSUNDAY_HG4_5,1/11/1999,1999,1999,HG4,5,10,NA,7.2,2.4,3,Semi-exposed
1999_WHITSUNDAY_HG5_1,3/11/1999,1999,1999,HG5,1,7,NA,5.2,2,2.6,Semi-exposed
1999_WHITSUNDAY_HG5_2,3/11/1999,1999,1999,HG5,2,7,NA,4,2,2,Semi-exposed
1999_WHITSUNDAY_HG5_3,3/11/1999,1999,1999,HG5,3,7,NA,4,2,2,Semi-exposed
1999_WHITSUNDAY_HG5_4,3/11/1999,1999,1999,HG5,4,7,NA,6,2,3,Semi-exposed
1999_WHITSUNDAY_HG5_5,3/11/1999,1999,1999,HG5,5,7,NA,6,2,3,Semi-exposed
1999_WHITSUNDAY_HG6_1,2/11/1999,1999,1999,HG6,1,7,NA,9.6,3,3.2,Semi-exposed
1999_WHITSUNDAY_HG6_2,2/11/1999,1999,1999,HG6,2,7,NA,8.32,2.6,3.2,Semi-exposed
1999_WHITSUNDAY_HG6_3,2/11/1999,1999,1999,HG6,3,7,NA,7.2,2.4,3,Semi-exposed
1999_WHITSUNDAY_HG6_4,2/11/1999,1999,1999,HG6,4,7,NA,8.32,2.6,3.2,Semi-exposed
1999_WHITSUNDAY_HG6_5,2/11/1999,1999,1999,HG6,5,7,NA,8.32,2.6,3.2,Semi-exposed
2000_PALM_PE1_1,15/03/2000,2000,2000,PE1,1,7,NA,9,3,3,Exposed
2000_PALM_PE1_2,15/03/2000,2000,2000,PE1,2,7,NA,6,3,2,Exposed
2000_PALM_PE1_3,15/03/2000,2000,2000,PE1,3,7,NA,9,3,3,Exposed
2000_PALM_PE1_4,15/03/2000,2000,2000,PE1,4,7,NA,16,4,4,Exposed
2000_PALM_PE1_5,15/03/2000,2000,2000,PE1,5,7,NA,25,5,5,Exposed
2000_PALM_PE2_1,13/03/2000,2000,2000,PE2,1,6,NA,25,5,5,Exposed
2000_PALM_PE2_2,13/03/2000,2000,2000,PE2,2,6,NA,25,5,5,Exposed
2000_PALM_PE2_3,13/03/2000,2000,2000,PE2,3,6,NA,20,4,5,Exposed
2000_PALM_PE2_4,13/03/2000,2000,2000,PE2,4,6,NA,25,5,5,Exposed
2000_PALM_PE2_5,13/03/2000,2000,2000,PE2,5,6,NA,20,4,5,Exposed
2000_PALM_PE3_1,8/06/2000,2000,2000,PE3,1,8,NA,25,5,5,Exposed
2000_PALM_PE3_2,8/06/2000,2000,2000,PE3,2,8,NA,16,4,4,Exposed
2000_PALM_PE3_3,8/06/2000,2000,2000,PE3,3,8,NA,16,4,4,Exposed
2000_PALM_PE3_4,8/06/2000,2000,2000,PE3,4,8,NA,25,5,5,Exposed
2000_PALM_PE3_5,8/06/2000,2000,2000,PE3,5,8,NA,25,5,5,Exposed
2000_PALM_PE4_1,15/03/2000,2000,2000,PE4,1,6,NA,15,3,5,Exposed
2000_PALM_PE4_2,15/03/2000,2000,2000,PE4,2,6,NA,12,3,4,Exposed
2000_PALM_PE4_3,15/03/2000,2000,2000,PE4,3,6,NA,12,3,4,Exposed
2000_PALM_PE4_4,15/03/2000,2000,2000,PE4,4,6,NA,20,4,5,Exposed
2000_PALM_PE4_5,15/03/2000,2000,2000,PE4,5,6,NA,12,3,4,Exposed
2000_PALM_PE5_1,14/03/2000,2000,2000,PE5,1,6,NA,6,3,2,Exposed
2000_PALM_PE5_2,14/03/2000,2000,2000,PE5,2,6,NA,20,5,4,Exposed
2000_PALM_PE5_3,14/03/2000,2000,2000,PE5,3,6,NA,20,5,4,Exposed
2000_PALM_PE5_4,14/03/2000,2000,2000,PE5,4,6,NA,16,4,4,Exposed
2000_PALM_PE5_5,14/03/2000,2000,2000,PE5,5,6,NA,25,5,5,Exposed
2000_PALM_PE6_1,13/03/2000,2000,2000,PE6,1,6,NA,12,4,3,Exposed
2000_PALM_PE6_2,13/03/2000,2000,2000,PE6,2,6,NA,20,4,5,Exposed
2000_PALM_PE6_3,13/03/2000,2000,2000,PE6,3,6,NA,20,4,5,Exposed
2000_PALM_PE6_4,13/03/2000,2000,2000,PE6,4,6,NA,9,3,3,Exposed
2000_PALM_PE6_5,13/03/2000,2000,2000,PE6,5,6,NA,9,3,3,Exposed
2000_PALM_PS1_1,3/09/2000,2000,2000,PS1,1,7,NA,12,4,3,Sheltered
2000_PALM_PS1_2,3/09/2000,2000,2000,PS1,2,7,NA,16,4,4,Sheltered
2000_PALM_PS1_3,3/09/2000,2000,2000,PS1,3,7,NA,9,3,3,Sheltered
2000_PALM_PS1_4,3/09/2000,2000,2000,PS1,4,7,NA,4,4,1,Sheltered
2000_PALM_PS1_5,3/09/2000,2000,2000,PS1,5,7,NA,12,4,3,Sheltered
2000_PALM_PS2_1,5/09/2000,2000,2000,PS2,1,6,NA,9,3,3,Sheltered
2000_PALM_PS2_2,5/09/2000,2000,2000,PS2,2,6,NA,9,3,3,Sheltered
2000_PALM_PS2_3,5/09/2000,2000,2000,PS2,3,6,NA,9,3,3,Sheltered
2000_PALM_PS2_4,5/09/2000,2000,2000,PS2,4,6,NA,9,3,3,Sheltered
2000_PALM_PS2_5,5/09/2000,2000,2000,PS2,5,6,NA,12,3,4,Sheltered
2000_PALM_PS3_1,5/09/2000,2000,2000,PS3,1,7,NA,12,4,3,Sheltered
2000_PALM_PS3_2,5/09/2000,2000,2000,PS3,2,7,NA,12,4,3,Sheltered
2000_PALM_PS3_3,5/09/2000,2000,2000,PS3,3,7,NA,16,4,4,Sheltered
2000_PALM_PS3_4,5/09/2000,2000,2000,PS3,4,7,NA,16,4,4,Sheltered
2000_PALM_PS3_5,5/09/2000,2000,2000,PS3,5,7,NA,16,4,4,Sheltered
2000_PALM_PS4_1,4/09/2000,2000,2000,PS4,1,7,NA,4,2,2,Sheltered
2000_PALM_PS4_2,4/09/2000,2000,2000,PS4,2,7,NA,4,2,2,Sheltered
2000_PALM_PS4_3,4/09/2000,2000,2000,PS4,3,7,NA,8,2,4,Sheltered
2000_PALM_PS4_4,4/09/2000,2000,2000,PS4,4,7,NA,4,2,2,Sheltered
2000_PALM_PS4_5,4/09/2000,2000,2000,PS4,5,7,NA,4,2,2,Sheltered
2000_PALM_PS5_1,6/09/2000,2000,2000,PS5,1,8,NA,25,5,5,Sheltered
2000_PALM_PS5_2,6/09/2000,2000,2000,PS5,2,8,NA,25,5,5,Sheltered
2000_PALM_PS5_3,6/09/2000,2000,2000,PS5,3,8,NA,25,5,5,Sheltered
2000_PALM_PS5_4,6/09/2000,2000,2000,PS5,4,8,NA,25,5,5,Sheltered
2000_PALM_PS5_5,6/09/2000,2000,2000,PS5,5,8,NA,20,4,5,Sheltered
2000_PALM_PS6_1,3/09/2000,2000,2000,PS6,1,7,NA,25,5,5,Semi-exposed
2000_PALM_PS6_2,3/09/2000,2000,2000,PS6,2,7,NA,25,5,5,Semi-exposed
2000_PALM_PS6_3,3/09/2000,2000,2000,PS6,3,7,NA,25,5,5,Semi-exposed
2000_PALM_PS6_4,3/09/2000,2000,2000,PS6,4,7,NA,20,4,5,Semi-exposed
2000_PALM_PS6_5,3/09/2000,2000,2000,PS6,5,7,NA,9,3,3,Semi-exposed
2000_PALM_OE1_1,14/03/2000,2000,2000,OE1,1,6,NA,6,2,3,Exposed
2000_PALM_OE1_2,14/03/2000,2000,2000,OE1,2,6,NA,6,2,3,Exposed
2000_PALM_OE1_3,14/03/2000,2000,2000,OE1,3,6,NA,9,3,3,Exposed
2000_PALM_OE1_4,14/03/2000,2000,2000,OE1,4,6,NA,12,3,4,Exposed
2000_PALM_OE1_5,14/03/2000,2000,2000,OE1,5,6,NA,9,3,3,Exposed
2000_PALM_OE2_1,8/06/2000,2000,2000,OE2,1,7,NA,8,2,4,Exposed
2000_PALM_OE2_2,8/06/2000,2000,2000,OE2,2,7,NA,9,3,3,Exposed
2000_PALM_OE2_3,8/06/2000,2000,2000,OE2,3,7,NA,6,2,3,Exposed
2000_PALM_OE2_4,8/06/2000,2000,2000,OE2,4,7,NA,9,3,3,Exposed
2000_PALM_OE2_5,8/06/2000,2000,2000,OE2,5,7,NA,12,4,3,Exposed
2000_PALM_OE3_1,13/03/2000,2000,2000,OE3,1,5,NA,8,2,4,Exposed
2000_PALM_OE3_2,13/03/2000,2000,2000,OE3,2,5,NA,9,3,3,Exposed
2000_PALM_OE3_3,13/03/2000,2000,2000,OE3,3,5,NA,6,2,3,Exposed
2000_PALM_OE3_4,13/03/2000,2000,2000,OE3,4,5,NA,4,2,2,Exposed
2000_PALM_OE3_5,13/03/2000,2000,2000,OE3,5,5,NA,12,3,4,Exposed
2000_PALM_OE4_1,8/06/2000,2000,2000,OE4,1,8,NA,25,5,5,Exposed
2000_PALM_OE4_2,8/06/2000,2000,2000,OE4,2,8,NA,25,5,5,Exposed
2000_PALM_OE4_3,8/06/2000,2000,2000,OE4,3,8,NA,25,5,5,Exposed
2000_PALM_OE4_4,8/06/2000,2000,2000,OE4,4,8,NA,15,3,5,Exposed
2000_PALM_OE4_5,8/06/2000,2000,2000,OE4,5,8,NA,20,4,5,Exposed
2000_PALM_OE5_1,14/03/2000,2000,2000,OE5,1,6,NA,12,3,4,Exposed
2000_PALM_OE5_2,14/03/2000,2000,2000,OE5,2,6,NA,12,3,4,Exposed
2000_PALM_OE5_3,14/03/2000,2000,2000,OE5,3,6,NA,16,4,4,Exposed
2000_PALM_OE5_4,14/03/2000,2000,2000,OE5,4,6,NA,12,3,4,Exposed
2000_PALM_OE5_5,14/03/2000,2000,2000,OE5,5,6,NA,12,3,4,Exposed
2000_PALM_OE6_1,15/03/2000,2000,2000,OE6,1,6,NA,25,5,5,Exposed
2000_PALM_OE6_2,15/03/2000,2000,2000,OE6,2,6,NA,20,5,4,Exposed
2000_PALM_OE6_3,15/03/2000,2000,2000,OE6,3,6,NA,25,5,5,Exposed
2000_PALM_OE6_4,15/03/2000,2000,2000,OE6,4,6,NA,25,5,5,Exposed
2000_PALM_OE6_5,15/03/2000,2000,2000,OE6,5,6,NA,25,5,5,Exposed
2000_PALM_OS1_1,3/09/2000,2000,2000,OS1,1,6,NA,12,3,4,Sheltered
2000_PALM_OS1_2,3/09/2000,2000,2000,OS1,2,6,NA,9,3,3,Sheltered
2000_PALM_OS1_3,3/09/2000,2000,2000,OS1,3,6,NA,9,3,3,Sheltered
2000_PALM_OS1_4,3/09/2000,2000,2000,OS1,4,6,NA,9,3,3,Sheltered
2000_PALM_OS1_5,3/09/2000,2000,2000,OS1,5,6,NA,9,3,3,Sheltered
2000_PALM_OS2_1,4/09/2000,2000,2000,OS2,1,5,NA,9,3,3,Sheltered
2000_PALM_OS2_2,4/09/2000,2000,2000,OS2,2,5,NA,6,3,2,Sheltered
2000_PALM_OS2_3,4/09/2000,2000,2000,OS2,3,5,NA,6,3,2,Sheltered
2000_PALM_OS2_4,4/09/2000,2000,2000,OS2,4,5,NA,9,3,3,Sheltered
2000_PALM_OS2_5,4/09/2000,2000,2000,OS2,5,5,NA,12,4,3,Sheltered
2000_PALM_OS3_1,4/09/2000,2000,2000,OS3,1,6,NA,9,3,3,Sheltered
2000_PALM_OS3_2,4/09/2000,2000,2000,OS3,2,6,NA,12,3,4,Sheltered
2000_PALM_OS3_3,4/09/2000,2000,2000,OS3,3,6,NA,6,2,3,Sheltered
2000_PALM_OS3_4,4/09/2000,2000,2000,OS3,4,6,NA,9,3,3,Sheltered
2000_PALM_OS3_5,4/09/2000,2000,2000,OS3,5,6,NA,9,3,3,Sheltered
2000_PALM_OS4_1,6/09/2000,2000,2000,OS4,1,5,NA,4,2,2,Sheltered
2000_PALM_OS4_2,6/09/2000,2000,2000,OS4,2,5,NA,4,2,2,Sheltered
2000_PALM_OS4_3,6/09/2000,2000,2000,OS4,3,5,NA,4,2,2,Sheltered
2000_PALM_OS4_4,6/09/2000,2000,2000,OS4,4,5,NA,4,2,2,Sheltered
2000_PALM_OS4_5,6/09/2000,2000,2000,OS4,5,5,NA,4,2,2,Sheltered
2000_PALM_OS5_1,6/09/2000,2000,2000,OS5,1,8,NA,20,4,5,Sheltered
2000_PALM_OS5_2,6/09/2000,2000,2000,OS5,2,8,NA,16,4,4,Sheltered
2000_PALM_OS5_3,6/09/2000,2000,2000,OS5,3,8,NA,16,4,4,Sheltered
2000_PALM_OS5_4,6/09/2000,2000,2000,OS5,4,8,NA,20,4,5,Sheltered
2000_PALM_OS5_5,6/09/2000,2000,2000,OS5,5,8,NA,16,4,4,Sheltered
2000_PALM_OS6_1,5/09/2000,2000,2000,OS6,1,8,NA,4,2,2,Semi-exposed
2000_PALM_OS6_2,5/09/2000,2000,2000,OS6,2,8,NA,4,2,2,Semi-exposed
2000_PALM_OS6_3,5/09/2000,2000,2000,OS6,3,8,NA,1,1,1,Semi-exposed
2000_PALM_OS6_4,5/09/2000,2000,2000,OS6,4,8,NA,6,2,3,Semi-exposed
2000_PALM_OS6_5,5/09/2000,2000,2000,OS6,5,8,NA,2,1,2,Semi-exposed
2001_PALM_PE1_1,13/04/2001,2001,2001,PE1,1,5,NA,9,3,3,Exposed
2001_PALM_PE1_2,13/04/2001,2001,2001,PE1,2,5,NA,9.6,3.2,3,Exposed
2001_PALM_PE1_3,13/04/2001,2001,2001,PE1,3,5,NA,9.6,3.2,3,Exposed
2001_PALM_PE1_4,13/04/2001,2001,2001,PE1,4,5,NA,9.6,3.2,3,Exposed
2001_PALM_PE1_5,13/04/2001,2001,2001,PE1,5,5,NA,7.8,2.6,3,Exposed
2001_PALM_PE2_1,11/04/2001,2001,2001,PE2,1,7,NA,21,5,4.2,Exposed
2001_PALM_PE2_2,11/04/2001,2001,2001,PE2,2,7,NA,23,5,4.6,Exposed
2001_PALM_PE2_3,11/04/2001,2001,2001,PE2,3,7,NA,25,5,5,Exposed
2001_PALM_PE2_4,11/04/2001,2001,2001,PE2,4,7,NA,23,5,4.6,Exposed
2001_PALM_PE2_5,11/04/2001,2001,2001,PE2,5,7,NA,25,5,5,Exposed
2001_PALM_PE3_1,11/04/2001,2001,2001,PE3,1,6,NA,10.2,3,3.4,Exposed
2001_PALM_PE3_2,11/04/2001,2001,2001,PE3,2,6,NA,10.2,3,3.4,Exposed
2001_PALM_PE3_3,11/04/2001,2001,2001,PE3,3,6,NA,18.24,4.8,3.8,Exposed
2001_PALM_PE3_4,11/04/2001,2001,2001,PE3,4,6,NA,12.24,3.4,3.6,Exposed
2001_PALM_PE3_5,11/04/2001,2001,2001,PE3,5,6,NA,5.76,2.4,2.4,Exposed
2001_PALM_PE4_1,9/04/2001,2001,2001,PE4,1,5,NA,15.2,3.8,4,Exposed
2001_PALM_PE4_2,9/04/2001,2001,2001,PE4,2,5,NA,20.24,4.4,4.6,Exposed
2001_PALM_PE4_3,9/04/2001,2001,2001,PE4,3,5,NA,20,5,4,Exposed
2001_PALM_PE4_4,9/04/2001,2001,2001,PE4,4,5,NA,16,4,4,Exposed
2001_PALM_PE4_5,9/04/2001,2001,2001,PE4,5,5,NA,12.92,3.4,3.8,Exposed
2001_PALM_PE5_1,8/04/2001,2001,2001,PE5,1,8,NA,18,5,3.6,Exposed
2001_PALM_PE5_2,8/04/2001,2001,2001,PE5,2,8,NA,14.72,4.6,3.2,Exposed
2001_PALM_PE5_3,8/04/2001,2001,2001,PE5,3,8,NA,12.92,3.8,3.4,Exposed
2001_PALM_PE5_4,8/04/2001,2001,2001,PE5,4,8,NA,11.52,3.6,3.2,Exposed
2001_PALM_PE5_5,8/04/2001,2001,2001,PE5,5,8,NA,9,3,3,Exposed
2001_PALM_PE6_1,9/04/2001,2001,2001,PE6,1,5,NA,10.2,3,3.4,Exposed
2001_PALM_PE6_2,9/04/2001,2001,2001,PE6,2,5,NA,12.96,3.6,3.6,Exposed
2001_PALM_PE6_3,9/04/2001,2001,2001,PE6,3,5,NA,12.96,3.6,3.6,Exposed
2001_PALM_PE6_4,9/04/2001,2001,2001,PE6,4,5,NA,15.2,3.8,4,Exposed
2001_PALM_PE6_5,9/04/2001,2001,2001,PE6,5,5,NA,12.24,3.4,3.6,Exposed
2001_PALM_PS1_1,8/04/2001,2001,2001,PS1,1,5,NA,12.8,3.2,4,Sheltered
2001_PALM_PS1_2,8/04/2001,2001,2001,PS1,2,5,NA,15.2,4,3.8,Sheltered
2001_PALM_PS1_3,8/04/2001,2001,2001,PS1,3,5,NA,16,4,4,Sheltered
2001_PALM_PS1_4,8/04/2001,2001,2001,PS1,4,5,NA,11.52,3.2,3.6,Sheltered
2001_PALM_PS1_5,8/04/2001,2001,2001,PS1,5,5,NA,18.4,4,4.6,Sheltered
2001_PALM_PS2_1,8/04/2001,2001,2001,PS2,1,4,NA,10.24,3.2,3.2,Sheltered
2001_PALM_PS2_2,8/04/2001,2001,2001,PS2,2,4,NA,11.4,3.8,3,Sheltered
2001_PALM_PS2_3,8/04/2001,2001,2001,PS2,3,4,NA,10.2,3.4,3,Sheltered
2001_PALM_PS2_4,8/04/2001,2001,2001,PS2,4,4,NA,11.56,3.4,3.4,Sheltered
2001_PALM_PS2_5,8/04/2001,2001,2001,PS2,5,4,NA,9.52,3.4,2.8,Sheltered
2001_PALM_PS3_1,14/04/2001,2001,2001,PS3,1,4,NA,10.08,3.6,2.8,Sheltered
2001_PALM_PS3_2,14/04/2001,2001,2001,PS3,2,4,NA,8.96,3.2,2.8,Sheltered
2001_PALM_PS3_3,14/04/2001,2001,2001,PS3,3,4,NA,12.24,3.6,3.4,Sheltered
2001_PALM_PS3_4,14/04/2001,2001,2001,PS3,4,4,NA,9.6,3,3.2,Sheltered
2001_PALM_PS3_5,14/04/2001,2001,2001,PS3,5,4,NA,12.96,3.6,3.6,Sheltered
2001_PALM_PS4_1,13/04/2001,2001,2001,PS4,1,4,NA,3.2,1.6,2,Sheltered
2001_PALM_PS4_2,13/04/2001,2001,2001,PS4,2,4,NA,2.52,1.8,1.4,Sheltered
2001_PALM_PS4_3,13/04/2001,2001,2001,PS4,3,4,NA,5.28,2.2,2.4,Sheltered
2001_PALM_PS4_4,13/04/2001,2001,2001,PS4,4,4,NA,6.76,2.6,2.6,Sheltered
2001_PALM_PS4_5,13/04/2001,2001,2001,PS4,5,4,NA,4.4,2.2,2,Sheltered
2001_PALM_PS5_1,14/04/2001,2001,2001,PS5,1,4,NA,6,3,2,Sheltered
2001_PALM_PS5_2,14/04/2001,2001,2001,PS5,2,4,NA,7.8,3,2.6,Sheltered
2001_PALM_PS5_3,14/04/2001,2001,2001,PS5,3,4,NA,7.68,3.2,2.4,Sheltered
2001_PALM_PS5_4,14/04/2001,2001,2001,PS5,4,4,NA,7.2,3,2.4,Sheltered
2001_PALM_PS5_5,14/04/2001,2001,2001,PS5,5,4,NA,6.24,2.6,2.4,Sheltered
2001_PALM_PS6_1,8/04/2001,2001,2001,PS6,1,4,NA,5.76,2.4,2.4,Semi-exposed
2001_PALM_PS6_2,8/04/2001,2001,2001,PS6,2,4,NA,4.4,2,2.2,Semi-exposed
2001_PALM_PS6_3,8/04/2001,2001,2001,PS6,3,4,NA,6.6,2.2,3,Semi-exposed
2001_PALM_PS6_4,8/04/2001,2001,2001,PS6,4,4,NA,9,3,3,Semi-exposed
2001_PALM_PS6_5,8/04/2001,2001,2001,PS6,5,4,NA,9,3,3,Semi-exposed
2001_PALM_OE1_1,10/04/2001,2001,2001,OE1,1,4,NA,13.6,3.4,4,Exposed
2001_PALM_OE1_2,10/04/2001,2001,2001,OE1,2,4,NA,14.4,3.6,4,Exposed
2001_PALM_OE1_3,10/04/2001,2001,2001,OE1,3,4,NA,11.56,3.4,3.4,Exposed
2001_PALM_OE1_4,10/04/2001,2001,2001,OE1,4,4,NA,14.4,3.6,4,Exposed
2001_PALM_OE1_5,10/04/2001,2001,2001,OE1,5,4,NA,12.24,3.6,3.4,Exposed
2001_PALM_OE2_1,10/04/2001,2001,2001,OE2,1,5,NA,11.4,3,3.8,Exposed
2001_PALM_OE2_2,10/04/2001,2001,2001,OE2,2,5,NA,13.6,3.4,4,Exposed
2001_PALM_OE2_3,10/04/2001,2001,2001,OE2,3,5,NA,16,4,4,Exposed
2001_PALM_OE2_4,10/04/2001,2001,2001,OE2,4,5,NA,9,3,3,Exposed
2001_PALM_OE2_5,10/04/2001,2001,2001,OE2,5,5,NA,13.6,3.4,4,Exposed
2001_PALM_OE3_1,10/04/2001,2001,2001,OE3,1,4,NA,13.6,3.4,4,Exposed
2001_PALM_OE3_2,10/04/2001,2001,2001,OE3,2,4,NA,10.2,3,3.4,Exposed
2001_PALM_OE3_3,10/04/2001,2001,2001,OE3,3,4,NA,10.8,3,3.6,Exposed
2001_PALM_OE3_4,10/04/2001,2001,2001,OE3,4,4,NA,12.8,3.2,4,Exposed
2001_PALM_OE3_5,10/04/2001,2001,2001,OE3,5,4,NA,13.6,3.4,4,Exposed
2001_PALM_OE4_1,11/04/2001,2001,2001,OE4,1,7,NA,11.52,3.6,3.2,Exposed
2001_PALM_OE4_2,11/04/2001,2001,2001,OE4,2,7,NA,12.24,3.6,3.4,Exposed
2001_PALM_OE4_3,11/04/2001,2001,2001,OE4,3,7,NA,11.52,3.6,3.2,Exposed
2001_PALM_OE4_4,11/04/2001,2001,2001,OE4,4,7,NA,12.96,3.6,3.6,Exposed
2001_PALM_OE4_5,11/04/2001,2001,2001,OE4,5,7,NA,9.6,3,3.2,Exposed
2001_PALM_OE5_1,7/05/2001,2001,2001,OE5,1,8,NA,8.64,2.4,3.6,Exposed
2001_PALM_OE5_2,7/05/2001,2001,2001,OE5,2,8,NA,14.4,3.6,4,Exposed
2001_PALM_OE5_3,7/05/2001,2001,2001,OE5,3,8,NA,17.6,4,4.4,Exposed
2001_PALM_OE5_4,7/05/2001,2001,2001,OE5,4,8,NA,12,3,4,Exposed
2001_PALM_OE5_5,7/05/2001,2001,2001,OE5,5,8,NA,9,3,3,Exposed
2001_PALM_OE6_1,7/05/2001,2001,2001,OE6,1,8,NA,12.8,3.2,4,Exposed
2001_PALM_OE6_2,7/05/2001,2001,2001,OE6,2,8,NA,10.2,3,3.4,Exposed
2001_PALM_OE6_3,7/05/2001,2001,2001,OE6,3,8,NA,10.8,3,3.6,Exposed
2001_PALM_OE6_4,7/05/2001,2001,2001,OE6,4,8,NA,9.6,3,3.2,Exposed
2001_PALM_OE6_5,7/05/2001,2001,2001,OE6,5,8,NA,6.6,3,2.2,Exposed
2001_PALM_OS1_1,7/04/2001,2001,2001,OS1,1,4,NA,16,4,4,Sheltered
2001_PALM_OS1_2,7/04/2001,2001,2001,OS1,2,4,NA,16,4,4,Sheltered
2001_PALM_OS1_3,7/04/2001,2001,2001,OS1,3,4,NA,17.6,4,4.4,Sheltered
2001_PALM_OS1_4,7/04/2001,2001,2001,OS1,4,4,NA,16.8,4,4.2,Sheltered
2001_PALM_OS1_5,7/04/2001,2001,2001,OS1,5,4,NA,12,3,4,Sheltered
2001_PALM_OS2_1,8/04/2001,2001,2001,OS2,1,4,NA,5.6,2.8,2,Sheltered
2001_PALM_OS2_2,8/04/2001,2001,2001,OS2,2,4,NA,6,3,2,Sheltered
2001_PALM_OS2_3,8/04/2001,2001,2001,OS2,3,4,NA,6,3,2,Sheltered
2001_PALM_OS2_4,8/04/2001,2001,2001,OS2,4,4,NA,4.8,2.4,2,Sheltered
2001_PALM_OS2_5,8/04/2001,2001,2001,OS2,5,4,NA,6.6,3,2.2,Sheltered
2001_PALM_OS3_1,7/04/2001,2001,2001,OS3,1,4,NA,10.24,3.2,3.2,Sheltered
2001_PALM_OS3_2,7/04/2001,2001,2001,OS3,2,4,NA,13.6,4,3.4,Sheltered
2001_PALM_OS3_3,7/04/2001,2001,2001,OS3,3,4,NA,9.6,3.2,3,Sheltered
2001_PALM_OS3_4,7/04/2001,2001,2001,OS3,4,4,NA,12.24,3.6,3.4,Sheltered
2001_PALM_OS3_5,7/04/2001,2001,2001,OS3,5,4,NA,11.52,3.6,3.2,Sheltered
2001_PALM_OS4_1,7/04/2001,2001,2001,OS4,1,4,NA,12.24,3.4,3.6,Sheltered
2001_PALM_OS4_2,7/04/2001,2001,2001,OS4,2,4,NA,13.68,3.8,3.6,Sheltered
2001_PALM_OS4_3,7/04/2001,2001,2001,OS4,3,4,NA,12.24,3.6,3.4,Sheltered
2001_PALM_OS4_4,7/04/2001,2001,2001,OS4,4,4,NA,15.84,4.4,3.6,Sheltered
2001_PALM_OS4_5,7/04/2001,2001,2001,OS4,5,4,NA,20.16,4.8,4.2,Sheltered
2001_PALM_OS5_1,9/04/2001,2001,2001,OS5,1,7,NA,4,2,2,Sheltered
2001_PALM_OS5_2,9/04/2001,2001,2001,OS5,2,7,NA,4,2,2,Sheltered
2001_PALM_OS5_3,9/04/2001,2001,2001,OS5,3,7,NA,6.24,2.4,2.6,Sheltered
2001_PALM_OS5_4,9/04/2001,2001,2001,OS5,4,7,NA,6.4,2,3.2,Sheltered
2001_PALM_OS5_5,9/04/2001,2001,2001,OS5,5,7,NA,6,2,3,Sheltered
2001_PALM_OS6_1,19/04/2001,2001,2001,OS6,1,7,NA,8.64,2.4,3.6,Semi-exposed
2001_PALM_OS6_2,19/04/2001,2001,2001,OS6,2,7,NA,11.4,3,3.8,Semi-exposed
2001_PALM_OS6_3,19/04/2001,2001,2001,OS6,3,7,NA,12,3,4,Semi-exposed
2001_PALM_OS6_4,19/04/2001,2001,2001,OS6,4,7,NA,4.4,2.2,2,Semi-exposed
2001_PALM_OS6_5,19/04/2001,2001,2001,OS6,5,7,NA,5.76,2.4,2.4,Semi-exposed
2001_WHITSUNDAY_HB1_1,10/12/2001,2001,2001,HB1,1,5,NA,10.88,3.2,3.4,Exposed
2001_WHITSUNDAY_HB1_2,10/12/2001,2001,2001,HB1,2,5,NA,12.92,3.4,3.8,Exposed
2001_WHITSUNDAY_HB1_3,10/12/2001,2001,2001,HB1,3,5,NA,8.84,2.6,3.4,Exposed
2001_WHITSUNDAY_HB1_4,10/12/2001,2001,2001,HB1,4,5,NA,10.88,3.2,3.4,Exposed
2001_WHITSUNDAY_HB1_5,10/12/2001,2001,2001,HB1,5,5,NA,13.6,3.4,4,Exposed
2001_WHITSUNDAY_HB2_1,11/12/2001,2001,2001,HB2,1,6,NA,10.2,3,3.4,Exposed
2001_WHITSUNDAY_HB2_2,11/12/2001,2001,2001,HB2,2,6,NA,10.2,3,3.4,Exposed
2001_WHITSUNDAY_HB2_3,11/12/2001,2001,2001,HB2,3,6,NA,10.2,3,3.4,Exposed
2001_WHITSUNDAY_HB2_4,11/12/2001,2001,2001,HB2,4,6,NA,10.8,3,3.6,Exposed
2001_WHITSUNDAY_HB2_5,11/12/2001,2001,2001,HB2,5,6,NA,10.2,3,3.4,Exposed
2001_WHITSUNDAY_HB3_1,9/12/2001,2001,2001,HB3,1,6,NA,11.56,3.4,3.4,Sheltered
2001_WHITSUNDAY_HB3_2,9/12/2001,2001,2001,HB3,2,7,NA,8.96,3.2,2.8,Sheltered
2001_WHITSUNDAY_HB3_3,9/12/2001,2001,2001,HB3,3,8,NA,9.6,3,3.2,Sheltered
2001_WHITSUNDAY_HB3_4,9/12/2001,2001,2001,HB3,4,8,NA,7.8,3,2.6,Sheltered
2001_WHITSUNDAY_HB3_5,9/12/2001,2001,2001,HB3,5,6,NA,10.88,3.4,3.2,Sheltered
2001_WHITSUNDAY_HB4_1,6/12/2001,2001,2001,HB4,1,10,NA,14.4,4,3.6,Exposed
2001_WHITSUNDAY_HB4_2,6/12/2001,2001,2001,HB4,2,10,NA,12.24,3.6,3.4,Exposed
2001_WHITSUNDAY_HB4_3,6/12/2001,2001,2001,HB4,3,8,NA,13.68,3.8,3.6,Exposed
2001_WHITSUNDAY_HB4_4,6/12/2001,2001,2001,HB4,4,7,NA,12,4,3,Exposed
2001_WHITSUNDAY_HB4_5,6/12/2001,2001,2001,HB4,5,7,NA,12.16,3.8,3.2,Exposed
2001_WHITSUNDAY_HB5_1,6/12/2001,2001,2001,HB5,1,8,NA,10.2,3.4,3,Exposed
2001_WHITSUNDAY_HB5_2,6/12/2001,2001,2001,HB5,2,8,NA,16.8,4.2,4,Exposed
2001_WHITSUNDAY_HB5_3,6/12/2001,2001,2001,HB5,3,8,NA,12.16,3.8,3.2,Exposed
2001_WHITSUNDAY_HB5_4,6/12/2001,2001,2001,HB5,4,8,NA,9.52,3.4,2.8,Exposed
2001_WHITSUNDAY_HB5_5,6/12/2001,2001,2001,HB5,5,9,NA,14.4,4,3.6,Exposed
2001_WHITSUNDAY_HB6_1,6/11/2001,2001,2001,HB6,1,9,NA,14.44,3.8,3.8,Exposed
2001_WHITSUNDAY_HB6_2,6/11/2001,2001,2001,HB6,2,9,NA,18.48,4.2,4.4,Exposed
2001_WHITSUNDAY_HB6_3,6/11/2001,2001,2001,HB6,3,9,NA,16,4,4,Exposed
2001_WHITSUNDAY_HB6_4,6/11/2001,2001,2001,HB6,4,9,NA,9,3,3,Exposed
2001_WHITSUNDAY_HB6_5,6/11/2001,2001,2001,HB6,5,9,NA,4.4,2,2.2,Exposed
2001_WHITSUNDAY_W1_1,7/12/2001,2001,2001,W1,1,7,NA,6,2,3,Semi-exposed
2001_WHITSUNDAY_W1_2,7/12/2001,2001,2001,W1,2,7,NA,6,2,3,Semi-exposed
2001_WHITSUNDAY_W1_3,7/12/2001,2001,2001,W1,3,7,NA,6,2,3,Semi-exposed
2001_WHITSUNDAY_W1_4,7/12/2001,2001,2001,W1,4,7,NA,6,2,3,Semi-exposed
2001_WHITSUNDAY_W1_5,7/12/2001,2001,2001,W1,5,7,NA,6,2,3,Semi-exposed
2001_WHITSUNDAY_W2_1,5/12/2001,2001,2001,W2,1,7,NA,4.8,2,2.4,Semi-exposed
2001_WHITSUNDAY_W2_2,5/12/2001,2001,2001,W2,2,7,NA,7.8,2.6,3,Semi-exposed
2001_WHITSUNDAY_W2_3,5/12/2001,2001,2001,W2,3,7,NA,9,3,3,Semi-exposed
2001_WHITSUNDAY_W2_4,5/12/2001,2001,2001,W2,4,8,NA,4.8,2,2.4,Semi-exposed
2001_WHITSUNDAY_W2_5,5/12/2001,2001,2001,W2,5,8,NA,5.6,2,2.8,Semi-exposed
2001_WHITSUNDAY_W3_1,5/12/2001,2001,2001,W3,1,8,NA,7.2,3,2.4,Semi-exposed
2001_WHITSUNDAY_W3_2,5/12/2001,2001,2001,W3,2,7,NA,8.4,3,2.8,Semi-exposed
2001_WHITSUNDAY_W3_3,5/12/2001,2001,2001,W3,3,7,NA,9,3,3,Semi-exposed
2001_WHITSUNDAY_W3_4,5/12/2001,2001,2001,W3,4,6,NA,9,3,3,Semi-exposed
2001_WHITSUNDAY_W3_5,5/12/2001,2001,2001,W3,5,5,NA,7.84,2.8,2.8,Semi-exposed
2001_WHITSUNDAY_W4_1,4/12/2001,2001,2001,W4,1,7,NA,9,3,3,Semi-exposed
2001_WHITSUNDAY_W4_2,4/12/2001,2001,2001,W4,2,7,NA,9,3,3,Semi-exposed
2001_WHITSUNDAY_W4_3,4/12/2001,2001,2001,W4,3,6,NA,7.2,2.4,3,Semi-exposed
2001_WHITSUNDAY_W4_4,4/12/2001,2001,2001,W4,4,7,NA,6,2,3,Semi-exposed
2001_WHITSUNDAY_W4_5,4/12/2001,2001,2001,W4,5,5,NA,6,2,3,Semi-exposed
2001_WHITSUNDAY_W5_1,4/12/2001,2001,2001,W5,1,5,NA,6,2,3,Semi-exposed
2001_WHITSUNDAY_W5_2,4/12/2001,2001,2001,W5,2,6,NA,6,2,3,Semi-exposed
2001_WHITSUNDAY_W5_3,4/12/2001,2001,2001,W5,3,7,NA,8.4,2.8,3,Semi-exposed
2001_WHITSUNDAY_W5_4,4/12/2001,2001,2001,W5,4,6,NA,7.2,2.4,3,Semi-exposed
2001_WHITSUNDAY_W5_5,4/12/2001,2001,2001,W5,5,6,NA,6.6,2.2,3,Semi-exposed
2001_WHITSUNDAY_W6_1,3/12/2001,2001,2001,W6,1,8,NA,4,2,2,Semi-exposed
2001_WHITSUNDAY_W6_2,3/12/2001,2001,2001,W6,2,8,NA,4,2,2,Semi-exposed
2001_WHITSUNDAY_W6_3,3/12/2001,2001,2001,W6,3,8,NA,4.8,2,2.4,Semi-exposed
2001_WHITSUNDAY_W6_4,3/12/2001,2001,2001,W6,4,8,NA,4,2,2,Semi-exposed
2001_WHITSUNDAY_W6_5,3/12/2001,2001,2001,W6,5,8,NA,4.4,2,2.2,Semi-exposed
2001_WHITSUNDAY_B1_1,7/12/2001,2001,2001,B1,1,8,NA,6.76,2.6,2.6,Sheltered
2001_WHITSUNDAY_B1_2,7/12/2001,2001,2001,B1,2,8,NA,5.2,2,2.6,Sheltered
2001_WHITSUNDAY_B1_3,7/12/2001,2001,2001,B1,3,8,NA,4.84,2.2,2.2,Sheltered
2001_WHITSUNDAY_B1_4,7/12/2001,2001,2001,B1,4,7,NA,6.16,2.2,2.8,Sheltered
2001_WHITSUNDAY_B1_5,7/12/2001,2001,2001,B1,5,5,NA,4.84,2.2,2.2,Sheltered
2001_WHITSUNDAY_B2_1,7/12/2001,2001,2001,B2,1,5,NA,9,3,3,Sheltered
2001_WHITSUNDAY_B2_2,7/12/2001,2001,2001,B2,2,5,NA,9,3,3,Sheltered
2001_WHITSUNDAY_B2_3,7/12/2001,2001,2001,B2,3,5,NA,9.36,3.6,2.6,Sheltered
2001_WHITSUNDAY_B2_4,7/12/2001,2001,2001,B2,4,5,NA,6.16,2.8,2.2,Sheltered
2001_WHITSUNDAY_B2_5,7/12/2001,2001,2001,B2,5,5,NA,6.24,2.6,2.4,Sheltered
2001_WHITSUNDAY_B3_1,3/12/2001,2001,2001,B3,1,6,NA,4,1,4,Exposed
2001_WHITSUNDAY_B3_2,3/12/2001,2001,2001,B3,2,6,NA,3.8,1,3.8,Exposed
2001_WHITSUNDAY_B3_3,3/12/2001,2001,2001,B3,3,7,NA,4.8,1.6,3,Exposed
2001_WHITSUNDAY_B3_4,3/12/2001,2001,2001,B3,4,7,NA,4.8,2,2.4,Exposed
2001_WHITSUNDAY_B3_5,3/12/2001,2001,2001,B3,5,10,NA,5.6,2,2.8,Exposed
2001_WHITSUNDAY_B4_1,3/12/2001,2001,2001,B4,1,6,NA,7.8,2.6,3,Exposed
2001_WHITSUNDAY_B4_2,3/12/2001,2001,2001,B4,2,6,NA,16.8,4,4.2,Exposed
2001_WHITSUNDAY_B4_3,3/12/2001,2001,2001,B4,3,6,NA,19.36,4.4,4.4,Exposed
2001_WHITSUNDAY_B4_4,3/12/2001,2001,2001,B4,4,6,NA,5.72,2.2,2.6,Exposed
2001_WHITSUNDAY_B4_5,3/12/2001,2001,2001,B4,5,6,NA,6.8,2,3.4,Exposed
2001_WHITSUNDAY_B5_1,4/12/2001,2001,2001,B5,1,5,NA,24,4.8,5,Semi-exposed
2001_WHITSUNDAY_B5_2,4/12/2001,2001,2001,B5,2,5,NA,19.32,4.2,4.6,Semi-exposed
2001_WHITSUNDAY_B5_3,4/12/2001,2001,2001,B5,3,5,NA,17.64,4.2,4.2,Semi-exposed
2001_WHITSUNDAY_B5_4,4/12/2001,2001,2001,B5,4,5,NA,25,5,5,Semi-exposed
2001_WHITSUNDAY_B5_5,4/12/2001,2001,2001,B5,5,5,NA,25,5,5,Semi-exposed
2001_WHITSUNDAY_B6_1,5/12/2001,2001,2001,B6,1,8,NA,12.92,3.4,3.8,Semi-exposed
2001_WHITSUNDAY_B6_2,5/12/2001,2001,2001,B6,2,8,NA,10.2,3,3.4,Semi-exposed
2001_WHITSUNDAY_B6_3,5/12/2001,2001,2001,B6,3,9,NA,7.2,2.4,3,Semi-exposed
2001_WHITSUNDAY_B6_4,5/12/2001,2001,2001,B6,4,8,NA,19.36,4.4,4.4,Semi-exposed
2001_WHITSUNDAY_B6_5,5/12/2001,2001,2001,B6,5,8,NA,14.4,3.6,4,Semi-exposed
2001_WHITSUNDAY_HG1_1,9/12/2001,2001,2001,HG1,1,7,NA,13.6,4,3.4,Semi-exposed
2001_WHITSUNDAY_HG1_2,9/12/2001,2001,2001,HG1,2,7,NA,11.52,3.6,3.2,Semi-exposed
2001_WHITSUNDAY_HG1_3,9/12/2001,2001,2001,HG1,3,7,NA,10.8,3.6,3,Semi-exposed
2001_WHITSUNDAY_HG1_4,9/12/2001,2001,2001,HG1,4,7,NA,13.6,4,3.4,Semi-exposed
2001_WHITSUNDAY_HG1_5,9/12/2001,2001,2001,HG1,5,7,NA,11.56,3.4,3.4,Semi-exposed
2001_WHITSUNDAY_HG2_1,12/12/2001,2001,2001,HG2,1,7,NA,17.64,4.2,4.2,Semi-exposed
2001_WHITSUNDAY_HG2_2,12/12/2001,2001,2001,HG2,2,7,NA,25,5,5,Semi-exposed
2001_WHITSUNDAY_HG2_3,12/12/2001,2001,2001,HG2,3,7,NA,22.08,4.8,4.6,Semi-exposed
2001_WHITSUNDAY_HG2_4,12/12/2001,2001,2001,HG2,4,7,NA,24,4.8,5,Semi-exposed
2001_WHITSUNDAY_HG2_5,12/12/2001,2001,2001,HG2,5,6,NA,15.2,3.8,4,Semi-exposed
2001_WHITSUNDAY_HG3_1,11/12/2001,2001,2001,HG3,1,8,NA,25,5,5,Semi-exposed
2001_WHITSUNDAY_HG3_2,11/12/2001,2001,2001,HG3,2,8,NA,25,5,5,Semi-exposed
2001_WHITSUNDAY_HG3_3,11/12/2001,2001,2001,HG3,3,8,NA,25,5,5,Semi-exposed
2001_WHITSUNDAY_HG3_4,11/12/2001,2001,2001,HG3,4,8,NA,22.08,4.8,4.6,Semi-exposed
2001_WHITSUNDAY_HG3_5,11/12/2001,2001,2001,HG3,5,8,NA,16.8,4.2,4,Semi-exposed
2001_WHITSUNDAY_HG4_1,11/12/2001,2001,2001,HG4,1,7,NA,18.48,4.2,4.4,Semi-exposed
2001_WHITSUNDAY_HG4_2,11/12/2001,2001,2001,HG4,2,7,NA,20.24,4.4,4.6,Semi-exposed
2001_WHITSUNDAY_HG4_3,11/12/2001,2001,2001,HG4,3,7,NA,16.72,3.8,4.4,Semi-exposed
2001_WHITSUNDAY_HG4_4,11/12/2001,2001,2001,HG4,4,7,NA,12.92,3.4,3.8,Semi-exposed
2001_WHITSUNDAY_HG4_5,11/12/2001,2001,2001,HG4,5,7,NA,19.32,4.2,4.6,Semi-exposed
2001_WHITSUNDAY_HG5_1,12/12/2001,2001,2001,HG5,1,7,NA,25,5,5,Semi-exposed
2001_WHITSUNDAY_HG5_2,12/12/2001,2001,2001,HG5,2,7,NA,18.48,4.2,4.4,Semi-exposed
2001_WHITSUNDAY_HG5_3,12/12/2001,2001,2001,HG5,3,7,NA,18.48,4.2,4.4,Semi-exposed
2001_WHITSUNDAY_HG5_4,12/12/2001,2001,2001,HG5,4,6,NA,18.48,4.4,4.2,Semi-exposed
2001_WHITSUNDAY_HG5_5,12/12/2001,2001,2001,HG5,5,6,NA,10.88,3.4,3.2,Semi-exposed
2001_WHITSUNDAY_HG6_1,9/12/2001,2001,2001,HG6,1,5,NA,13.6,3.4,4,Semi-exposed
2001_WHITSUNDAY_HG6_2,9/12/2001,2001,2001,HG6,2,6,NA,18.4,4,4.6,Semi-exposed
2001_WHITSUNDAY_HG6_3,9/12/2001,2001,2001,HG6,3,5,NA,14.4,3.6,4,Semi-exposed
2001_WHITSUNDAY_HG6_4,9/12/2001,2001,2001,HG6,4,5,NA,15.2,3.8,4,Semi-exposed
2001_WHITSUNDAY_HG6_5,9/12/2001,2001,2001,HG6,5,5,NA,15.12,3.6,4.2,Semi-exposed
2002_KEPPEL_GK1_1,13/10/2002,2002,2002,GK1,1,7,NA,8,2,4,Semi-exposed
2002_KEPPEL_GK1_2,13/10/2002,2002,2002,GK1,2,7,NA,6,2,3,Semi-exposed
2002_KEPPEL_GK1_3,13/10/2002,2002,2002,GK1,3,7,NA,8.16,2.4,3.4,Semi-exposed
2002_KEPPEL_GK1_4,13/10/2002,2002,2002,GK1,4,7,NA,3,1,3,Semi-exposed
2002_KEPPEL_GK1_5,13/10/2002,2002,2002,GK1,5,7,NA,4.08,1.2,3.4,Semi-exposed
2002_KEPPEL_GK2_1,15/10/2002,2002,2002,GK2,1,6,NA,7.2,2.4,3,Exposed
2002_KEPPEL_GK2_2,15/10/2002,2002,2002,GK2,2,6,NA,6,2,3,Exposed
2002_KEPPEL_GK2_3,15/10/2002,2002,2002,GK2,3,6,NA,6,2,3,Exposed
2002_KEPPEL_GK2_4,15/10/2002,2002,2002,GK2,4,6,NA,10.8,3,3.6,Exposed
2002_KEPPEL_GK2_5,15/10/2002,2002,2002,GK2,5,6,NA,9.6,3,3.2,Exposed
2002_KEPPEL_GK3_1,13/10/2002,2002,2002,GK3,1,8,NA,4.48,1.6,2.8,Semi-exposed
2002_KEPPEL_GK3_2,13/10/2002,2002,2002,GK3,2,8,NA,3.64,1.4,2.6,Semi-exposed
2002_KEPPEL_GK3_3,13/10/2002,2002,2002,GK3,3,8,NA,3.6,1.2,3,Semi-exposed
2002_KEPPEL_GK3_4,13/10/2002,2002,2002,GK3,4,8,NA,4.16,1.6,2.6,Semi-exposed
2002_KEPPEL_GK3_5,13/10/2002,2002,2002,GK3,5,8,NA,6,2,3,Semi-exposed
2002_KEPPEL_GK4_1,14/10/2002,2002,2002,GK4,1,9,NA,6,2,3,Exposed
2002_KEPPEL_GK4_2,14/10/2002,2002,2002,GK4,2,9,NA,7.2,2.4,3,Exposed
2002_KEPPEL_GK4_3,14/10/2002,2002,2002,GK4,3,9,NA,6,2,3,Exposed
2002_KEPPEL_GK4_4,14/10/2002,2002,2002,GK4,4,9,NA,6,2,3,Exposed
2002_KEPPEL_GK4_5,14/10/2002,2002,2002,GK4,5,9,NA,7.2,2.4,3,Exposed
2002_KEPPEL_GK5_1,15/10/2002,2002,2002,GK5,1,7,NA,6,2,3,Semi-exposed
2002_KEPPEL_GK5_2,15/10/2002,2002,2002,GK5,2,7,NA,6,2,3,Semi-exposed
2002_KEPPEL_GK5_3,15/10/2002,2002,2002,GK5,3,7,NA,6,2,3,Semi-exposed
2002_KEPPEL_GK5_4,15/10/2002,2002,2002,GK5,4,7,NA,10.64,2.8,3.8,Semi-exposed
2002_KEPPEL_GK5_5,15/10/2002,2002,2002,GK5,5,7,NA,9,3,3,Semi-exposed
2002_KEPPEL_GK6_1,14/10/2002,2002,2002,GK6,1,10,NA,6,2,3,Semi-exposed
2002_KEPPEL_GK6_2,14/10/2002,2002,2002,GK6,2,10,NA,6,2,3,Semi-exposed
2002_KEPPEL_GK6_3,14/10/2002,2002,2002,GK6,3,10,NA,6.6,2.2,3,Semi-exposed
2002_KEPPEL_GK6_4,14/10/2002,2002,2002,GK6,4,10,NA,7.2,2.4,3,Semi-exposed
2002_KEPPEL_GK6_5,14/10/2002,2002,2002,GK6,5,10,NA,9,3,3,Semi-exposed
2002_KEPPEL_H1_1,15/10/2002,2002,2002,H1,1,9,NA,9,3,3,Exposed
2002_KEPPEL_H1_2,15/10/2002,2002,2002,H1,2,9,NA,10.2,3,3.4,Exposed
2002_KEPPEL_H1_3,15/10/2002,2002,2002,H1,3,9,NA,16.8,4.2,4,Exposed
2002_KEPPEL_H1_4,15/10/2002,2002,2002,H1,4,9,NA,12,3,4,Exposed
2002_KEPPEL_H1_5,15/10/2002,2002,2002,H1,5,9,NA,12,3,4,Exposed
2002_KEPPEL_H2_1,14/10/2002,2002,2002,H2,1,8,NA,6,2,3,Exposed
2002_KEPPEL_H2_2,14/10/2002,2002,2002,H2,2,8,NA,6,2,3,Exposed
2002_KEPPEL_H2_3,14/10/2002,2002,2002,H2,3,8,NA,6,2,3,Exposed
2002_KEPPEL_H2_4,14/10/2002,2002,2002,H2,4,8,NA,6,2,3,Exposed
2002_KEPPEL_H2_5,14/10/2002,2002,2002,H2,5,8,NA,4.8,1.6,3,Exposed
2002_KEPPEL_M1_1,13/10/2002,2002,2002,M1,1,9,NA,4,2,2,Sheltered
2002_KEPPEL_M1_2,13/10/2002,2002,2002,M1,2,9,NA,4,2,2,Sheltered
2002_KEPPEL_M1_3,13/10/2002,2002,2002,M1,3,9,NA,4,2,2,Sheltered
2002_KEPPEL_M1_4,13/10/2002,2002,2002,M1,4,9,NA,4,2,2,Sheltered
2002_KEPPEL_M1_5,13/10/2002,2002,2002,M1,5,9,NA,3.12,1.2,2.6,Sheltered
2002_KEPPEL_M2_1,17/10/2002,2002,2002,M2,1,9,NA,1,1,1,Semi-exposed
2002_KEPPEL_M2_2,17/10/2002,2002,2002,M2,2,9,NA,1,1,1,Semi-exposed
2002_KEPPEL_M2_3,17/10/2002,2002,2002,M2,3,9,NA,1.44,1.2,1.2,Semi-exposed
2002_KEPPEL_M2_4,17/10/2002,2002,2002,M2,4,9,NA,1.2,1,1.2,Semi-exposed
2002_KEPPEL_M2_5,17/10/2002,2002,2002,M2,5,9,NA,3.08,1.4,2.2,Semi-exposed
2002_KEPPEL_M3_1,17/10/2002,2002,2002,M3,1,5,NA,4.8,2,2.4,Semi-exposed
2002_KEPPEL_M3_2,17/10/2002,2002,2002,M3,2,5,NA,6,2,3,Semi-exposed
2002_KEPPEL_M3_3,17/10/2002,2002,2002,M3,3,5,NA,5.2,2,2.6,Semi-exposed
2002_KEPPEL_M3_4,17/10/2002,2002,2002,M3,4,5,NA,6,2,3,Semi-exposed
2002_KEPPEL_M3_5,17/10/2002,2002,2002,M3,5,5,NA,6,2,3,Semi-exposed
2002_KEPPEL_M4_1,17/10/2002,2002,2002,M4,1,8,NA,7.2,2.4,3,Sheltered
2002_KEPPEL_M4_2,17/10/2002,2002,2002,M4,2,8,NA,6.6,3,2.2,Sheltered
2002_KEPPEL_M4_3,17/10/2002,2002,2002,M4,3,8,NA,6.6,2.2,3,Sheltered
2002_KEPPEL_M4_4,17/10/2002,2002,2002,M4,4,8,NA,6.6,2.2,3,Sheltered
2002_KEPPEL_M4_5,17/10/2002,2002,2002,M4,5,8,NA,9,3,3,Sheltered
2002_PALM_PE1_1,13/04/2002,2002,2002,PE1,1,10,NA,11.52,3.6,3.2,Exposed
2002_PALM_PE1_2,13/04/2002,2002,2002,PE1,2,10,NA,9.6,3.2,3,Exposed
2002_PALM_PE1_3,13/04/2002,2002,2002,PE1,3,10,NA,9,3,3,Exposed
2002_PALM_PE1_4,13/04/2002,2002,2002,PE1,4,10,NA,10.88,3.4,3.2,Exposed
2002_PALM_PE1_5,13/04/2002,2002,2002,PE1,5,10,NA,10.24,3.2,3.2,Exposed
2002_PALM_PE2_1,17/04/2002,2002,2002,PE2,1,11,NA,12,4,3,Exposed
2002_PALM_PE2_2,17/04/2002,2002,2002,PE2,2,11,NA,12,4,3,Exposed
2002_PALM_PE2_3,17/04/2002,2002,2002,PE2,3,11,NA,13.6,4,3.4,Exposed
2002_PALM_PE2_4,17/04/2002,2002,2002,PE2,4,11,NA,12,4,3,Exposed
2002_PALM_PE2_5,17/04/2002,2002,2002,PE2,5,11,NA,15.2,4,3.8,Exposed
2002_PALM_PE3_1,16/04/2002,2002,2002,PE3,1,13,NA,9,3,3,Exposed
2002_PALM_PE3_2,16/04/2002,2002,2002,PE3,2,13,NA,9.6,3.2,3,Exposed
2002_PALM_PE3_3,16/04/2002,2002,2002,PE3,3,13,NA,12.8,4,3.2,Exposed
2002_PALM_PE3_4,16/04/2002,2002,2002,PE3,4,13,NA,16.8,4.2,4,Exposed
2002_PALM_PE3_5,16/04/2002,2002,2002,PE3,5,13,NA,10.2,3.4,3,Exposed
2002_PALM_PE4_1,18/04/2002,2002,2002,PE4,1,11,NA,8.96,2.8,3.2,Exposed
2002_PALM_PE4_2,18/04/2002,2002,2002,PE4,2,11,NA,16.8,4,4.2,Exposed
2002_PALM_PE4_3,18/04/2002,2002,2002,PE4,3,11,NA,17.64,4.2,4.2,Exposed
2002_PALM_PE4_4,18/04/2002,2002,2002,PE4,4,11,NA,4,2,2,Exposed
2002_PALM_PE4_5,18/04/2002,2002,2002,PE4,5,11,NA,2.8,1.4,2,Exposed
2002_PALM_PE5_1,19/04/2002,2002,2002,PE5,1,18,NA,9,3,3,Exposed
2002_PALM_PE5_2,19/04/2002,2002,2002,PE5,2,18,NA,11.4,3,3.8,Exposed
2002_PALM_PE5_3,19/04/2002,2002,2002,PE5,3,18,NA,8.4,2.8,3,Exposed
2002_PALM_PE5_4,19/04/2002,2002,2002,PE5,4,18,NA,10.8,3,3.6,Exposed
2002_PALM_PE5_5,19/04/2002,2002,2002,PE5,5,18,NA,9,3,3,Exposed
2002_PALM_PE6_1,16/04/2002,2002,2002,PE6,1,16,NA,9,3,3,Exposed
2002_PALM_PE6_2,16/04/2002,2002,2002,PE6,2,16,NA,9.6,3.2,3,Exposed
2002_PALM_PE6_3,16/04/2002,2002,2002,PE6,3,16,NA,12.16,3.8,3.2,Exposed
2002_PALM_PE6_4,16/04/2002,2002,2002,PE6,4,16,NA,9,3,3,Exposed
2002_PALM_PE6_5,16/04/2002,2002,2002,PE6,5,16,NA,7.8,3,2.6,Exposed
2002_PALM_PS1_1,4/04/2002,2002,2002,PS1,1,5,NA,23,5,4.6,Sheltered
2002_PALM_PS1_2,4/04/2002,2002,2002,PS1,2,5,NA,16.8,4.2,4,Sheltered
2002_PALM_PS1_3,4/04/2002,2002,2002,PS1,3,5,NA,23,5,4.6,Sheltered
2002_PALM_PS1_4,4/04/2002,2002,2002,PS1,4,5,NA,12,3,4,Sheltered
2002_PALM_PS1_5,4/04/2002,2002,2002,PS1,5,5,NA,19.32,4.2,4.6,Sheltered
2002_PALM_PS2_1,2/04/2002,2002,2002,PS2,1,4,NA,23,4.6,5,Sheltered
2002_PALM_PS2_2,2/04/2002,2002,2002,PS2,2,4,NA,25,5,5,Sheltered
2002_PALM_PS2_3,2/04/2002,2002,2002,PS2,3,4,NA,25,5,5,Sheltered
2002_PALM_PS2_4,2/04/2002,2002,2002,PS2,4,4,NA,24,4.8,5,Sheltered
2002_PALM_PS2_5,2/04/2002,2002,2002,PS2,5,4,NA,23,4.6,5,Sheltered
2002_PALM_PS3_1,4/04/2002,2002,2002,PS3,1,4,NA,13.6,3.4,4,Sheltered
2002_PALM_PS3_2,4/04/2002,2002,2002,PS3,2,4,NA,19.36,4.4,4.4,Sheltered
2002_PALM_PS3_3,4/04/2002,2002,2002,PS3,3,4,NA,16,4,4,Sheltered
2002_PALM_PS3_4,4/04/2002,2002,2002,PS3,4,4,NA,16,4,4,Sheltered
2002_PALM_PS3_5,4/04/2002,2002,2002,PS3,5,4,NA,14.44,3.8,3.8,Sheltered
2002_PALM_PS4_1,3/04/2002,2002,2002,PS4,1,5,NA,7.28,2.6,2.8,Sheltered
2002_PALM_PS4_2,3/04/2002,2002,2002,PS4,2,5,NA,8.16,2.4,3.4,Sheltered
2002_PALM_PS4_3,3/04/2002,2002,2002,PS4,3,5,NA,5.28,2.2,2.4,Sheltered
2002_PALM_PS4_4,3/04/2002,2002,2002,PS4,4,6,NA,6.4,2,3.2,Sheltered
2002_PALM_PS4_5,3/04/2002,2002,2002,PS4,5,6,NA,4.8,2,2.4,Sheltered
2002_PALM_PS5_1,2/04/2002,2002,2002,PS5,1,6,NA,12.16,3.8,3.2,Sheltered
2002_PALM_PS5_2,2/04/2002,2002,2002,PS5,2,6,NA,12.92,3.8,3.4,Sheltered
2002_PALM_PS5_3,2/04/2002,2002,2002,PS5,3,6,NA,12,4,3,Sheltered
2002_PALM_PS5_4,2/04/2002,2002,2002,PS5,4,5,NA,14.44,3.8,3.8,Sheltered
2002_PALM_PS5_5,2/04/2002,2002,2002,PS5,5,5,NA,9.6,3.2,3,Sheltered
2002_PALM_PS6_1,6/04/2002,2002,2002,PS6,1,4,NA,10.2,3,3.4,Semi-exposed
2002_PALM_PS6_2,6/04/2002,2002,2002,PS6,2,4,NA,12.96,3.6,3.6,Semi-exposed
2002_PALM_PS6_3,6/04/2002,2002,2002,PS6,3,4,NA,12.96,3.6,3.6,Semi-exposed
2002_PALM_PS6_4,6/04/2002,2002,2002,PS6,4,5,NA,15.2,3.8,4,Semi-exposed
2002_PALM_PS6_5,6/04/2002,2002,2002,PS6,5,5,NA,12.24,3.4,3.6,Semi-exposed
2002_PALM_OE1_1,15/04/2002,2002,2002,OE1,1,6,NA,12.6,4.2,3,Exposed
2002_PALM_OE1_2,15/04/2002,2002,2002,OE1,2,6,NA,13.68,3.8,3.6,Exposed
2002_PALM_OE1_3,15/04/2002,2002,2002,OE1,3,6,NA,10.24,3.2,3.2,Exposed
2002_PALM_OE1_4,15/04/2002,2002,2002,OE1,4,6,NA,13.44,4.2,3.2,Exposed
2002_PALM_OE1_5,15/04/2002,2002,2002,OE1,5,6,NA,13.6,4,3.4,Exposed
2002_PALM_OE2_1,15/04/2002,2002,2002,OE2,1,8,NA,11.4,3,3.8,Exposed
2002_PALM_OE2_2,15/04/2002,2002,2002,OE2,2,8,NA,12.6,3,4.2,Exposed
2002_PALM_OE2_3,15/04/2002,2002,2002,OE2,3,8,NA,12,3,4,Exposed
2002_PALM_OE2_4,15/04/2002,2002,2002,OE2,4,8,NA,13.2,3,4.4,Exposed
2002_PALM_OE2_5,15/04/2002,2002,2002,OE2,5,8,NA,10.2,3,3.4,Exposed
2002_PALM_OE3_1,19/04/2002,2002,2002,OE3,1,8,NA,13.44,3.2,4.2,Exposed
2002_PALM_OE3_2,19/04/2002,2002,2002,OE3,2,8,NA,11.56,3.4,3.4,Exposed
2002_PALM_OE3_3,19/04/2002,2002,2002,OE3,3,8,NA,15.2,4,3.8,Exposed
2002_PALM_OE3_4,19/04/2002,2002,2002,OE3,4,8,NA,15.2,3.8,4,Exposed
2002_PALM_OE3_5,19/04/2002,2002,2002,OE3,5,8,NA,8.96,2.8,3.2,Exposed
2002_PALM_OE4_1,18/04/2002,2002,2002,OE4,1,7,NA,12.8,3.2,4,Exposed
2002_PALM_OE4_2,18/04/2002,2002,2002,OE4,2,7,NA,14.4,3.6,4,Exposed
2002_PALM_OE4_3,18/04/2002,2002,2002,OE4,3,7,NA,16,4,4,Exposed
2002_PALM_OE4_4,18/04/2002,2002,2002,OE4,4,7,NA,9,3,3,Exposed
2002_PALM_OE4_5,18/04/2002,2002,2002,OE4,5,7,NA,13.68,3.6,3.8,Exposed
2002_PALM_OE5_1,17/05/2002,2002,2002,OE5,1,17,NA,13.68,3.6,3.8,Exposed
2002_PALM_OE5_2,17/05/2002,2002,2002,OE5,2,17,NA,12.24,3.6,3.4,Exposed
2002_PALM_OE5_3,17/05/2002,2002,2002,OE5,3,17,NA,10.88,3.2,3.4,Exposed
2002_PALM_OE5_4,17/05/2002,2002,2002,OE5,4,17,NA,4.84,2.2,2.2,Exposed
2002_PALM_OE5_5,17/05/2002,2002,2002,OE5,5,17,NA,8.96,2.8,3.2,Exposed
2002_PALM_OE6_1,16/05/2002,2002,2002,OE6,1,18,NA,14.4,4,3.6,Exposed
2002_PALM_OE6_2,16/05/2002,2002,2002,OE6,2,18,NA,20.24,4.6,4.4,Exposed
2002_PALM_OE6_3,16/05/2002,2002,2002,OE6,3,18,NA,18.48,4.4,4.2,Exposed
2002_PALM_OE6_4,16/05/2002,2002,2002,OE6,4,18,NA,22.08,4.6,4.8,Exposed
2002_PALM_OE6_5,16/05/2002,2002,2002,OE6,5,18,NA,12.24,3.4,3.6,Exposed
2002_PALM_OS1_1,1/04/2002,2002,2002,OS1,1,4,NA,21,5,4.2,Sheltered
2002_PALM_OS1_2,1/04/2002,2002,2002,OS1,2,4,NA,19.36,4.4,4.4,Sheltered
2002_PALM_OS1_3,1/04/2002,2002,2002,OS1,3,4,NA,17.64,4.2,4.2,Sheltered
2002_PALM_OS1_4,1/04/2002,2002,2002,OS1,4,4,NA,21.16,4.6,4.6,Sheltered
2002_PALM_OS1_5,1/04/2002,2002,2002,OS1,5,4,NA,17.64,4.2,4.2,Sheltered
2002_PALM_OS2_1,19/04/2002,2002,2002,OS2,1,4,NA,8.32,2.6,3.2,Sheltered
2002_PALM_OS2_2,19/04/2002,2002,2002,OS2,2,4,NA,3.52,1.6,2.2,Sheltered
2002_PALM_OS2_3,19/04/2002,2002,2002,OS2,3,4,NA,5.4,1.8,3,Sheltered
2002_PALM_OS2_4,19/04/2002,2002,2002,OS2,4,5,NA,6.6,2.2,3,Sheltered
2002_PALM_OS2_5,19/04/2002,2002,2002,OS2,5,5,NA,11.56,3.4,3.4,Sheltered
2002_PALM_OS3_1,7/04/2002,2002,2002,OS3,1,5,NA,10.24,3.2,3.2,Sheltered
2002_PALM_OS3_2,7/04/2002,2002,2002,OS3,2,5,NA,9,3,3,Sheltered
2002_PALM_OS3_3,7/04/2002,2002,2002,OS3,3,5,NA,7.2,3,2.4,Sheltered
2002_PALM_OS3_4,7/04/2002,2002,2002,OS3,4,4,NA,14.44,3.8,3.8,Sheltered
2002_PALM_OS3_5,7/04/2002,2002,2002,OS3,5,4,NA,9,3,3,Sheltered
2002_PALM_OS4_1,2/04/2002,2002,2002,OS4,1,4,NA,16,4,4,Sheltered
2002_PALM_OS4_2,2/04/2002,2002,2002,OS4,2,4,NA,17.48,4.6,3.8,Sheltered
2002_PALM_OS4_3,2/04/2002,2002,2002,OS4,3,4,NA,10.2,3.4,3,Sheltered
2002_PALM_OS4_4,2/04/2002,2002,2002,OS4,4,4,NA,6.6,3,2.2,Sheltered
2002_PALM_OS4_5,2/04/2002,2002,2002,OS4,5,4,NA,5.2,2.6,2,Sheltered
2002_PALM_OS5_1,8/04/2002,2002,2002,OS5,1,6,NA,6.24,2.4,2.6,Sheltered
2002_PALM_OS5_2,8/04/2002,2002,2002,OS5,2,6,NA,9.6,3,3.2,Sheltered
2002_PALM_OS5_3,8/04/2002,2002,2002,OS5,3,6,NA,10.24,3.2,3.2,Sheltered
2002_PALM_OS5_4,8/04/2002,2002,2002,OS5,4,6,NA,12.16,3.2,3.8,Sheltered
2002_PALM_OS5_5,8/04/2002,2002,2002,OS5,5,6,NA,10.88,3.2,3.4,Sheltered
2002_PALM_OS6_1,3/04/2002,2002,2002,OS6,1,7,NA,6.24,2.6,2.4,Semi-exposed
2002_PALM_OS6_2,3/04/2002,2002,2002,OS6,2,7,NA,9.6,3.2,3,Semi-exposed
2002_PALM_OS6_3,3/04/2002,2002,2002,OS6,3,7,NA,15.84,4.4,3.6,Semi-exposed
2002_PALM_OS6_4,3/04/2002,2002,2002,OS6,4,7,NA,5.28,2.4,2.2,Semi-exposed
2002_PALM_OS6_5,3/04/2002,2002,2002,OS6,5,7,NA,3.24,1.8,1.8,Semi-exposed
2002_WHITSUNDAY_HB1_1,26/11/2002,2002,2002,HB1,1,8,NA,16.72,3.8,4.4,Exposed
2002_WHITSUNDAY_HB1_2,26/11/2002,2002,2002,HB1,2,8,NA,21.12,4.4,4.8,Exposed
2002_WHITSUNDAY_HB1_3,26/11/2002,2002,2002,HB1,3,8,NA,18.24,3.8,4.8,Exposed
2002_WHITSUNDAY_HB1_4,26/11/2002,2002,2002,HB1,4,8,NA,22,4.4,5,Exposed
2002_WHITSUNDAY_HB1_5,26/11/2002,2002,2002,HB1,5,4,NA,11.52,3.2,3.6,Exposed
2002_WHITSUNDAY_HB2_1,26/11/2002,2002,2002,HB2,1,5,NA,12.96,3.6,3.6,Exposed
2002_WHITSUNDAY_HB2_2,26/11/2002,2002,2002,HB2,2,5,NA,16.8,4.2,4,Exposed
2002_WHITSUNDAY_HB2_3,26/11/2002,2002,2002,HB2,3,6,NA,15.2,3.8,4,Exposed
2002_WHITSUNDAY_HB2_4,26/11/2002,2002,2002,HB2,4,6,NA,11.56,3.4,3.4,Exposed
2002_WHITSUNDAY_HB2_5,26/11/2002,2002,2002,HB2,5,5,NA,12.96,3.6,3.6,Exposed
2002_WHITSUNDAY_HB3_1,23/11/2002,2002,2002,HB3,1,4,NA,8.4,2.8,3,Sheltered
2002_WHITSUNDAY_HB3_2,23/11/2002,2002,2002,HB3,2,4,NA,6,2,3,Sheltered
2002_WHITSUNDAY_HB3_3,23/11/2002,2002,2002,HB3,3,4,NA,5.72,2.2,2.6,Sheltered
2002_WHITSUNDAY_HB3_4,23/11/2002,2002,2002,HB3,4,4,NA,7.8,2.6,3,Sheltered
2002_WHITSUNDAY_HB3_5,23/11/2002,2002,2002,HB3,5,4,NA,7.8,2.6,3,Sheltered
2002_WHITSUNDAY_HB4_1,23/11/2002,2002,2002,HB4,1,6,NA,5.6,2,2.8,Exposed
2002_WHITSUNDAY_HB4_2,23/11/2002,2002,2002,HB4,2,6,NA,6.76,2.6,2.6,Exposed
2002_WHITSUNDAY_HB4_3,23/11/2002,2002,2002,HB4,3,6,NA,5.2,2,2.6,Exposed
2002_WHITSUNDAY_HB4_4,23/11/2002,2002,2002,HB4,4,7,NA,5.76,2.4,2.4,Exposed
2002_WHITSUNDAY_HB4_5,23/11/2002,2002,2002,HB4,5,7,NA,7.84,2.8,2.8,Exposed
2002_WHITSUNDAY_HB5_1,23/11/2002,2002,2002,HB5,1,5,NA,6,2,3,Exposed
2002_WHITSUNDAY_HB5_2,23/11/2002,2002,2002,HB5,2,5,NA,6.6,2.2,3,Exposed
2002_WHITSUNDAY_HB5_3,23/11/2002,2002,2002,HB5,3,6,NA,8.4,2.8,3,Exposed
2002_WHITSUNDAY_HB5_4,23/11/2002,2002,2002,HB5,4,6,NA,9,3,3,Exposed
2002_WHITSUNDAY_HB5_5,23/11/2002,2002,2002,HB5,5,6,NA,9,3,3,Exposed
2002_WHITSUNDAY_HB6_1,25/11/2002,2002,2002,HB6,1,9,NA,6,2,3,Exposed
2002_WHITSUNDAY_HB6_2,25/11/2002,2002,2002,HB6,2,9,NA,6,2,3,Exposed
2002_WHITSUNDAY_HB6_3,25/11/2002,2002,2002,HB6,3,9,NA,6,2,3,Exposed
2002_WHITSUNDAY_HB6_4,25/11/2002,2002,2002,HB6,4,9,NA,6,2,3,Exposed
2002_WHITSUNDAY_HB6_5,25/11/2002,2002,2002,HB6,5,9,NA,6,2,3,Exposed
2002_WHITSUNDAY_W1_1,29/11/2002,2002,2002,W1,1,5,NA,5.28,2.2,2.4,Semi-exposed
2002_WHITSUNDAY_W1_2,29/11/2002,2002,2002,W1,2,5,NA,4.4,2,2.2,Semi-exposed
2002_WHITSUNDAY_W1_3,29/11/2002,2002,2002,W1,3,5,NA,4.4,2,2.2,Semi-exposed
2002_WHITSUNDAY_W1_4,29/11/2002,2002,2002,W1,4,5,NA,7.2,3,2.4,Semi-exposed
2002_WHITSUNDAY_W1_5,29/11/2002,2002,2002,W1,5,5,NA,6.76,2.6,2.6,Semi-exposed
2002_WHITSUNDAY_W2_1,1/12/2002,2002,2002,W2,1,4,NA,18.48,4.2,4.4,Semi-exposed
2002_WHITSUNDAY_W2_2,1/12/2002,2002,2002,W2,2,5,NA,20.24,4.4,4.6,Semi-exposed
2002_WHITSUNDAY_W2_3,1/12/2002,2002,2002,W2,3,4,NA,16.72,3.8,4.4,Semi-exposed
2002_WHITSUNDAY_W2_4,1/12/2002,2002,2002,W2,4,5,NA,12.92,3.4,3.8,Semi-exposed
2002_WHITSUNDAY_W2_5,1/12/2002,2002,2002,W2,5,5,NA,19.32,4.2,4.6,Semi-exposed
2002_WHITSUNDAY_W3_1,30/11/2002,2002,2002,W3,1,4,NA,9.6,3,3.2,Semi-exposed
2002_WHITSUNDAY_W3_2,30/11/2002,2002,2002,W3,2,5,NA,16.72,4.4,3.8,Semi-exposed
2002_WHITSUNDAY_W3_3,30/11/2002,2002,2002,W3,3,5,NA,17.64,4.2,4.2,Semi-exposed
2002_WHITSUNDAY_W3_4,30/11/2002,2002,2002,W3,4,4,NA,14.4,4,3.6,Semi-exposed
2002_WHITSUNDAY_W3_5,30/11/2002,2002,2002,W3,5,5,NA,12.8,4,3.2,Semi-exposed
2002_WHITSUNDAY_W4_1,30/11/2002,2002,2002,W4,1,5,NA,12.8,3.2,4,Semi-exposed
2002_WHITSUNDAY_W4_2,30/11/2002,2002,2002,W4,2,6,NA,15.12,3.6,4.2,Semi-exposed
2002_WHITSUNDAY_W4_3,30/11/2002,2002,2002,W4,3,6,NA,15.2,3.8,4,Semi-exposed
2002_WHITSUNDAY_W4_4,30/11/2002,2002,2002,W4,4,5,NA,12.92,3.4,3.8,Semi-exposed
2002_WHITSUNDAY_W4_5,30/11/2002,2002,2002,W4,5,6,NA,14.44,3.8,3.8,Semi-exposed
2002_WHITSUNDAY_W5_1,1/12/2002,2002,2002,W5,1,5,NA,16.8,4,4.2,Semi-exposed
2002_WHITSUNDAY_W5_2,1/12/2002,2002,2002,W5,2,5,NA,16,4,4,Semi-exposed
2002_WHITSUNDAY_W5_3,1/12/2002,2002,2002,W5,3,5,NA,12.92,3.4,3.8,Semi-exposed
2002_WHITSUNDAY_W5_4,1/12/2002,2002,2002,W5,4,5,NA,15.12,3.6,4.2,Semi-exposed
2002_WHITSUNDAY_W5_5,1/12/2002,2002,2002,W5,5,5,NA,16.8,4,4.2,Semi-exposed
2002_WHITSUNDAY_W6_1,1/12/2002,2002,2002,W6,1,7,NA,12.8,3.2,4,Semi-exposed
2002_WHITSUNDAY_W6_2,1/12/2002,2002,2002,W6,2,8,NA,15.96,3.8,4.2,Semi-exposed
2002_WHITSUNDAY_W6_3,1/12/2002,2002,2002,W6,3,7,NA,13.6,3.4,4,Semi-exposed
2002_WHITSUNDAY_W6_4,1/12/2002,2002,2002,W6,4,8,NA,8.16,2.4,3.4,Semi-exposed
2002_WHITSUNDAY_W6_5,1/12/2002,2002,2002,W6,5,7,NA,10.88,3.2,3.4,Semi-exposed
2002_WHITSUNDAY_B1_1,30/11/2002,2002,2002,B1,1,6,NA,9,3,3,Sheltered
2002_WHITSUNDAY_B1_2,30/11/2002,2002,2002,B1,2,6,NA,7.8,3,2.6,Sheltered
2002_WHITSUNDAY_B1_3,30/11/2002,2002,2002,B1,3,6,NA,8.4,3,2.8,Sheltered
2002_WHITSUNDAY_B1_4,30/11/2002,2002,2002,B1,4,6,NA,8.4,3,2.8,Sheltered
2002_WHITSUNDAY_B1_5,30/11/2002,2002,2002,B1,5,6,NA,7.2,3,2.4,Sheltered
2002_WHITSUNDAY_B2_1,27/11/2002,2002,2002,B2,1,6,NA,9,3,3,Sheltered
2002_WHITSUNDAY_B2_2,27/11/2002,2002,2002,B2,2,6,NA,6.24,2.6,2.4,Sheltered
2002_WHITSUNDAY_B2_3,27/11/2002,2002,2002,B2,3,7,NA,6.6,3,2.2,Sheltered
2002_WHITSUNDAY_B2_4,27/11/2002,2002,2002,B2,4,6,NA,7.28,2.8,2.6,Sheltered
2002_WHITSUNDAY_B2_5,27/11/2002,2002,2002,B2,5,7,NA,6.24,2.6,2.4,Sheltered
2002_WHITSUNDAY_B3_1,27/11/2002,2002,2002,B3,1,9,NA,8.4,2.8,3,Exposed
2002_WHITSUNDAY_B3_2,27/11/2002,2002,2002,B3,2,9,NA,5.72,2.2,2.6,Exposed
2002_WHITSUNDAY_B3_3,27/11/2002,2002,2002,B3,3,9,NA,5.2,2,2.6,Exposed
2002_WHITSUNDAY_B3_4,27/11/2002,2002,2002,B3,4,9,NA,9,3,3,Exposed
2002_WHITSUNDAY_B3_5,27/11/2002,2002,2002,B3,5,9,NA,9,3,3,Exposed
2002_WHITSUNDAY_B4_1,27/11/2002,2002,2002,B4,1,9,NA,4.4,2,2.2,Exposed
2002_WHITSUNDAY_B4_2,27/11/2002,2002,2002,B4,2,9,NA,4.4,2,2.2,Exposed
2002_WHITSUNDAY_B4_3,27/11/2002,2002,2002,B4,3,9,NA,5.4,1.8,3,Exposed
2002_WHITSUNDAY_B4_4,27/11/2002,2002,2002,B4,4,9,NA,4,2,2,Exposed
2002_WHITSUNDAY_B4_5,27/11/2002,2002,2002,B4,5,9,NA,4,2,2,Exposed
2002_WHITSUNDAY_B5_1,29/11/2002,2002,2002,B5,1,4,NA,7.8,3,2.6,Semi-exposed
2002_WHITSUNDAY_B5_2,29/11/2002,2002,2002,B5,2,4,NA,9,3,3,Semi-exposed
2002_WHITSUNDAY_B5_3,29/11/2002,2002,2002,B5,3,4,NA,10.24,3.2,3.2,Semi-exposed
2002_WHITSUNDAY_B5_4,29/11/2002,2002,2002,B5,4,5,NA,6.6,3,2.2,Semi-exposed
2002_WHITSUNDAY_B5_5,29/11/2002,2002,2002,B5,5,5,NA,6.6,3,2.2,Semi-exposed
2002_WHITSUNDAY_B6_1,29/11/2002,2002,2002,B6,1,5,NA,9.6,3,3.2,Semi-exposed
2002_WHITSUNDAY_B6_2,29/11/2002,2002,2002,B6,2,5,NA,12.24,3.4,3.6,Semi-exposed
2002_WHITSUNDAY_B6_3,29/11/2002,2002,2002,B6,3,5,NA,11.52,3.2,3.6,Semi-exposed
2002_WHITSUNDAY_B6_4,29/11/2002,2002,2002,B6,4,5,NA,12.96,3.6,3.6,Semi-exposed
2002_WHITSUNDAY_B6_5,29/11/2002,2002,2002,B6,5,5,NA,9,3,3,Semi-exposed
2002_WHITSUNDAY_HG1_1,22/11/2002,2002,2002,HG1,1,5,NA,12.92,3.4,3.8,Semi-exposed
2002_WHITSUNDAY_HG1_2,22/11/2002,2002,2002,HG1,2,5,NA,12.24,3.4,3.6,Semi-exposed
2002_WHITSUNDAY_HG1_3,22/11/2002,2002,2002,HG1,3,5,NA,11.52,3.2,3.6,Semi-exposed
2002_WHITSUNDAY_HG1_4,22/11/2002,2002,2002,HG1,4,4,NA,14.4,3.6,4,Semi-exposed
2002_WHITSUNDAY_HG1_5,22/11/2002,2002,2002,HG1,5,4,NA,10.8,3,3.6,Semi-exposed
2002_WHITSUNDAY_HG2_1,25/11/2002,2002,2002,HG2,1,8,NA,5.2,2,2.6,Semi-exposed
2002_WHITSUNDAY_HG2_2,25/11/2002,2002,2002,HG2,2,8,NA,8.32,2.6,3.2,Semi-exposed
2002_WHITSUNDAY_HG2_3,25/11/2002,2002,2002,HG2,3,8,NA,8.32,2.6,3.2,Semi-exposed
2002_WHITSUNDAY_HG2_4,25/11/2002,2002,2002,HG2,4,9,NA,12.92,3.4,3.8,Semi-exposed
2002_WHITSUNDAY_HG2_5,25/11/2002,2002,2002,HG2,5,9,NA,6.72,2.4,2.8,Semi-exposed
2002_WHITSUNDAY_HG3_1,21/11/2002,2002,2002,HG3,1,6,NA,12.96,3.6,3.6,Semi-exposed
2002_WHITSUNDAY_HG3_2,21/11/2002,2002,2002,HG3,2,6,NA,13.68,3.6,3.8,Semi-exposed
2002_WHITSUNDAY_HG3_3,21/11/2002,2002,2002,HG3,3,6,NA,15.2,3.8,4,Semi-exposed
2002_WHITSUNDAY_HG3_4,21/11/2002,2002,2002,HG3,4,6,NA,12.96,3.6,3.6,Semi-exposed
2002_WHITSUNDAY_HG3_5,21/11/2002,2002,2002,HG3,5,6,NA,10.8,3,3.6,Semi-exposed
2002_WHITSUNDAY_HG4_1,22/11/2002,2002,2002,HG4,1,6,NA,15.12,3.6,4.2,Semi-exposed
2002_WHITSUNDAY_HG4_2,22/11/2002,2002,2002,HG4,2,6,NA,11.52,3.2,3.6,Semi-exposed
2002_WHITSUNDAY_HG4_3,22/11/2002,2002,2002,HG4,3,7,NA,15.96,3.8,4.2,Semi-exposed
2002_WHITSUNDAY_HG4_4,22/11/2002,2002,2002,HG4,4,6,NA,8.96,2.8,3.2,Semi-exposed
2002_WHITSUNDAY_HG4_5,22/11/2002,2002,2002,HG4,5,6,NA,6.72,2.4,2.8,Semi-exposed
2002_WHITSUNDAY_HG5_1,21/11/2002,2002,2002,HG5,1,6,NA,9.52,2.8,3.4,Semi-exposed
2002_WHITSUNDAY_HG5_2,21/11/2002,2002,2002,HG5,2,6,NA,6.76,2.6,2.6,Semi-exposed
2002_WHITSUNDAY_HG5_3,21/11/2002,2002,2002,HG5,3,6,NA,7.2,3,2.4,Semi-exposed
2002_WHITSUNDAY_HG5_4,21/11/2002,2002,2002,HG5,4,6,NA,9,3,3,Semi-exposed
2002_WHITSUNDAY_HG5_5,21/11/2002,2002,2002,HG5,5,6,NA,10.88,3.4,3.2,Semi-exposed
2002_WHITSUNDAY_HG6_1,21/11/2002,2002,2002,HG6,1,6,NA,12.16,3.2,3.8,Semi-exposed
2002_WHITSUNDAY_HG6_2,21/11/2002,2002,2002,HG6,2,6,NA,10.88,3.2,3.4,Semi-exposed
2002_WHITSUNDAY_HG6_3,21/11/2002,2002,2002,HG6,3,6,NA,14.4,3.6,4,Semi-exposed
2002_WHITSUNDAY_HG6_4,21/11/2002,2002,2002,HG6,4,6,NA,16,4,4,Semi-exposed
2002_WHITSUNDAY_HG6_5,21/11/2002,2002,2002,HG6,5,6,NA,13.6,3.4,4,Semi-exposed
2003_PALM_PE1_1,27/02/2003,2003,2003,PE1,1,6,NA,4,2,2,Exposed
2003_PALM_PE1_2,27/02/2003,2003,2003,PE1,2,6,NA,4,2,2,Exposed
2003_PALM_PE1_3,27/02/2003,2003,2003,PE1,3,6,NA,4,2,2,Exposed
2003_PALM_PE1_4,27/02/2003,2003,2003,PE1,4,6,NA,4,2,2,Exposed
2003_PALM_PE1_5,27/02/2003,2003,2003,PE1,5,6,NA,3.12,1.2,2.6,Exposed
2003_PALM_PE2_1,25/02/2003,2003,2003,PE2,1,6,NA,1,1,1,Exposed
2003_PALM_PE2_2,25/02/2003,2003,2003,PE2,2,6,NA,1,1,1,Exposed
2003_PALM_PE2_3,25/02/2003,2003,2003,PE2,3,6,NA,1.44,1.2,1.2,Exposed
2003_PALM_PE2_4,25/02/2003,2003,2003,PE2,4,6,NA,1.2,1,1.2,Exposed
2003_PALM_PE2_5,25/02/2003,2003,2003,PE2,5,6,NA,3.08,1.4,2.2,Exposed
2003_PALM_PE3_1,26/02/2003,2003,2003,PE3,1,6,NA,4.8,2,2.4,Exposed
2003_PALM_PE3_2,26/02/2003,2003,2003,PE3,2,6,NA,6,2,3,Exposed
2003_PALM_PE3_3,26/02/2003,2003,2003,PE3,3,6,NA,5.2,2,2.6,Exposed
2003_PALM_PE3_4,26/02/2003,2003,2003,PE3,4,6,NA,6,2,3,Exposed
2003_PALM_PE3_5,26/02/2003,2003,2003,PE3,5,6,NA,6,2,3,Exposed
2003_PALM_PE4_1,26/02/2003,2003,2003,PE4,1,7,NA,7.2,2.4,3,Exposed
2003_PALM_PE4_2,26/02/2003,2003,2003,PE4,2,7,NA,6.6,3,2.2,Exposed
2003_PALM_PE4_3,26/02/2003,2003,2003,PE4,3,7,NA,6.6,2.2,3,Exposed
2003_PALM_PE4_4,26/02/2003,2003,2003,PE4,4,7,NA,6.6,2.2,3,Exposed
2003_PALM_PE4_5,26/02/2003,2003,2003,PE4,5,7,NA,9,3,3,Exposed
2003_PALM_PE5_1,27/02/2003,2003,2003,PE5,1,7,NA,9,3,3,Exposed
2003_PALM_PE5_2,27/02/2003,2003,2003,PE5,2,7,NA,10.2,3,3.4,Exposed
2003_PALM_PE5_3,27/02/2003,2003,2003,PE5,3,7,NA,16.8,4.2,4,Exposed
2003_PALM_PE5_4,27/02/2003,2003,2003,PE5,4,7,NA,12,3,4,Exposed
2003_PALM_PE5_5,27/02/2003,2003,2003,PE5,5,7,NA,12,3,4,Exposed
2003_PALM_PE6_1,1/03/2003,2003,2003,PE6,1,16,NA,6,2,3,Exposed
2003_PALM_PE6_2,1/03/2003,2003,2003,PE6,2,16,NA,6,2,3,Exposed
2003_PALM_PE6_3,1/03/2003,2003,2003,PE6,3,16,NA,6,2,3,Exposed
2003_PALM_PE6_4,1/03/2003,2003,2003,PE6,4,16,NA,6,2,3,Exposed
2003_PALM_PE6_5,1/03/2003,2003,2003,PE6,5,16,NA,4.8,1.6,3,Exposed
2003_PALM_PS1_1,12/03/2003,2003,2003,PS1,1,5,NA,8,2,4,Sheltered
2003_PALM_PS1_2,12/03/2003,2003,2003,PS1,2,5,NA,6,2,3,Sheltered
2003_PALM_PS1_3,12/03/2003,2003,2003,PS1,3,5,NA,8.16,2.4,3.4,Sheltered
2003_PALM_PS1_4,12/03/2003,2003,2003,PS1,4,5,NA,3,1,3,Sheltered
2003_PALM_PS1_5,12/03/2003,2003,2003,PS1,5,5,NA,4.08,1.2,3.4,Sheltered
2003_PALM_PS2_1,2/03/2003,2003,2003,PS2,1,7,NA,7.2,2.4,3,Sheltered
2003_PALM_PS2_2,2/03/2003,2003,2003,PS2,2,7,NA,6,2,3,Sheltered
2003_PALM_PS2_3,2/03/2003,2003,2003,PS2,3,7,NA,6,2,3,Sheltered
2003_PALM_PS2_4,2/03/2003,2003,2003,PS2,4,7,NA,10.8,3,3.6,Sheltered
2003_PALM_PS2_5,2/03/2003,2003,2003,PS2,5,7,NA,9.6,3,3.2,Sheltered
2003_PALM_PS3_1,2/03/2003,2003,2003,PS3,1,5,NA,4.48,1.6,2.8,Sheltered
2003_PALM_PS3_2,2/03/2003,2003,2003,PS3,2,5,NA,3.64,1.4,2.6,Sheltered
2003_PALM_PS3_3,2/03/2003,2003,2003,PS3,3,5,NA,3.6,1.2,3,Sheltered
2003_PALM_PS3_4,2/03/2003,2003,2003,PS3,4,5,NA,4.16,1.6,2.6,Sheltered
2003_PALM_PS3_5,2/03/2003,2003,2003,PS3,5,5,NA,6,2,3,Sheltered
2003_PALM_PS4_1,11/03/2003,2003,2003,PS4,1,6,NA,6,2,3,Sheltered
2003_PALM_PS4_2,11/03/2003,2003,2003,PS4,2,6,NA,7.2,2.4,3,Sheltered
2003_PALM_PS4_3,11/03/2003,2003,2003,PS4,3,6,NA,6,2,3,Sheltered
2003_PALM_PS4_4,11/03/2003,2003,2003,PS4,4,6,NA,6,2,3,Sheltered
2003_PALM_PS4_5,11/03/2003,2003,2003,PS4,5,6,NA,7.2,2.4,3,Sheltered
2003_PALM_PS5_1,13/03/2003,2003,2003,PS5,1,8,NA,6,2,3,Sheltered
2003_PALM_PS5_2,13/03/2003,2003,2003,PS5,2,8,NA,6,2,3,Sheltered
2003_PALM_PS5_3,13/03/2003,2003,2003,PS5,3,8,NA,6,2,3,Sheltered
2003_PALM_PS5_4,13/03/2003,2003,2003,PS5,4,8,NA,10.64,2.8,3.8,Sheltered
2003_PALM_PS5_5,13/03/2003,2003,2003,PS5,5,8,NA,9,3,3,Sheltered
2003_PALM_PS6_1,13/03/2003,2003,2003,PS6,1,5,NA,6,2,3,Semi-exposed
2003_PALM_PS6_2,13/03/2003,2003,2003,PS6,2,5,NA,6,2,3,Semi-exposed
2003_PALM_PS6_3,13/03/2003,2003,2003,PS6,3,5,NA,6.6,2.2,3,Semi-exposed
2003_PALM_PS6_4,13/03/2003,2003,2003,PS6,4,5,NA,7.2,2.4,3,Semi-exposed
2003_PALM_PS6_5,13/03/2003,2003,2003,PS6,5,5,NA,9,3,3,Semi-exposed
2003_PALM_OE1_1,1/03/2003,2003,2003,OE1,1,4,NA,4.4,2.2,2,Exposed
2003_PALM_OE1_2,1/03/2003,2003,2003,OE1,2,4,NA,4.8,1.6,3,Exposed
2003_PALM_OE1_3,1/03/2003,2003,2003,OE1,3,4,NA,5.4,1.8,3,Exposed
2003_PALM_OE1_4,1/03/2003,2003,2003,OE1,4,4,NA,9,3,3,Exposed
2003_PALM_OE1_5,1/03/2003,2003,2003,OE1,5,4,NA,9,3,3,Exposed
2003_PALM_OE2_1,1/03/2003,2003,2003,OE2,1,4,NA,5.4,1.8,3,Exposed
2003_PALM_OE2_2,1/03/2003,2003,2003,OE2,2,4,NA,6,2,3,Exposed
2003_PALM_OE2_3,1/03/2003,2003,2003,OE2,3,4,NA,6,2,3,Exposed
2003_PALM_OE2_4,1/03/2003,2003,2003,OE2,4,4,NA,4.8,1.6,3,Exposed
2003_PALM_OE2_5,1/03/2003,2003,2003,OE2,5,4,NA,4.8,1.6,3,Exposed
2003_PALM_OE3_1,27/02/2003,2003,2003,OE3,1,6,NA,9,3,3,Exposed
2003_PALM_OE3_2,27/02/2003,2003,2003,OE3,2,6,NA,9,3,3,Exposed
2003_PALM_OE3_3,27/02/2003,2003,2003,OE3,3,6,NA,9,3,3,Exposed
2003_PALM_OE3_4,27/02/2003,2003,2003,OE3,4,6,NA,9,3,3,Exposed
2003_PALM_OE3_5,27/02/2003,2003,2003,OE3,5,6,NA,9,3,3,Exposed
2003_PALM_OE4_1,25/02/2003,2003,2003,OE4,1,9,NA,6.6,2.2,3,Exposed
2003_PALM_OE4_2,25/02/2003,2003,2003,OE4,2,9,NA,6,2,3,Exposed
2003_PALM_OE4_3,25/02/2003,2003,2003,OE4,3,9,NA,6,2,3,Exposed
2003_PALM_OE4_4,25/02/2003,2003,2003,OE4,4,9,NA,9,3,3,Exposed
2003_PALM_OE4_5,25/02/2003,2003,2003,OE4,5,9,NA,7.8,2.6,3,Exposed
2003_PALM_OE5_1,25/02/2003,2003,2003,OE5,1,8,NA,16,4,4,Exposed
2003_PALM_OE5_2,25/02/2003,2003,2003,OE5,2,8,NA,16,4,4,Exposed
2003_PALM_OE5_3,25/02/2003,2003,2003,OE5,3,8,NA,14.4,3.6,4,Exposed
2003_PALM_OE5_4,25/02/2003,2003,2003,OE5,4,8,NA,6.76,2.6,2.6,Exposed
2003_PALM_OE5_5,25/02/2003,2003,2003,OE5,5,8,NA,5.2,2,2.6,Exposed
2003_PALM_OE6_1,26/02/2003,2003,2003,OE6,1,5,NA,4.8,2,2.4,Exposed
2003_PALM_OE6_2,26/02/2003,2003,2003,OE6,2,5,NA,7.8,2.6,3,Exposed
2003_PALM_OE6_3,26/02/2003,2003,2003,OE6,3,5,NA,4.4,2,2.2,Exposed
2003_PALM_OE6_4,26/02/2003,2003,2003,OE6,4,5,NA,4.8,2,2.4,Exposed
2003_PALM_OE6_5,26/02/2003,2003,2003,OE6,5,5,NA,4.8,2,2.4,Exposed
2003_PALM_OS1_1,12/03/2003,2003,2003,OS1,1,4,NA,8.4,2.8,3,Sheltered
2003_PALM_OS1_2,12/03/2003,2003,2003,OS1,2,4,NA,9,3,3,Sheltered
2003_PALM_OS1_3,12/03/2003,2003,2003,OS1,3,4,NA,9,3,3,Sheltered
2003_PALM_OS1_4,12/03/2003,2003,2003,OS1,4,4,NA,9,3,3,Sheltered
2003_PALM_OS1_5,12/03/2003,2003,2003,OS1,5,4,NA,9,3,3,Sheltered
2003_PALM_OS2_1,12/03/2003,2003,2003,OS2,1,4,NA,4,2,2,Sheltered
2003_PALM_OS2_2,12/03/2003,2003,2003,OS2,2,4,NA,4,2,2,Sheltered
2003_PALM_OS2_3,12/03/2003,2003,2003,OS2,3,4,NA,4,2,2,Sheltered
2003_PALM_OS2_4,12/03/2003,2003,2003,OS2,4,5,NA,6,2,3,Sheltered
2003_PALM_OS2_5,12/03/2003,2003,2003,OS2,5,5,NA,6,2,3,Sheltered
2003_PALM_OS3_1,2/03/2003,2003,2003,OS3,1,5,NA,6,2,3,Sheltered
2003_PALM_OS3_2,2/03/2003,2003,2003,OS3,2,5,NA,7.2,2.4,3,Sheltered
2003_PALM_OS3_3,2/03/2003,2003,2003,OS3,3,5,NA,9,3,3,Sheltered
2003_PALM_OS3_4,2/03/2003,2003,2003,OS3,4,4,NA,6,2,3,Sheltered
2003_PALM_OS3_5,2/03/2003,2003,2003,OS3,5,4,NA,6,2,3,Sheltered
2003_PALM_OS4_1,11/03/2003,2003,2003,OS4,1,4,NA,6,2,3,Sheltered
2003_PALM_OS4_2,11/03/2003,2003,2003,OS4,2,4,NA,6.6,2.2,3,Sheltered
2003_PALM_OS4_3,11/03/2003,2003,2003,OS4,3,4,NA,6,2,3,Sheltered
2003_PALM_OS4_4,11/03/2003,2003,2003,OS4,4,4,NA,6,2,3,Sheltered
2003_PALM_OS4_5,11/03/2003,2003,2003,OS4,5,4,NA,7.2,2.4,3,Sheltered
2003_PALM_OS5_1,11/03/2003,2003,2003,OS5,1,6,NA,6,2,3,Sheltered
2003_PALM_OS5_2,11/03/2003,2003,2003,OS5,2,6,NA,7.2,2.4,3,Sheltered
2003_PALM_OS5_3,11/03/2003,2003,2003,OS5,3,6,NA,9,3,3,Sheltered
2003_PALM_OS5_4,11/03/2003,2003,2003,OS5,4,6,NA,7.2,2.4,3,Sheltered
2003_PALM_OS5_5,11/03/2003,2003,2003,OS5,5,6,NA,8.4,2.8,3,Sheltered
2003_PALM_OS6_1,13/03/2003,2003,2003,OS6,1,7,NA,6,2,3,Semi-exposed
2003_PALM_OS6_2,13/03/2003,2003,2003,OS6,2,7,NA,5.2,2,2.6,Semi-exposed
2003_PALM_OS6_3,13/03/2003,2003,2003,OS6,3,7,NA,5.2,2,2.6,Semi-exposed
2003_PALM_OS6_4,13/03/2003,2003,2003,OS6,4,7,NA,6,2,3,Semi-exposed
2003_PALM_OS6_5,13/03/2003,2003,2003,OS6,5,7,NA,4,2,2,Semi-exposed
2003_WHITSUNDAY_DB1_1,28/11/2003,2003,2003,DB1,1,6,NA,4,1,4,Semi-exposed
2003_WHITSUNDAY_DB1_2,28/11/2003,2003,2003,DB1,2,6,NA,3.8,1,3.8,Semi-exposed
2003_WHITSUNDAY_DB1_3,28/11/2003,2003,2003,DB1,3,6,NA,4.8,1.6,3,Semi-exposed
2003_WHITSUNDAY_DB1_4,28/11/2003,2003,2003,DB1,4,6,NA,4.8,2,2.4,Semi-exposed
2003_WHITSUNDAY_DB1_5,28/11/2003,2003,2003,DB1,5,6,NA,5.6,2,2.8,Semi-exposed
2003_WHITSUNDAY_DB2_1,5/12/2003,2003,2003,DB2,1,6,NA,5.12,1.6,3.2,Semi-exposed
2003_WHITSUNDAY_DB2_2,5/12/2003,2003,2003,DB2,2,6,NA,5.6,2,2.8,Semi-exposed
2003_WHITSUNDAY_DB2_3,5/12/2003,2003,2003,DB2,3,6,NA,8.84,2.6,3.4,Semi-exposed
2003_WHITSUNDAY_DB2_4,5/12/2003,2003,2003,DB2,4,6,NA,6.76,2.6,2.6,Semi-exposed
2003_WHITSUNDAY_DB2_5,5/12/2003,2003,2003,DB2,5,6,NA,21.16,4.6,4.6,Semi-exposed
2003_WHITSUNDAY_DE1_1,5/12/2003,2003,2003,DE1,1,9,NA,9,3,3,Exposed
2003_WHITSUNDAY_DE1_2,5/12/2003,2003,2003,DE1,2,9,NA,10.88,3.4,3.2,Exposed
2003_WHITSUNDAY_DE1_3,5/12/2003,2003,2003,DE1,3,9,NA,9,3,3,Exposed
2003_WHITSUNDAY_DE1_4,5/12/2003,2003,2003,DE1,4,9,NA,7.8,3,2.6,Exposed
2003_WHITSUNDAY_DE1_5,5/12/2003,2003,2003,DE1,5,9,NA,7.8,3,2.6,Exposed
2003_WHITSUNDAY_HB1_1,6/12/2003,2003,2003,HB1,1,6,NA,9.6,3,3.2,Exposed
2003_WHITSUNDAY_HB1_2,6/12/2003,2003,2003,HB1,2,6,NA,10.8,3,3.6,Exposed
2003_WHITSUNDAY_HB1_3,6/12/2003,2003,2003,HB1,3,6,NA,10.2,3,3.4,Exposed
2003_WHITSUNDAY_HB1_4,6/12/2003,2003,2003,HB1,4,6,NA,6.6,2.2,3,Exposed
2003_WHITSUNDAY_HB1_5,6/12/2003,2003,2003,HB1,5,6,NA,10.8,3,3.6,Exposed
2003_WHITSUNDAY_HB2_1,6/12/2003,2003,2003,HB2,1,6,NA,8.32,2.6,3.2,Exposed
2003_WHITSUNDAY_HB2_2,6/12/2003,2003,2003,HB2,2,6,NA,7.8,2.6,3,Exposed
2003_WHITSUNDAY_HB2_3,6/12/2003,2003,2003,HB2,3,6,NA,7.2,2.4,3,Exposed
2003_WHITSUNDAY_HB2_4,6/12/2003,2003,2003,HB2,4,6,NA,7.2,2.4,3,Exposed
2003_WHITSUNDAY_HB2_5,6/12/2003,2003,2003,HB2,5,6,NA,8.96,2.8,3.2,Exposed
2003_WHITSUNDAY_HB3_1,3/12/2003,2003,2003,HB3,1,8,NA,12.24,3.4,3.6,Sheltered
2003_WHITSUNDAY_HB3_2,3/12/2003,2003,2003,HB3,2,8,NA,11.52,3.6,3.2,Sheltered
2003_WHITSUNDAY_HB3_3,3/12/2003,2003,2003,HB3,3,8,NA,10.24,3.2,3.2,Sheltered
2003_WHITSUNDAY_HB3_4,3/12/2003,2003,2003,HB3,4,8,NA,7.2,2.4,3,Sheltered
2003_WHITSUNDAY_HB3_5,3/12/2003,2003,2003,HB3,5,8,NA,6.6,2.2,3,Sheltered
2003_WHITSUNDAY_HB4_1,3/12/2003,2003,2003,HB4,1,8,NA,8.4,2.8,3,Exposed
2003_WHITSUNDAY_HB4_2,3/12/2003,2003,2003,HB4,2,8,NA,9.6,3,3.2,Exposed
2003_WHITSUNDAY_HB4_3,3/12/2003,2003,2003,HB4,3,8,NA,9.6,3.2,3,Exposed
2003_WHITSUNDAY_HB4_4,3/12/2003,2003,2003,HB4,4,8,NA,6.72,2.8,2.4,Exposed
2003_WHITSUNDAY_HB4_5,3/12/2003,2003,2003,HB4,5,8,NA,7.8,3,2.6,Exposed
2003_WHITSUNDAY_HB5_1,5/12/2003,2003,2003,HB5,1,8,NA,6.72,2.8,2.4,Exposed
2003_WHITSUNDAY_HB5_2,5/12/2003,2003,2003,HB5,2,8,NA,5.72,2.2,2.6,Exposed
2003_WHITSUNDAY_HB5_3,5/12/2003,2003,2003,HB5,3,8,NA,6.6,2.2,3,Exposed
2003_WHITSUNDAY_HB5_4,5/12/2003,2003,2003,HB5,4,8,NA,8.32,2.6,3.2,Exposed
2003_WHITSUNDAY_HB5_5,5/12/2003,2003,2003,HB5,5,8,NA,7.04,3.2,2.2,Exposed
2003_WHITSUNDAY_HB6_1,4/12/2003,2003,2003,HB6,1,7,NA,10.2,3.4,3,Exposed
2003_WHITSUNDAY_HB6_2,4/12/2003,2003,2003,HB6,2,7,NA,9,3,3,Exposed
2003_WHITSUNDAY_HB6_3,4/12/2003,2003,2003,HB6,3,7,NA,12.24,3.6,3.4,Exposed
2003_WHITSUNDAY_HB6_4,4/12/2003,2003,2003,HB6,4,7,NA,8.96,2.8,3.2,Exposed
2003_WHITSUNDAY_HB6_5,4/12/2003,2003,2003,HB6,5,7,NA,8.4,2.8,3,Exposed
2003_WHITSUNDAY_W1_1,6/12/2003,2003,2003,W1,1,5,NA,12.92,3.4,3.8,Semi-exposed
2003_WHITSUNDAY_W1_2,6/12/2003,2003,2003,W1,2,5,NA,13.68,3.6,3.8,Semi-exposed
2003_WHITSUNDAY_W1_3,6/12/2003,2003,2003,W1,3,5,NA,21.12,4.8,4.4,Semi-exposed
2003_WHITSUNDAY_W1_4,6/12/2003,2003,2003,W1,4,5,NA,13.68,3.6,3.8,Semi-exposed
2003_WHITSUNDAY_W1_5,6/12/2003,2003,2003,W1,5,5,NA,16,4,4,Semi-exposed
2003_WHITSUNDAY_W2_1,25/11/2003,2003,2003,W2,1,7,NA,10.88,3.2,3.4,Semi-exposed
2003_WHITSUNDAY_W2_2,25/11/2003,2003,2003,W2,2,7,NA,12.8,3.2,4,Semi-exposed
2003_WHITSUNDAY_W2_3,25/11/2003,2003,2003,W2,3,7,NA,12.92,3.4,3.8,Semi-exposed
2003_WHITSUNDAY_W2_4,25/11/2003,2003,2003,W2,4,7,NA,9,3,3,Semi-exposed
2003_WHITSUNDAY_W2_5,25/11/2003,2003,2003,W2,5,7,NA,11.52,3.2,3.6,Semi-exposed
2003_WHITSUNDAY_W3_1,25/11/2003,2003,2003,W3,1,7,NA,12.16,3.2,3.8,Semi-exposed
2003_WHITSUNDAY_W3_2,25/11/2003,2003,2003,W3,2,7,NA,13.6,3.4,4,Semi-exposed
2003_WHITSUNDAY_W3_3,25/11/2003,2003,2003,W3,3,7,NA,14.4,3.6,4,Semi-exposed
2003_WHITSUNDAY_W3_4,25/11/2003,2003,2003,W3,4,7,NA,11.52,3.2,3.6,Semi-exposed
2003_WHITSUNDAY_W3_5,25/11/2003,2003,2003,W3,5,7,NA,13.6,3.4,4,Semi-exposed
2003_WHITSUNDAY_W4_1,25/11/2003,2003,2003,W4,1,6,NA,12.24,3.4,3.6,Semi-exposed
2003_WHITSUNDAY_W4_2,25/11/2003,2003,2003,W4,2,6,NA,10.2,3,3.4,Semi-exposed
2003_WHITSUNDAY_W4_3,25/11/2003,2003,2003,W4,3,6,NA,8.96,2.8,3.2,Semi-exposed
2003_WHITSUNDAY_W4_4,25/11/2003,2003,2003,W4,4,6,NA,12.16,3.2,3.8,Semi-exposed
2003_WHITSUNDAY_W4_5,25/11/2003,2003,2003,W4,5,6,NA,12.8,3.2,4,Semi-exposed
2003_WHITSUNDAY_W5_1,27/11/2003,2003,2003,W5,1,7,NA,15.12,3.6,4.2,Semi-exposed
2003_WHITSUNDAY_W5_2,27/11/2003,2003,2003,W5,2,7,NA,13.44,3.2,4.2,Semi-exposed
2003_WHITSUNDAY_W5_3,27/11/2003,2003,2003,W5,3,7,NA,14.4,3.6,4,Semi-exposed
2003_WHITSUNDAY_W5_4,27/11/2003,2003,2003,W5,4,7,NA,11.4,3,3.8,Semi-exposed
2003_WHITSUNDAY_W5_5,27/11/2003,2003,2003,W5,5,7,NA,13.6,3.4,4,Semi-exposed
2003_WHITSUNDAY_W6_1,27/11/2003,2003,2003,W6,1,7,NA,7.2,2.4,3,Semi-exposed
2003_WHITSUNDAY_W6_2,27/11/2003,2003,2003,W6,2,7,NA,4.8,2,2.4,Semi-exposed
2003_WHITSUNDAY_W6_3,27/11/2003,2003,2003,W6,3,7,NA,9,3,3,Semi-exposed
2003_WHITSUNDAY_W6_4,27/11/2003,2003,2003,W6,4,7,NA,11.56,3.4,3.4,Semi-exposed
2003_WHITSUNDAY_W6_5,27/11/2003,2003,2003,W6,5,7,NA,10.2,3,3.4,Semi-exposed
2003_WHITSUNDAY_B1_1,27/11/2003,2003,2003,B1,1,7,NA,12.92,3.4,3.8,Sheltered
2003_WHITSUNDAY_B1_2,27/11/2003,2003,2003,B1,2,7,NA,14.4,3.6,4,Sheltered
2003_WHITSUNDAY_B1_3,27/11/2003,2003,2003,B1,3,7,NA,13.6,3.4,4,Sheltered
2003_WHITSUNDAY_B1_4,27/11/2003,2003,2003,B1,4,7,NA,15.2,3.8,4,Sheltered
2003_WHITSUNDAY_B1_5,27/11/2003,2003,2003,B1,5,7,NA,12.8,3.2,4,Sheltered
2003_WHITSUNDAY_B2_1,26/11/2003,2003,2003,B2,1,6,NA,10.2,3.4,3,Sheltered
2003_WHITSUNDAY_B2_2,26/11/2003,2003,2003,B2,2,6,NA,10.88,3.2,3.4,Sheltered
2003_WHITSUNDAY_B2_3,26/11/2003,2003,2003,B2,3,6,NA,9.6,3,3.2,Sheltered
2003_WHITSUNDAY_B2_4,26/11/2003,2003,2003,B2,4,6,NA,13.6,4,3.4,Sheltered
2003_WHITSUNDAY_B2_5,26/11/2003,2003,2003,B2,5,6,NA,10.88,3.2,3.4,Sheltered
2003_WHITSUNDAY_B3_1,26/11/2003,2003,2003,B3,1,6,NA,12.24,3.4,3.6,Exposed
2003_WHITSUNDAY_B3_2,26/11/2003,2003,2003,B3,2,6,NA,13.68,3.6,3.8,Exposed
2003_WHITSUNDAY_B3_3,26/11/2003,2003,2003,B3,3,6,NA,12.92,3.8,3.4,Exposed
2003_WHITSUNDAY_B3_4,26/11/2003,2003,2003,B3,4,6,NA,10.2,3.4,3,Exposed
2003_WHITSUNDAY_B3_5,26/11/2003,2003,2003,B3,5,6,NA,10.88,3.4,3.2,Exposed
2003_WHITSUNDAY_B4_1,26/11/2003,2003,2003,B4,1,7,NA,11.52,3.6,3.2,Exposed
2003_WHITSUNDAY_B4_2,26/11/2003,2003,2003,B4,2,7,NA,15.2,4,3.8,Exposed
2003_WHITSUNDAY_B4_3,26/11/2003,2003,2003,B4,3,7,NA,14.44,3.8,3.8,Exposed
2003_WHITSUNDAY_B4_4,26/11/2003,2003,2003,B4,4,7,NA,10.2,3,3.4,Exposed
2003_WHITSUNDAY_B4_5,26/11/2003,2003,2003,B4,5,7,NA,17.64,4.2,4.2,Exposed
2003_WHITSUNDAY_B5_1,28/11/2003,2003,2003,B5,1,6,NA,21.12,4.8,4.4,Semi-exposed
2003_WHITSUNDAY_B5_2,28/11/2003,2003,2003,B5,2,6,NA,18.4,4,4.6,Semi-exposed
2003_WHITSUNDAY_B5_3,28/11/2003,2003,2003,B5,3,6,NA,17.28,3.6,4.8,Semi-exposed
2003_WHITSUNDAY_B5_4,28/11/2003,2003,2003,B5,4,6,NA,16.72,3.8,4.4,Semi-exposed
2003_WHITSUNDAY_B5_5,29/11/2003,2003,2003,B5,5,6,NA,10.08,2.8,3.6,Semi-exposed
2003_WHITSUNDAY_B6_1,29/11/2003,2003,2003,B6,1,6,NA,6.72,2.4,2.8,Semi-exposed
2003_WHITSUNDAY_B6_2,29/11/2003,2003,2003,B6,2,6,NA,7.28,2.6,2.8,Semi-exposed
2003_WHITSUNDAY_B6_3,29/11/2003,2003,2003,B6,3,6,NA,5.72,2.2,2.6,Semi-exposed
2003_WHITSUNDAY_B6_4,29/11/2003,2003,2003,B6,4,6,NA,7.8,2.6,3,Semi-exposed
2003_WHITSUNDAY_B6_5,29/11/2003,2003,2003,B6,5,6,NA,6.72,2.4,2.8,Semi-exposed
2003_WHITSUNDAY_HG1_1,4/12/2003,2003,2003,HG1,1,7,NA,9,3,3,Semi-exposed
2003_WHITSUNDAY_HG1_2,4/12/2003,2003,2003,HG1,2,7,NA,9,3,3,Semi-exposed
2003_WHITSUNDAY_HG1_3,4/12/2003,2003,2003,HG1,3,7,NA,8.96,3.2,2.8,Semi-exposed
2003_WHITSUNDAY_HG1_4,4/12/2003,2003,2003,HG1,4,7,NA,7.8,3,2.6,Semi-exposed
2003_WHITSUNDAY_HG1_5,4/12/2003,2003,2003,HG1,5,7,NA,7.8,3,2.6,Semi-exposed
2003_WHITSUNDAY_HG2_1,4/12/2003,2003,2003,HG2,1,6,NA,10.8,3.6,3,Semi-exposed
2003_WHITSUNDAY_HG2_2,4/12/2003,2003,2003,HG2,2,6,NA,19.32,4.6,4.2,Semi-exposed
2003_WHITSUNDAY_HG2_3,4/12/2003,2003,2003,HG2,3,6,NA,17.6,4.4,4,Semi-exposed
2003_WHITSUNDAY_HG2_4,4/12/2003,2003,2003,HG2,4,6,NA,15.96,4.2,3.8,Semi-exposed
2003_WHITSUNDAY_HG2_5,4/12/2003,2003,2003,HG2,5,6,NA,22.08,4.8,4.6,Semi-exposed
2003_WHITSUNDAY_HG3_1,3/12/2003,2003,2003,HG3,1,6,NA,13.44,3.2,4.2,Semi-exposed
2003_WHITSUNDAY_HG3_2,3/12/2003,2003,2003,HG3,2,6,NA,12.24,3.4,3.6,Semi-exposed
2003_WHITSUNDAY_HG3_3,3/12/2003,2003,2003,HG3,3,6,NA,16,4,4,Semi-exposed
2003_WHITSUNDAY_HG3_4,3/12/2003,2003,2003,HG3,4,6,NA,17.64,4.2,4.2,Semi-exposed
2003_WHITSUNDAY_HG3_5,3/12/2003,2003,2003,HG3,5,6,NA,14.4,3.6,4,Semi-exposed
2003_WHITSUNDAY_HG4_1,1/12/2003,2003,2003,HG4,1,6,NA,9.6,3.2,3,Semi-exposed
2003_WHITSUNDAY_HG4_2,1/12/2003,2003,2003,HG4,2,6,NA,10.88,3.4,3.2,Semi-exposed
2003_WHITSUNDAY_HG4_3,1/12/2003,2003,2003,HG4,3,6,NA,9.6,3.2,3,Semi-exposed
2003_WHITSUNDAY_HG4_4,1/12/2003,2003,2003,HG4,4,6,NA,12.16,3.8,3.2,Semi-exposed
2003_WHITSUNDAY_HG4_5,1/12/2003,2003,2003,HG4,5,6,NA,13.6,4,3.4,Semi-exposed
2003_WHITSUNDAY_HG5_1,1/12/2003,2003,2003,HG5,1,6,NA,3.08,1.4,2.2,Semi-exposed
2003_WHITSUNDAY_HG5_2,1/12/2003,2003,2003,HG5,2,6,NA,2.8,1.4,2,Semi-exposed
2003_WHITSUNDAY_HG5_3,1/12/2003,2003,2003,HG5,3,6,NA,6,2,3,Semi-exposed
2003_WHITSUNDAY_HG5_4,1/12/2003,2003,2003,HG5,4,6,NA,4,2,2,Semi-exposed
2003_WHITSUNDAY_HG5_5,1/12/2003,2003,2003,HG5,5,6,NA,3.84,1.6,2.4,Semi-exposed
2003_WHITSUNDAY_HG6_1,1/12/2003,2003,2003,HG6,1,7,NA,9.52,2.8,3.4,Semi-exposed
2003_WHITSUNDAY_HG6_2,1/12/2003,2003,2003,HG6,2,7,NA,7.8,2.6,3,Semi-exposed
2003_WHITSUNDAY_HG6_3,1/12/2003,2003,2003,HG6,3,7,NA,6.72,2.8,2.4,Semi-exposed
2003_WHITSUNDAY_HG6_4,1/12/2003,2003,2003,HG6,4,7,NA,7.84,2.8,2.8,Semi-exposed
2003_WHITSUNDAY_HG6_5,1/12/2003,2003,2003,HG6,5,7,NA,9.6,3.2,3,Semi-exposed
2003_WHITSUNDAY_HE1_1,2/12/2003,2003,2003,HE1,1,6,NA,11.52,3.6,3.2,Exposed
2003_WHITSUNDAY_HE1_2,2/12/2003,2003,2003,HE1,2,6,NA,10.88,3.2,3.4,Exposed
2003_WHITSUNDAY_HE1_3,2/12/2003,2003,2003,HE1,3,6,NA,10.88,3.4,3.2,Exposed
2003_WHITSUNDAY_HE1_4,2/12/2003,2003,2003,HE1,4,6,NA,10.8,3.6,3,Exposed
2003_WHITSUNDAY_HE1_5,2/12/2003,2003,2003,HE1,5,6,NA,14.44,3.8,3.8,Exposed
2003_WHITSUNDAY_HE2_1,2/12/2003,2003,2003,HE2,1,10,NA,19.32,4.6,4.2,Exposed
2003_WHITSUNDAY_HE2_2,2/12/2003,2003,2003,HE2,2,10,NA,17.64,4.2,4.2,Exposed
2003_WHITSUNDAY_HE2_3,2/12/2003,2003,2003,HE2,3,10,NA,18.48,4.4,4.2,Exposed
2003_WHITSUNDAY_HE2_4,2/12/2003,2003,2003,HE2,4,10,NA,18.48,4.4,4.2,Exposed
2003_WHITSUNDAY_HE2_5,2/12/2003,2003,2003,HE2,5,10,NA,18.48,4.4,4.2,Exposed
2003_WHITSUNDAY_HE3_1,2/12/2003,2003,2003,HE3,1,8,NA,10.2,3,3.4,Exposed
2003_WHITSUNDAY_HE3_2,2/12/2003,2003,2003,HE3,2,8,NA,11.52,3.2,3.6,Exposed
2003_WHITSUNDAY_HE3_3,2/12/2003,2003,2003,HE3,3,8,NA,16,4,4,Exposed
2003_WHITSUNDAY_HE3_4,2/12/2003,2003,2003,HE3,4,8,NA,10.2,3,3.4,Exposed
2003_WHITSUNDAY_HE3_5,2/12/2003,2003,2003,HE3,5,8,NA,11.52,3.2,3.6,Exposed
2004_KEPPEL_GK1_1,18/05/2004,2004,2004,GK1,1,8,NA,8,2,4,Semi-exposed
2004_KEPPEL_GK1_2,18/05/2004,2004,2004,GK1,2,8,NA,6,2,3,Semi-exposed
2004_KEPPEL_GK1_3,18/05/2004,2004,2004,GK1,3,8,NA,8.16,2.4,3.4,Semi-exposed
2004_KEPPEL_GK1_4,18/05/2004,2004,2004,GK1,4,8,NA,3,1,3,Semi-exposed
2004_KEPPEL_GK1_5,18/05/2004,2004,2004,GK1,5,8,NA,4.08,1.2,3.4,Semi-exposed
2004_KEPPEL_GK2_1,14/05/2004,2004,2004,GK2,1,9,NA,7.2,2.4,3,Exposed
2004_KEPPEL_GK2_2,14/05/2004,2004,2004,GK2,2,9,NA,6,2,3,Exposed
2004_KEPPEL_GK2_3,14/05/2004,2004,2004,GK2,3,9,NA,6,2,3,Exposed
2004_KEPPEL_GK2_4,14/05/2004,2004,2004,GK2,4,9,NA,10.8,3,3.6,Exposed
2004_KEPPEL_GK2_5,14/05/2004,2004,2004,GK2,5,9,NA,9.6,3,3.2,Exposed
2004_KEPPEL_GK3_1,15/05/2004,2004,2004,GK3,1,8,NA,4.48,1.6,2.8,Semi-exposed
2004_KEPPEL_GK3_2,15/05/2004,2004,2004,GK3,2,8,NA,3.64,1.4,2.6,Semi-exposed
2004_KEPPEL_GK3_3,15/05/2004,2004,2004,GK3,3,8,NA,3.6,1.2,3,Semi-exposed
2004_KEPPEL_GK3_4,15/05/2004,2004,2004,GK3,4,8,NA,4.16,1.6,2.6,Semi-exposed
2004_KEPPEL_GK3_5,15/05/2004,2004,2004,GK3,5,8,NA,6,2,3,Semi-exposed
2004_KEPPEL_GK4_1,12/05/2004,2004,2004,GK4,1,8,NA,6,2,3,Exposed
2004_KEPPEL_GK4_2,12/05/2004,2004,2004,GK4,2,8,NA,7.2,2.4,3,Exposed
2004_KEPPEL_GK4_3,12/05/2004,2004,2004,GK4,3,8,NA,6,2,3,Exposed
2004_KEPPEL_GK4_4,12/05/2004,2004,2004,GK4,4,8,NA,6,2,3,Exposed
2004_KEPPEL_GK4_5,12/05/2004,2004,2004,GK4,5,8,NA,7.2,2.4,3,Exposed
2004_KEPPEL_GK5_1,15/05/2004,2004,2004,GK5,1,9,NA,6,2,3,Semi-exposed
2004_KEPPEL_GK5_2,15/05/2004,2004,2004,GK5,2,9,NA,6,2,3,Semi-exposed
2004_KEPPEL_GK5_3,15/05/2004,2004,2004,GK5,3,9,NA,6,2,3,Semi-exposed
2004_KEPPEL_GK5_4,15/05/2004,2004,2004,GK5,4,9,NA,10.64,2.8,3.8,Semi-exposed
2004_KEPPEL_GK5_5,15/05/2004,2004,2004,GK5,5,9,NA,9,3,3,Semi-exposed
2004_KEPPEL_GK6_1,15/05/2004,2004,2004,GK6,1,9,NA,6,2,3,Semi-exposed
2004_KEPPEL_GK6_2,15/05/2004,2004,2004,GK6,2,9,NA,6,2,3,Semi-exposed
2004_KEPPEL_GK6_3,15/05/2004,2004,2004,GK6,3,9,NA,6.6,2.2,3,Semi-exposed
2004_KEPPEL_GK6_4,15/05/2004,2004,2004,GK6,4,9,NA,7.2,2.4,3,Semi-exposed
2004_KEPPEL_GK6_5,15/05/2004,2004,2004,GK6,5,9,NA,9,3,3,Semi-exposed
2004_KEPPEL_GK7_1,17/05/2004,2004,2004,GK7,1,9,NA,4,2,2,Exposed
2004_KEPPEL_GK7_2,17/05/2004,2004,2004,GK7,2,9,NA,4,2,2,Exposed
2004_KEPPEL_GK7_3,17/05/2004,2004,2004,GK7,3,9,NA,4,2,2,Exposed
2004_KEPPEL_GK7_4,17/05/2004,2004,2004,GK7,4,9,NA,4,2,2,Exposed
2004_KEPPEL_GK7_5,17/05/2004,2004,2004,GK7,5,9,NA,3.12,1.2,2.6,Exposed
2004_KEPPEL_GK8_1,18/05/2004,2004,2004,GK8,1,8,NA,1,1,1,Semi-exposed
2004_KEPPEL_GK8_2,18/05/2004,2004,2004,GK8,2,8,NA,1,1,1,Semi-exposed
2004_KEPPEL_GK8_3,18/05/2004,2004,2004,GK8,3,8,NA,1.44,1.2,1.2,Semi-exposed
2004_KEPPEL_GK8_4,18/05/2004,2004,2004,GK8,4,8,NA,1.2,1,1.2,Semi-exposed
2004_KEPPEL_GK8_5,18/05/2004,2004,2004,GK8,5,8,NA,3.08,1.4,2.2,Semi-exposed
2004_KEPPEL_GK9_1,19/05/2004,2004,2004,GK9,1,7,NA,4.8,2,2.4,Sheltered
2004_KEPPEL_GK9_2,19/05/2004,2004,2004,GK9,2,7,NA,6,2,3,Sheltered
2004_KEPPEL_GK9_3,19/05/2004,2004,2004,GK9,3,7,NA,5.2,2,2.6,Sheltered
2004_KEPPEL_GK9_4,19/05/2004,2004,2004,GK9,4,7,NA,6,2,3,Sheltered
2004_KEPPEL_GK9_5,19/05/2004,2004,2004,GK9,5,7,NA,6,2,3,Sheltered
2004_KEPPEL_H3_1,17/05/2004,2004,2004,H3,1,8,NA,7.2,2.4,3,Sheltered
2004_KEPPEL_H3_2,17/05/2004,2004,2004,H3,2,8,NA,6.6,3,2.2,Sheltered
2004_KEPPEL_H3_3,17/05/2004,2004,2004,H3,3,8,NA,6.6,2.2,3,Sheltered
2004_KEPPEL_H3_4,17/05/2004,2004,2004,H3,4,8,NA,6.6,2.2,3,Sheltered
2004_KEPPEL_H3_5,17/05/2004,2004,2004,H3,5,8,NA,9,3,3,Sheltered
2004_KEPPEL_MI1_1,11/05/2004,2004,2004,MI1,1,7,NA,9,3,3,Semi-exposed
2004_KEPPEL_MI1_2,11/05/2004,2004,2004,MI1,2,7,NA,10.2,3,3.4,Semi-exposed
2004_KEPPEL_MI1_3,11/05/2004,2004,2004,MI1,3,7,NA,16.8,4.2,4,Semi-exposed
2004_KEPPEL_MI1_4,11/05/2004,2004,2004,MI1,4,7,NA,12,3,4,Semi-exposed
2004_KEPPEL_MI1_5,11/05/2004,2004,2004,MI1,5,7,NA,12,3,4,Semi-exposed
2004_KEPPEL_MI2_1,11/05/2004,2004,2004,MI2,1,6,NA,6,2,3,Exposed
2004_KEPPEL_MI2_2,11/05/2004,2004,2004,MI2,2,6,NA,6,2,3,Exposed
2004_KEPPEL_MI2_3,11/05/2004,2004,2004,MI2,3,6,NA,6,2,3,Exposed
2004_KEPPEL_MI2_4,11/05/2004,2004,2004,MI2,4,6,NA,6,2,3,Exposed
2004_KEPPEL_MI2_5,11/05/2004,2004,2004,MI2,5,6,NA,4.8,1.6,3,Exposed
2004_KEPPEL_NK3_1,13/05/2004,2004,2004,NK3,1,7,NA,8.4,2.8,3,Semi-exposed
2004_KEPPEL_NK3_2,13/05/2004,2004,2004,NK3,2,7,NA,9,3,3,Semi-exposed
2004_KEPPEL_NK3_3,13/05/2004,2004,2004,NK3,3,7,NA,9,3,3,Semi-exposed
2004_KEPPEL_NK3_4,13/05/2004,2004,2004,NK3,4,7,NA,9,3,3,Semi-exposed
2004_KEPPEL_NK3_5,13/05/2004,2004,2004,NK3,5,7,NA,9,3,3,Semi-exposed
2004_KEPPEL_NK4_1,14/05/2004,2004,2004,NK4,1,7,NA,4,2,2,Semi-exposed
2004_KEPPEL_NK4_2,14/05/2004,2004,2004,NK4,2,7,NA,4,2,2,Semi-exposed
2004_KEPPEL_NK4_3,14/05/2004,2004,2004,NK4,3,7,NA,4,2,2,Semi-exposed
2004_KEPPEL_NK4_4,14/05/2004,2004,2004,NK4,4,7,NA,6,2,3,Semi-exposed
2004_KEPPEL_NK4_5,14/05/2004,2004,2004,NK4,5,7,NA,6,2,3,Semi-exposed
2004_KEPPEL_H1_1,12/05/2004,2004,2004,H1,1,7,NA,6,2,3,Exposed
2004_KEPPEL_H1_2,12/05/2004,2004,2004,H1,2,7,NA,7.2,2.4,3,Exposed
2004_KEPPEL_H1_3,12/05/2004,2004,2004,H1,3,7,NA,9,3,3,Exposed
2004_KEPPEL_H1_4,12/05/2004,2004,2004,H1,4,7,NA,6,2,3,Exposed
2004_KEPPEL_H1_5,12/05/2004,2004,2004,H1,5,7,NA,6,2,3,Exposed
2004_KEPPEL_H2_1,12/05/2004,2004,2004,H2,1,8,NA,6,2,3,Exposed
2004_KEPPEL_H2_2,12/05/2004,2004,2004,H2,2,8,NA,6.6,2.2,3,Exposed
2004_KEPPEL_H2_3,12/05/2004,2004,2004,H2,3,8,NA,6,2,3,Exposed
2004_KEPPEL_H2_4,12/05/2004,2004,2004,H2,4,8,NA,6,2,3,Exposed
2004_KEPPEL_H2_5,12/05/2004,2004,2004,H2,5,8,NA,7.2,2.4,3,Exposed
2004_KEPPEL_M1_1,18/05/2004,2004,2004,M1,1,8,NA,6,2,3,Sheltered
2004_KEPPEL_M1_2,18/05/2004,2004,2004,M1,2,8,NA,7.2,2.4,3,Sheltered
2004_KEPPEL_M1_3,18/05/2004,2004,2004,M1,3,8,NA,9,3,3,Sheltered
2004_KEPPEL_M1_4,18/05/2004,2004,2004,M1,4,8,NA,7.2,2.4,3,Sheltered
2004_KEPPEL_M1_5,18/05/2004,2004,2004,M1,5,8,NA,8.4,2.8,3,Sheltered
2004_KEPPEL_M2_1,19/05/2004,2004,2004,M2,1,7,NA,6,2,3,Semi-exposed
2004_KEPPEL_M2_2,19/05/2004,2004,2004,M2,2,7,NA,5.2,2,2.6,Semi-exposed
2004_KEPPEL_M2_3,19/05/2004,2004,2004,M2,3,7,NA,5.2,2,2.6,Semi-exposed
2004_KEPPEL_M2_4,19/05/2004,2004,2004,M2,4,7,NA,6,2,3,Semi-exposed
2004_KEPPEL_M2_5,19/05/2004,2004,2004,M2,5,7,NA,4,2,2,Semi-exposed
2004_KEPPEL_M3_1,17/05/2004,2004,2004,M3,1,9,NA,4.4,2.2,2,Semi-exposed
2004_KEPPEL_M3_2,17/05/2004,2004,2004,M3,2,9,NA,4.8,1.6,3,Semi-exposed
2004_KEPPEL_M3_3,17/05/2004,2004,2004,M3,3,9,NA,5.4,1.8,3,Semi-exposed
2004_KEPPEL_M3_4,17/05/2004,2004,2004,M3,4,9,NA,9,3,3,Semi-exposed
2004_KEPPEL_M3_5,17/05/2004,2004,2004,M3,5,9,NA,9,3,3,Semi-exposed
2004_KEPPEL_M4_1,11/05/2004,2004,2004,M4,1,7,NA,5.4,1.8,3,Sheltered
2004_KEPPEL_M4_2,11/05/2004,2004,2004,M4,2,7,NA,6,2,3,Sheltered
2004_KEPPEL_M4_3,11/05/2004,2004,2004,M4,3,7,NA,6,2,3,Sheltered
2004_KEPPEL_M4_4,11/05/2004,2004,2004,M4,4,7,NA,4.8,1.6,3,Sheltered
2004_KEPPEL_M4_5,11/05/2004,2004,2004,M4,5,7,NA,4.8,1.6,3,Sheltered
2004_KEPPEL_NK1_1,13/05/2004,2004,2004,NK1,1,7,NA,9,3,3,Sheltered
2004_KEPPEL_NK1_2,13/05/2004,2004,2004,NK1,2,7,NA,9,3,3,Sheltered
2004_KEPPEL_NK1_3,13/05/2004,2004,2004,NK1,3,7,NA,9,3,3,Sheltered
2004_KEPPEL_NK1_4,13/05/2004,2004,2004,NK1,4,7,NA,9,3,3,Sheltered
2004_KEPPEL_NK1_5,13/05/2004,2004,2004,NK1,5,7,NA,9,3,3,Sheltered
2004_KEPPEL_NK2_1,14/05/2004,2004,2004,NK2,1,7,NA,6.6,2.2,3,Sheltered
2004_KEPPEL_NK2_2,14/05/2004,2004,2004,NK2,2,7,NA,6,2,3,Sheltered
2004_KEPPEL_NK2_3,14/05/2004,2004,2004,NK2,3,7,NA,6,2,3,Sheltered
2004_KEPPEL_NK2_4,14/05/2004,2004,2004,NK2,4,7,NA,9,3,3,Sheltered
2004_KEPPEL_NK2_5,14/05/2004,2004,2004,NK2,5,7,NA,7.8,2.6,3,Sheltered
2004_MAGNETIC_AW1_1,12/11/2004,2004,2004,AW1,1,5,NA,8.32,2.6,3.2,Exposed
2004_MAGNETIC_AW1_2,12/11/2004,2004,2004,AW1,2,5,NA,11.52,3.2,3.6,Exposed
2004_MAGNETIC_AW1_3,12/11/2004,2004,2004,AW1,3,5,NA,15.12,4.2,3.6,Exposed
2004_MAGNETIC_AW1_4,12/11/2004,2004,2004,AW1,4,5,NA,10.2,3,3.4,Exposed
2004_MAGNETIC_AW1_5,12/11/2004,2004,2004,AW1,5,5,NA,10.2,3,3.4,Exposed
2004_MAGNETIC_AW2_1,15/11/2004,2004,2004,AW2,1,5,NA,5.2,2,2.6,Exposed
2004_MAGNETIC_AW2_2,15/11/2004,2004,2004,AW2,2,5,NA,5.2,2,2.6,Exposed
2004_MAGNETIC_AW2_3,15/11/2004,2004,2004,AW2,3,5,NA,6,2,3,Exposed
2004_MAGNETIC_AW2_4,15/11/2004,2004,2004,AW2,4,5,NA,5.2,2,2.6,Exposed
2004_MAGNETIC_AW2_5,15/11/2004,2004,2004,AW2,5,5,NA,6.6,2.2,3,Exposed
2004_MAGNETIC_GOW1_1,12/11/2004,2004,2004,GOW1,1,5,NA,7.2,2.4,3,Exposed
2004_MAGNETIC_GOW1_2,12/11/2004,2004,2004,GOW1,2,5,NA,9,3,3,Exposed
2004_MAGNETIC_GOW1_3,12/11/2004,2004,2004,GOW1,3,5,NA,9,3,3,Exposed
2004_MAGNETIC_GOW1_4,12/11/2004,2004,2004,GOW1,4,5,NA,8.32,2.6,3.2,Exposed
2004_MAGNETIC_GOW1_5,12/11/2004,2004,2004,GOW1,5,5,NA,9,3,3,Exposed
2004_MAGNETIC_NB1_1,15/11/2004,2004,2004,NB1,1,6,NA,5.28,2.4,2.2,Exposed
2004_MAGNETIC_NB1_2,15/11/2004,2004,2004,NB1,2,6,NA,4,2,2,Exposed
2004_MAGNETIC_NB1_3,15/11/2004,2004,2004,NB1,3,6,NA,4.8,2,2.4,Exposed
2004_MAGNETIC_NB1_4,15/11/2004,2004,2004,NB1,4,6,NA,4,2,2,Exposed
2004_MAGNETIC_NB1_5,15/11/2004,2004,2004,NB1,5,6,NA,5.76,2.4,2.4,Exposed
2004_MAGNETIC_WC1_1,12/11/2004,2004,2004,WC1,1,6,NA,4,2,2,Exposed
2004_MAGNETIC_WC1_2,12/11/2004,2004,2004,WC1,2,6,NA,5.6,2,2.8,Exposed
2004_MAGNETIC_WC1_3,12/11/2004,2004,2004,WC1,3,6,NA,4,2,2,Exposed
2004_MAGNETIC_WC1_4,12/11/2004,2004,2004,WC1,4,6,NA,4,2,2,Exposed
2004_MAGNETIC_WC1_5,12/11/2004,2004,2004,WC1,5,6,NA,8.32,2.6,3.2,Exposed
2004_MAGNETIC_GB1_1,15/11/2004,2004,2004,GB1,1,5,NA,6.24,2.4,2.6,Exposed
2004_MAGNETIC_GB1_2,15/11/2004,2004,2004,GB1,2,5,NA,4,2,2,Exposed
2004_MAGNETIC_GB1_3,15/11/2004,2004,2004,GB1,3,5,NA,5.28,2.4,2.2,Exposed
2004_MAGNETIC_GB1_4,15/11/2004,2004,2004,GB1,4,5,NA,5.28,2.2,2.4,Exposed
2004_MAGNETIC_GB1_5,15/11/2004,2004,2004,GB1,5,5,NA,3.24,1.8,1.8,Exposed
2004_MAGNETIC_GB2_1,15/11/2004,2004,2004,GB2,1,5,NA,10.2,3.4,3,Exposed
2004_MAGNETIC_GB2_2,15/11/2004,2004,2004,GB2,2,5,NA,10.88,3.2,3.4,Exposed
2004_MAGNETIC_GB2_3,15/11/2004,2004,2004,GB2,3,5,NA,10.88,3.2,3.4,Exposed
2004_MAGNETIC_GB2_4,15/11/2004,2004,2004,GB2,4,5,NA,6.76,2.6,2.6,Exposed
2004_MAGNETIC_GB2_5,15/11/2004,2004,2004,GB2,5,5,NA,12.24,3.4,3.6,Exposed
2004_MAGNETIC_FB1_1,12/11/2004,2004,2004,FB1,1,6,NA,7.84,2.8,2.8,Exposed
2004_MAGNETIC_FB1_2,12/11/2004,2004,2004,FB1,2,6,NA,8.4,2.8,3,Exposed
2004_MAGNETIC_FB1_3,12/11/2004,2004,2004,FB1,3,6,NA,9,3,3,Exposed
2004_MAGNETIC_FB1_4,12/11/2004,2004,2004,FB1,4,6,NA,6.24,2.4,2.6,Exposed
2004_MAGNETIC_FB1_5,12/11/2004,2004,2004,FB1,5,6,NA,5.76,2.4,2.4,Exposed
2004_PALM_C1_1,7/06/2004,2004,2004,C1,1,5,NA,14.4,4,3.6,Sheltered
2004_PALM_C1_2,7/06/2004,2004,2004,C1,2,5,NA,13.6,4,3.4,Sheltered
2004_PALM_C1_3,7/06/2004,2004,2004,C1,3,5,NA,13.6,4,3.4,Sheltered
2004_PALM_C1_4,7/06/2004,2004,2004,C1,4,5,NA,11.52,3.6,3.2,Sheltered
2004_PALM_C1_5,7/06/2004,2004,2004,C1,5,5,NA,17.6,4.4,4,Sheltered
2004_PALM_C2_1,13/06/2004,2004,2004,C2,1,5,NA,9,3,3,Sheltered
2004_PALM_C2_2,13/06/2004,2004,2004,C2,2,5,NA,11.56,3.4,3.4,Sheltered
2004_PALM_C2_3,13/06/2004,2004,2004,C2,3,5,NA,9,3,3,Sheltered
2004_PALM_C2_4,13/06/2004,2004,2004,C2,4,5,NA,11.56,3.4,3.4,Sheltered
2004_PALM_C2_5,13/06/2004,2004,2004,C2,5,5,NA,10.24,3.2,3.2,Sheltered
2004_PALM_C3_1,7/06/2004,2004,2004,C3,1,5,NA,11.56,3.4,3.4,Sheltered
2004_PALM_C3_2,7/06/2004,2004,2004,C3,2,5,NA,7.28,2.6,2.8,Sheltered
2004_PALM_C3_3,7/06/2004,2004,2004,C3,3,5,NA,10.88,3.4,3.2,Sheltered
2004_PALM_C3_4,7/06/2004,2004,2004,C3,4,5,NA,15.2,3.8,4,Sheltered
2004_PALM_C3_5,7/06/2004,2004,2004,C3,5,5,NA,19.32,4.6,4.2,Sheltered
2004_PALM_C4_1,7/06/2004,2004,2004,C4,1,5,NA,6,3,2,Semi-exposed
2004_PALM_C4_2,7/06/2004,2004,2004,C4,2,5,NA,9,3,3,Semi-exposed
2004_PALM_C4_3,7/06/2004,2004,2004,C4,3,5,NA,8.16,3.4,2.4,Semi-exposed
2004_PALM_C4_4,7/06/2004,2004,2004,C4,4,5,NA,6,3,2,Semi-exposed
2004_PALM_C4_5,7/06/2004,2004,2004,C4,5,5,NA,6,3,2,Semi-exposed
2004_PALM_C5_1,13/06/2004,2004,2004,C5,1,5,NA,6.6,3,2.2,Semi-exposed
2004_PALM_C5_2,13/06/2004,2004,2004,C5,2,5,NA,6,3,2,Semi-exposed
2004_PALM_C5_3,13/06/2004,2004,2004,C5,3,5,NA,6,3,2,Semi-exposed
2004_PALM_C5_4,13/06/2004,2004,2004,C5,4,5,NA,9,3,3,Semi-exposed
2004_PALM_C5_5,13/06/2004,2004,2004,C5,5,5,NA,8.4,3,2.8,Semi-exposed
2004_PALM_C6_1,13/06/2004,2004,2004,C6,1,5,NA,12,4,3,Sheltered
2004_PALM_C6_2,13/06/2004,2004,2004,C6,2,5,NA,12,4,3,Sheltered
2004_PALM_C6_3,13/06/2004,2004,2004,C6,3,5,NA,14.4,4,3.6,Sheltered
2004_PALM_C6_4,13/06/2004,2004,2004,C6,4,5,NA,16,4,4,Sheltered
2004_PALM_C6_5,13/06/2004,2004,2004,C6,5,5,NA,12,4,3,Sheltered
2004_WHITSUNDAY_HB7_1,30/04/2004,2004,2004,HB7,1,6,NA,17.6,4,4.4,Exposed
2004_WHITSUNDAY_HB7_2,30/04/2004,2004,2004,HB7,2,6,NA,14.28,3.4,4.2,Exposed
2004_WHITSUNDAY_HB7_3,30/04/2004,2004,2004,HB7,3,6,NA,14.4,3.6,4,Exposed
2004_WHITSUNDAY_HB7_4,30/04/2004,2004,2004,HB7,4,6,NA,12.96,3.6,3.6,Exposed
2004_WHITSUNDAY_HB7_5,30/04/2004,2004,2004,HB7,5,6,NA,12.24,3.4,3.6,Exposed
2004_WHITSUNDAY_W7_1,30/04/2004,2004,2004,W7,1,6,NA,15.96,4.2,3.8,Semi-exposed
2004_WHITSUNDAY_W7_2,30/04/2004,2004,2004,W7,2,6,NA,14.4,4,3.6,Semi-exposed
2004_WHITSUNDAY_W7_3,30/04/2004,2004,2004,W7,3,6,NA,8.4,3,2.8,Semi-exposed
2004_WHITSUNDAY_W7_4,30/04/2004,2004,2004,W7,4,6,NA,17.6,4.4,4,Semi-exposed
2004_WHITSUNDAY_W7_5,30/04/2004,2004,2004,W7,5,6,NA,10.88,3.4,3.2,Semi-exposed
2004_WHITSUNDAY_W8_1,30/04/2004,2004,2004,W8,1,6,NA,14.44,3.8,3.8,Semi-exposed
2004_WHITSUNDAY_W8_2,30/04/2004,2004,2004,W8,2,6,NA,12.92,3.4,3.8,Semi-exposed
2004_WHITSUNDAY_W8_3,30/04/2004,2004,2004,W8,3,6,NA,9.6,3,3.2,Semi-exposed
2004_WHITSUNDAY_W8_4,30/04/2004,2004,2004,W8,4,6,NA,10.88,3.4,3.2,Semi-exposed
2004_WHITSUNDAY_W8_5,30/04/2004,2004,2004,W8,5,6,NA,10.64,3.8,2.8,Semi-exposed
2004_WHITSUNDAY_BL1_1,1/05/2004,2004,2004,BL1,1,6,NA,16.72,4.4,3.8,Semi-exposed
2004_WHITSUNDAY_BL1_2,1/05/2004,2004,2004,BL1,2,6,NA,17.6,4,4.4,Semi-exposed
2004_WHITSUNDAY_BL1_3,1/05/2004,2004,2004,BL1,3,6,NA,24,4.8,5,Semi-exposed
2004_WHITSUNDAY_BL1_4,1/05/2004,2004,2004,BL1,4,6,NA,16.8,4.2,4,Semi-exposed
2004_WHITSUNDAY_BL1_5,1/05/2004,2004,2004,BL1,5,6,NA,20,5,4,Semi-exposed
2004_WHITSUNDAY_BL2_1,1/05/2004,2004,2004,BL2,1,5,NA,10.88,3.4,3.2,Sheltered
2004_WHITSUNDAY_BL2_2,1/05/2004,2004,2004,BL2,2,5,NA,10.8,3.6,3,Sheltered
2004_WHITSUNDAY_BL2_3,1/05/2004,2004,2004,BL2,3,5,NA,12.24,3.6,3.4,Sheltered
2004_WHITSUNDAY_BL2_4,1/05/2004,2004,2004,BL2,4,5,NA,10.88,3.4,3.2,Sheltered
2004_WHITSUNDAY_BL2_5,1/05/2004,2004,2004,BL2,5,5,NA,11.4,3.8,3,Sheltered
2004_WHITSUNDAY_HW1_1,2/05/2004,2004,2004,HW1,1,8,NA,25,5,5,Sheltered
2004_WHITSUNDAY_HW1_2,2/05/2004,2004,2004,HW1,2,8,NA,25,5,5,Sheltered
2004_WHITSUNDAY_HW1_3,2/05/2004,2004,2004,HW1,3,8,NA,25,5,5,Sheltered
2004_WHITSUNDAY_HW1_4,2/05/2004,2004,2004,HW1,4,8,NA,25,5,5,Sheltered
2004_WHITSUNDAY_HW1_5,2/05/2004,2004,2004,HW1,5,8,NA,25,5,5,Sheltered
2004_WHITSUNDAY_HW2_1,2/05/2004,2004,2004,HW2,1,8,NA,18.4,4,4.6,Sheltered
2004_WHITSUNDAY_HW2_2,2/05/2004,2004,2004,HW2,2,8,NA,15.12,3.6,4.2,Sheltered
2004_WHITSUNDAY_HW2_3,2/05/2004,2004,2004,HW2,3,8,NA,16.8,4,4.2,Sheltered
2004_WHITSUNDAY_HW2_4,2/05/2004,2004,2004,HW2,4,8,NA,12.96,3.6,3.6,Sheltered
2004_WHITSUNDAY_HW2_5,2/05/2004,2004,2004,HW2,5,8,NA,16.72,3.8,4.4,Sheltered
2004_WHITSUNDAY_HW3_1,2/05/2004,2004,2004,HW3,1,5,NA,6.72,2.4,2.8,Sheltered
2004_WHITSUNDAY_HW3_2,2/05/2004,2004,2004,HW3,2,5,NA,3.96,1.8,2.2,Sheltered
2004_WHITSUNDAY_HW3_3,2/05/2004,2004,2004,HW3,3,5,NA,9.6,3,3.2,Sheltered
2004_WHITSUNDAY_HW3_4,2/05/2004,2004,2004,HW3,4,5,NA,6.6,2.2,3,Sheltered
2004_WHITSUNDAY_HW3_5,2/05/2004,2004,2004,HW3,5,5,NA,10.24,3.2,3.2,Sheltered
2004_WHITSUNDAY_HY1_1,29/04/2004,2004,2004,HY1,1,7,NA,9,3,3,Semi-exposed
2004_WHITSUNDAY_HY1_2,29/04/2004,2004,2004,HY1,2,7,NA,15.96,4.2,3.8,Semi-exposed
2004_WHITSUNDAY_HY1_3,29/04/2004,2004,2004,HY1,3,7,NA,16,4,4,Semi-exposed
2004_WHITSUNDAY_HY1_4,29/04/2004,2004,2004,HY1,4,7,NA,7.28,2.8,2.6,Semi-exposed
2004_WHITSUNDAY_HY1_5,29/04/2004,2004,2004,HY1,5,7,NA,5.2,2.6,2,Semi-exposed
2004_WHITSUNDAY_HY2_1,29/04/2004,2004,2004,HY2,1,6,NA,25,5,5,Semi-exposed
2004_WHITSUNDAY_HY2_2,29/04/2004,2004,2004,HY2,2,6,NA,25,5,5,Semi-exposed
2004_WHITSUNDAY_HY2_3,29/04/2004,2004,2004,HY2,3,6,NA,25,5,5,Semi-exposed
2004_WHITSUNDAY_HY2_4,29/04/2004,2004,2004,HY2,4,6,NA,25,5,5,Semi-exposed
2004_WHITSUNDAY_HY2_5,29/04/2004,2004,2004,HY2,5,6,NA,25,5,5,Semi-exposed
2004_WHITSUNDAY_HY3_1,29/04/2004,2004,2004,HY3,1,6,NA,8.4,2.8,3,Sheltered
2004_WHITSUNDAY_HY3_2,29/04/2004,2004,2004,HY3,2,6,NA,21.16,4.6,4.6,Sheltered
2004_WHITSUNDAY_HY3_3,29/04/2004,2004,2004,HY3,3,6,NA,19.32,4.6,4.2,Sheltered
2004_WHITSUNDAY_HY3_4,29/04/2004,2004,2004,HY3,4,6,NA,12.24,3.6,3.4,Sheltered
2004_WHITSUNDAY_HY3_5,29/04/2004,2004,2004,HY3,5,6,NA,10.88,3.4,3.2,Sheltered
2004_WHITSUNDAY_L1_1,1/05/2004,2004,2004,L1,1,6,NA,8.96,2.8,3.2,Sheltered
2004_WHITSUNDAY_L1_2,1/05/2004,2004,2004,L1,2,6,NA,7.8,3,2.6,Sheltered
2004_WHITSUNDAY_L1_3,1/05/2004,2004,2004,L1,3,6,NA,10.2,3.4,3,Sheltered
2004_WHITSUNDAY_L1_4,1/05/2004,2004,2004,L1,4,6,NA,9,3,3,Sheltered
2004_WHITSUNDAY_L1_5,1/05/2004,2004,2004,L1,5,6,NA,8.4,3,2.8,Sheltered
2006_KEPPEL_GK1_1,1/11/2006,2006,2006,GK1,1,6,NA,4.8,2.4,2,Semi-exposed
2006_KEPPEL_GK1_2,1/11/2006,2006,2006,GK1,2,6,NA,6.6,3,2.2,Semi-exposed
2006_KEPPEL_GK1_3,1/11/2006,2006,2006,GK1,3,6,NA,7.2,3,2.4,Semi-exposed
2006_KEPPEL_GK1_4,1/11/2006,2006,2006,GK1,4,6,NA,4.4,2,2.2,Semi-exposed
2006_KEPPEL_GK1_5,1/11/2006,2006,2006,GK1,5,6,NA,5.28,2.4,2.2,Semi-exposed
2006_KEPPEL_GK2_1,1/11/2006,2006,2006,GK2,1,7,NA,11.52,3.2,3.6,Exposed
2006_KEPPEL_GK2_2,1/11/2006,2006,2006,GK2,2,7,NA,8.96,2.8,3.2,Exposed
2006_KEPPEL_GK2_3,1/11/2006,2006,2006,GK2,3,7,NA,11.4,3,3.8,Exposed
2006_KEPPEL_GK2_4,1/11/2006,2006,2006,GK2,4,7,NA,10.2,3,3.4,Exposed
2006_KEPPEL_GK2_5,1/11/2006,2006,2006,GK2,5,7,NA,10.2,3,3.4,Exposed
2006_KEPPEL_GK3_1,5/11/2006,2006,2006,GK3,1,7,NA,6,2,3,Semi-exposed
2006_KEPPEL_GK3_2,5/11/2006,2006,2006,GK3,2,7,NA,6,2,3,Semi-exposed
2006_KEPPEL_GK3_3,5/11/2006,2006,2006,GK3,3,7,NA,6,2,3,Semi-exposed
2006_KEPPEL_GK3_4,5/11/2006,2006,2006,GK3,4,7,NA,6,2,3,Semi-exposed
2006_KEPPEL_GK3_5,5/11/2006,2006,2006,GK3,5,7,NA,6,2,3,Semi-exposed
2006_KEPPEL_GK4_1,2/11/2006,2006,2006,GK4,1,6,NA,9,3,3,Exposed
2006_KEPPEL_GK4_2,2/11/2006,2006,2006,GK4,2,7,NA,9,3,3,Exposed
2006_KEPPEL_GK4_3,2/11/2006,2006,2006,GK4,3,7,NA,9.6,3,3.2,Exposed
2006_KEPPEL_GK4_4,2/11/2006,2006,2006,GK4,4,5,NA,6,2,3,Exposed
2006_KEPPEL_GK4_5,2/11/2006,2006,2006,GK4,5,5,NA,7.2,2.4,3,Exposed
2006_KEPPEL_GK7_1,5/11/2006,2006,2006,GK7,1,7,NA,6,2,3,Exposed
2006_KEPPEL_GK7_2,5/11/2006,2006,2006,GK7,2,7,NA,5.4,1.8,3,Exposed
2006_KEPPEL_GK7_3,5/11/2006,2006,2006,GK7,3,7,NA,2.6,1,2.6,Exposed
2006_KEPPEL_GK7_4,5/11/2006,2006,2006,GK7,4,7,NA,6.16,2.2,2.8,Exposed
2006_KEPPEL_GK7_5,5/11/2006,2006,2006,GK7,5,7,NA,8.4,2.8,3,Exposed
2006_KEPPEL_GK8_1,5/11/2006,2006,2006,GK8,1,7,NA,4,2,2,Semi-exposed
2006_KEPPEL_GK8_2,5/11/2006,2006,2006,GK8,2,7,NA,2.8,1.4,2,Semi-exposed
2006_KEPPEL_GK8_3,5/11/2006,2006,2006,GK8,3,7,NA,4,2,2,Semi-exposed
2006_KEPPEL_GK8_4,5/11/2006,2006,2006,GK8,4,8,NA,4,2,2,Semi-exposed
2006_KEPPEL_GK8_5,5/11/2006,2006,2006,GK8,5,8,NA,6,3,2,Semi-exposed
2006_KEPPEL_H3_1,6/11/2006,2006,2006,H3,1,9,NA,9,3,3,Sheltered
2006_KEPPEL_H3_2,6/11/2006,2006,2006,H3,2,10,NA,9,3,3,Sheltered
2006_KEPPEL_H3_3,6/11/2006,2006,2006,H3,3,10,NA,6,2,3,Sheltered
2006_KEPPEL_H3_4,6/11/2006,2006,2006,H3,4,8,NA,4.8,1.6,3,Sheltered
2006_KEPPEL_H3_5,6/11/2006,2006,2006,H3,5,8,NA,3,1,3,Sheltered
2006_KEPPEL_MI1_1,30/10/2006,2006,2006,MI1,1,5,NA,5.4,1.8,3,Semi-exposed
2006_KEPPEL_MI1_2,30/10/2006,2006,2006,MI1,2,5,NA,4.84,2.2,2.2,Semi-exposed
2006_KEPPEL_MI1_3,30/10/2006,2006,2006,MI1,3,5,NA,4.8,2.4,2,Semi-exposed
2006_KEPPEL_MI1_4,30/10/2006,2006,2006,MI1,4,5,NA,6,2,3,Semi-exposed
2006_KEPPEL_MI1_5,30/10/2006,2006,2006,MI1,5,5,NA,6,2,3,Semi-exposed
2006_KEPPEL_MI2_1,1/11/2006,2006,2006,MI2,1,4,NA,9,3,3,Exposed
2006_KEPPEL_MI2_2,1/11/2006,2006,2006,MI2,2,4,NA,6,3,2,Exposed
2006_KEPPEL_MI2_3,1/11/2006,2006,2006,MI2,3,4,NA,7.8,3,2.6,Exposed
2006_KEPPEL_MI2_4,1/11/2006,2006,2006,MI2,4,4,NA,7.8,3,2.6,Exposed
2006_KEPPEL_MI2_5,1/11/2006,2006,2006,MI2,5,4,NA,8.4,3,2.8,Exposed
2006_KEPPEL_NK3_1,7/11/2006,2006,2006,NK3,1,7,NA,2.4,2,1.2,Semi-exposed
2006_KEPPEL_NK3_2,7/11/2006,2006,2006,NK3,2,7,NA,5.6,2,2.8,Semi-exposed
2006_KEPPEL_NK3_3,7/11/2006,2006,2006,NK3,3,7,NA,6,2,3,Semi-exposed
2006_KEPPEL_NK3_4,7/11/2006,2006,2006,NK3,4,7,NA,2,2,1,Semi-exposed
2006_KEPPEL_NK3_5,7/11/2006,2006,2006,NK3,5,6,NA,2,2,1,Semi-exposed
2006_KEPPEL_NK7_1,4/11/2006,2006,2006,NK7,1,5,NA,12.24,3.4,3.6,Semi-exposed
2006_KEPPEL_NK7_2,4/11/2006,2006,2006,NK7,2,4,NA,11.4,3,3.8,Semi-exposed
2006_KEPPEL_NK7_3,4/11/2006,2006,2006,NK7,3,4,NA,5.72,2.2,2.6,Semi-exposed
2006_KEPPEL_NK7_4,4/11/2006,2006,2006,NK7,4,4,NA,4,2,2,Semi-exposed
2006_KEPPEL_NK7_5,4/11/2006,2006,2006,NK7,5,4,NA,4,2,2,Semi-exposed
2006_KEPPEL_NK8_1,7/11/2006,2006,2006,NK8,1,7,NA,10.2,3,3.4,Exposed
2006_KEPPEL_NK8_2,7/11/2006,2006,2006,NK8,2,7,NA,10.2,3,3.4,Exposed
2006_KEPPEL_NK8_3,7/11/2006,2006,2006,NK8,3,7,NA,11.4,3,3.8,Exposed
2006_KEPPEL_NK8_4,7/11/2006,2006,2006,NK8,4,7,NA,10.2,3,3.4,Exposed
2006_KEPPEL_NK8_5,7/11/2006,2006,2006,NK8,5,7,NA,10.2,3,3.4,Exposed
2006_KEPPEL_GK5_1,6/11/2006,2006,2006,GK5,1,9,NA,7.8,3,2.6,Semi-exposed
2006_KEPPEL_GK5_2,6/11/2006,2006,2006,GK5,2,9,NA,6.8,3.4,2,Semi-exposed
2006_KEPPEL_GK5_3,6/11/2006,2006,2006,GK5,3,10,NA,3,3,1,Semi-exposed
2006_KEPPEL_GK5_4,6/11/2006,2006,2006,GK5,4,9,NA,6.6,3,2.2,Semi-exposed
2006_KEPPEL_GK5_5,6/11/2006,2006,2006,GK5,5,9,NA,8.4,3,2.8,Semi-exposed
2006_KEPPEL_GK6_1,6/11/2006,2006,2006,GK6,1,9,NA,9,3,3,Semi-exposed
2006_KEPPEL_GK6_2,6/11/2006,2006,2006,GK6,2,9,NA,6.6,3,2.2,Semi-exposed
2006_KEPPEL_GK6_3,6/11/2006,2006,2006,GK6,3,9,NA,6,3,2,Semi-exposed
2006_KEPPEL_GK6_4,6/11/2006,2006,2006,GK6,4,8,NA,9,3,3,Semi-exposed
2006_KEPPEL_GK6_5,6/11/2006,2006,2006,GK6,5,8,NA,9,3,3,Semi-exposed
2006_KEPPEL_GK9_1,31/10/2006,2006,2006,GK9,1,5,NA,6,3,2,Sheltered
2006_KEPPEL_GK9_2,31/10/2006,2006,2006,GK9,2,5,NA,4,2,2,Sheltered
2006_KEPPEL_GK9_3,31/10/2006,2006,2006,GK9,3,5,NA,4,2,2,Sheltered
2006_KEPPEL_GK9_4,31/10/2006,2006,2006,GK9,4,7,NA,5.72,2.2,2.6,Sheltered
2006_KEPPEL_GK9_5,31/10/2006,2006,2006,GK9,5,4,NA,6,2,3,Sheltered
2006_KEPPEL_H1_1,2/11/2006,2006,2006,H1,1,7,NA,6,2,3,Exposed
2006_KEPPEL_H1_2,2/11/2006,2006,2006,H1,2,7,NA,8.96,2.8,3.2,Exposed
2006_KEPPEL_H1_3,2/11/2006,2006,2006,H1,3,8,NA,7.8,2.6,3,Exposed
2006_KEPPEL_H1_4,2/11/2006,2006,2006,H1,4,8,NA,6,2,3,Exposed
2006_KEPPEL_H1_5,2/11/2006,2006,2006,H1,5,8,NA,11.4,3,3.8,Exposed
2006_KEPPEL_H2_1,2/11/2006,2006,2006,H2,1,9,NA,13.2,3,4.4,Exposed
2006_KEPPEL_H2_2,2/11/2006,2006,2006,H2,2,9,NA,11.4,3,3.8,Exposed
2006_KEPPEL_H2_3,2/11/2006,2006,2006,H2,3,10,NA,12.6,3,4.2,Exposed
2006_KEPPEL_H2_4,2/11/2006,2006,2006,H2,4,9,NA,8.96,2.8,3.2,Exposed
2006_KEPPEL_H2_5,2/11/2006,2006,2006,H2,5,7,NA,12,3,4,Exposed
2006_KEPPEL_M1_1,31/10/2006,2006,2006,M1,1,6,NA,4.8,2,2.4,Sheltered
2006_KEPPEL_M1_2,31/10/2006,2006,2006,M1,2,7,NA,5.6,2,2.8,Sheltered
2006_KEPPEL_M1_3,31/10/2006,2006,2006,M1,3,7,NA,4.8,2,2.4,Sheltered
2006_KEPPEL_M1_4,31/10/2006,2006,2006,M1,4,5,NA,4.8,2,2.4,Sheltered
2006_KEPPEL_M1_5,31/10/2006,2006,2006,M1,5,5,NA,5.28,2.4,2.2,Sheltered
2006_KEPPEL_M2_1,31/10/2006,2006,2006,M2,1,4,NA,6,3,2,Semi-exposed
2006_KEPPEL_M2_2,31/10/2006,2006,2006,M2,2,4,NA,6,3,2,Semi-exposed
2006_KEPPEL_M2_3,31/10/2006,2006,2006,M2,3,4,NA,6,3,2,Semi-exposed
2006_KEPPEL_M2_4,31/10/2006,2006,2006,M2,4,4,NA,6.6,3,2.2,Semi-exposed
2006_KEPPEL_M2_5,31/10/2006,2006,2006,M2,5,4,NA,6,3,2,Semi-exposed
2006_KEPPEL_M3_1,30/10/2006,2006,2006,M3,1,5,NA,4,2,2,Semi-exposed
2006_KEPPEL_M3_2,30/10/2006,2006,2006,M3,2,7,NA,4,2,2,Semi-exposed
2006_KEPPEL_M3_3,30/10/2006,2006,2006,M3,3,6,NA,4,2,2,Semi-exposed
2006_KEPPEL_M3_4,30/10/2006,2006,2006,M3,4,5,NA,4,2,2,Semi-exposed
2006_KEPPEL_M3_5,30/10/2006,2006,2006,M3,5,4,NA,6,2,3,Semi-exposed
2006_KEPPEL_M4_1,30/10/2006,2006,2006,M4,1,5,NA,4.8,2,2.4,Sheltered
2006_KEPPEL_M4_2,30/10/2006,2006,2006,M4,2,6,NA,4.8,2,2.4,Sheltered
2006_KEPPEL_M4_3,30/10/2006,2006,2006,M4,3,6,NA,4,2,2,Sheltered
2006_KEPPEL_M4_4,30/10/2006,2006,2006,M4,4,5,NA,4.8,2,2.4,Sheltered
2006_KEPPEL_M4_5,30/10/2006,2006,2006,M4,5,5,NA,4,2,2,Sheltered
2006_KEPPEL_NK1_1,7/11/2006,2006,2006,NK1,1,5,NA,2,2,1,Sheltered
2006_KEPPEL_NK1_2,7/11/2006,2006,2006,NK1,2,5,NA,2,2,1,Sheltered
2006_KEPPEL_NK1_3,7/11/2006,2006,2006,NK1,3,4,NA,3.2,2,1.6,Sheltered
2006_KEPPEL_NK1_4,7/11/2006,2006,2006,NK1,4,4,NA,2,2,1,Sheltered
2006_KEPPEL_NK1_5,7/11/2006,2006,2006,NK1,5,4,NA,2,2,1,Sheltered
2006_KEPPEL_NK5_1,4/11/2006,2006,2006,NK5,1,5,NA,5.76,2.4,2.4,Exposed
2006_KEPPEL_NK5_2,4/11/2006,2006,2006,NK5,2,5,NA,9.6,3,3.2,Exposed
2006_KEPPEL_NK5_3,4/11/2006,2006,2006,NK5,3,5,NA,8.64,3.6,2.4,Exposed
2006_KEPPEL_NK5_4,4/11/2006,2006,2006,NK5,4,5,NA,20.24,4.4,4.6,Exposed
2006_KEPPEL_NK5_5,4/11/2006,2006,2006,NK5,5,6,NA,12.96,3.6,3.6,Exposed
2006_KEPPEL_NK6_1,4/11/2006,2006,2006,NK6,1,5,NA,4.16,2.6,1.6,Exposed
2006_KEPPEL_NK6_2,4/11/2006,2006,2006,NK6,2,5,NA,5.04,3.6,1.4,Exposed
2006_KEPPEL_NK6_3,4/11/2006,2006,2006,NK6,3,5,NA,4.16,2.6,1.6,Exposed
2006_KEPPEL_NK6_4,4/11/2006,2006,2006,NK6,4,5,NA,5.4,3,1.8,Exposed
2006_KEPPEL_NK6_5,4/11/2006,2006,2006,NK6,5,5,NA,7.8,3,2.6,Exposed
2006_PALM_C4_1,12/08/2006,2006,2006,C4,1,7,NA,25,5,5,Semi-exposed
2006_PALM_C4_2,12/08/2006,2006,2006,C4,2,7,NA,19.36,4.4,4.4,Semi-exposed
2006_PALM_C4_3,12/08/2006,2006,2006,C4,3,7,NA,23.04,4.8,4.8,Semi-exposed
2006_PALM_C4_4,12/08/2006,2006,2006,C4,4,7,NA,25,5,5,Semi-exposed
2006_PALM_C4_5,12/08/2006,2006,2006,C4,5,7,NA,25,5,5,Semi-exposed
2006_PALM_C5_1,11/08/2006,2006,2006,C5,1,5,NA,11.4,3,3.8,Semi-exposed
2006_PALM_C5_2,11/08/2006,2006,2006,C5,2,5,NA,11.4,3,3.8,Semi-exposed
2006_PALM_C5_3,11/08/2006,2006,2006,C5,3,5,NA,12.24,3.4,3.6,Semi-exposed
2006_PALM_C5_4,11/08/2006,2006,2006,C5,4,5,NA,15.12,4.2,3.6,Semi-exposed
2006_PALM_C5_5,11/08/2006,2006,2006,C5,5,5,NA,8.4,2.8,3,Semi-exposed
2006_PALM_C6_1,11/08/2006,2006,2006,C6,1,6,NA,13.68,3.8,3.6,Sheltered
2006_PALM_C6_2,11/08/2006,2006,2006,C6,2,6,NA,11.56,3.4,3.4,Sheltered
2006_PALM_C6_3,11/08/2006,2006,2006,C6,3,6,NA,12.96,3.6,3.6,Sheltered
2006_PALM_C6_4,11/08/2006,2006,2006,C6,4,6,NA,13.68,3.8,3.6,Sheltered
2006_PALM_C6_5,11/08/2006,2006,2006,C6,5,6,NA,14.4,4,3.6,Sheltered
2006_PALM_C1_1,11/08/2006,2006,2006,C1,1,5,NA,23,5,4.6,Sheltered
2006_PALM_C1_2,11/08/2006,2006,2006,C1,2,5,NA,16.8,4.2,4,Sheltered
2006_PALM_C1_3,11/08/2006,2006,2006,C1,3,5,NA,23,5,4.6,Sheltered
2006_PALM_C1_4,11/08/2006,2006,2006,C1,4,5,NA,12,3,4,Sheltered
2006_PALM_C1_5,11/08/2006,2006,2006,C1,5,5,NA,19.32,4.2,4.6,Sheltered
2006_PALM_C2_1,12/08/2006,2006,2006,C2,1,6,NA,23,4.6,5,Sheltered
2006_PALM_C2_2,12/08/2006,2006,2006,C2,2,6,NA,25,5,5,Sheltered
2006_PALM_C2_3,12/08/2006,2006,2006,C2,3,6,NA,25,5,5,Sheltered
2006_PALM_C2_4,12/08/2006,2006,2006,C2,4,6,NA,24,4.8,5,Sheltered
2006_PALM_C2_5,12/08/2006,2006,2006,C2,5,6,NA,23,4.6,5,Sheltered
2006_PALM_C3_1,12/08/2006,2006,2006,C3,1,6,NA,13.6,3.4,4,Sheltered
2006_PALM_C3_2,12/08/2006,2006,2006,C3,2,6,NA,19.36,4.4,4.4,Sheltered
2006_PALM_C3_3,12/08/2006,2006,2006,C3,3,6,NA,16,4,4,Sheltered
2006_PALM_C3_4,12/08/2006,2006,2006,C3,4,6,NA,16,4,4,Sheltered
2006_PALM_C3_5,12/08/2006,2006,2006,C3,5,6,NA,14.44,3.8,3.8,Sheltered
2006_WHITSUNDAY_HB7_1,6/03/2006,2006,2006,HB7,1,7,NA,10.88,3.4,3.2,Exposed
2006_WHITSUNDAY_HB7_2,6/03/2006,2006,2006,HB7,2,7,NA,12.8,4,3.2,Exposed
2006_WHITSUNDAY_HB7_3,6/03/2006,2006,2006,HB7,3,7,NA,11.4,3.8,3,Exposed
2006_WHITSUNDAY_HB7_4,6/03/2006,2006,2006,HB7,4,7,NA,10.2,3.4,3,Exposed
2006_WHITSUNDAY_HB7_5,6/03/2006,2006,2006,HB7,5,7,NA,7.2,2.4,3,Exposed
2006_WHITSUNDAY_W8_1,7/03/2006,2006,2006,W8,1,5,NA,16,4,4,Semi-exposed
2006_WHITSUNDAY_W8_2,7/03/2006,2006,2006,W8,2,5,NA,17.6,4.4,4,Semi-exposed
2006_WHITSUNDAY_W8_3,7/03/2006,2006,2006,W8,3,5,NA,19.36,4.4,4.4,Semi-exposed
2006_WHITSUNDAY_W8_4,7/03/2006,2006,2006,W8,4,5,NA,19.36,4.4,4.4,Semi-exposed
2006_WHITSUNDAY_W8_5,7/03/2006,2006,2006,W8,5,5,NA,10.2,3.4,3,Semi-exposed
2006_WHITSUNDAY_W9_1,7/03/2006,2006,2006,W9,1,7,NA,9.6,3,3.2,Semi-exposed
2006_WHITSUNDAY_W9_2,7/03/2006,2006,2006,W9,2,7,NA,7.2,2.4,3,Semi-exposed
2006_WHITSUNDAY_W9_3,7/03/2006,2006,2006,W9,3,7,NA,11.4,3,3.8,Semi-exposed
2006_WHITSUNDAY_W9_4,7/03/2006,2006,2006,W9,4,6,NA,8.96,2.8,3.2,Semi-exposed
2006_WHITSUNDAY_W9_5,7/03/2006,2006,2006,W9,5,6,NA,7.68,2.4,3.2,Semi-exposed
2006_WHITSUNDAY_BL1_1,4/03/2006,2006,2006,BL1,1,6,NA,15.2,3.8,4,Semi-exposed
2006_WHITSUNDAY_BL1_2,4/03/2006,2006,2006,BL1,2,6,NA,20.24,4.4,4.6,Semi-exposed
2006_WHITSUNDAY_BL1_3,4/03/2006,2006,2006,BL1,3,6,NA,21.16,4.6,4.6,Semi-exposed
2006_WHITSUNDAY_BL1_4,4/03/2006,2006,2006,BL1,4,6,NA,15.2,3.8,4,Semi-exposed
2006_WHITSUNDAY_BL1_5,4/03/2006,2006,2006,BL1,5,6,NA,14.44,3.8,3.8,Semi-exposed
2006_WHITSUNDAY_BL2_1,8/03/2006,2006,2006,BL2,1,4,NA,11.52,3.2,3.6,Sheltered
2006_WHITSUNDAY_BL2_2,8/03/2006,2006,2006,BL2,2,4,NA,10.88,3.2,3.4,Sheltered
2006_WHITSUNDAY_BL2_3,8/03/2006,2006,2006,BL2,3,4,NA,14.28,3.4,4.2,Sheltered
2006_WHITSUNDAY_BL2_4,8/03/2006,2006,2006,BL2,4,4,NA,9,3,3,Sheltered
2006_WHITSUNDAY_BL2_5,8/03/2006,2006,2006,BL2,5,4,NA,10.2,3,3.4,Sheltered
2006_WHITSUNDAY_DB1_1,6/03/2006,2006,2006,DB1,1,7,NA,14.4,3.6,4,Semi-exposed
2006_WHITSUNDAY_DB1_2,6/03/2006,2006,2006,DB1,2,7,NA,15.96,3.8,4.2,Semi-exposed
2006_WHITSUNDAY_DB1_3,6/03/2006,2006,2006,DB1,3,7,NA,13.6,3.4,4,Semi-exposed
2006_WHITSUNDAY_DB1_4,6/03/2006,2006,2006,DB1,4,7,NA,16.8,4,4.2,Semi-exposed
2006_WHITSUNDAY_DB1_5,6/03/2006,2006,2006,DB1,5,7,NA,17.64,4.2,4.2,Semi-exposed
2006_WHITSUNDAY_DB2_1,7/03/2006,2006,2006,DB2,1,8,NA,12,3,4,Semi-exposed
2006_WHITSUNDAY_DB2_2,7/03/2006,2006,2006,DB2,2,7,NA,8.4,3,2.8,Semi-exposed
2006_WHITSUNDAY_DB2_3,7/03/2006,2006,2006,DB2,3,7,NA,14.4,3.6,4,Semi-exposed
2006_WHITSUNDAY_DB2_4,7/03/2006,2006,2006,DB2,4,8,NA,14.28,3.4,4.2,Semi-exposed
2006_WHITSUNDAY_DB2_5,7/03/2006,2006,2006,DB2,5,7,NA,3.96,2.2,1.8,Semi-exposed
2006_WHITSUNDAY_HG7_1,6/03/2006,2006,2006,HG7,1,9,NA,16.72,4.4,3.8,Exposed
2006_WHITSUNDAY_HG7_2,6/03/2006,2006,2006,HG7,2,9,NA,15.12,3.6,4.2,Exposed
2006_WHITSUNDAY_HG7_3,6/03/2006,2006,2006,HG7,3,9,NA,15.12,3.6,4.2,Exposed
2006_WHITSUNDAY_HG7_4,6/03/2006,2006,2006,HG7,4,9,NA,17.6,4,4.4,Exposed
2006_WHITSUNDAY_HG7_5,6/03/2006,2006,2006,HG7,5,9,NA,12.96,3.6,3.6,Exposed
2006_WHITSUNDAY_HW1_1,8/03/2006,2006,2006,HW1,1,10,NA,21.16,4.6,4.6,Sheltered
2006_WHITSUNDAY_HW1_2,8/03/2006,2006,2006,HW1,2,10,NA,22.08,4.8,4.6,Sheltered
2006_WHITSUNDAY_HW1_3,8/03/2006,2006,2006,HW1,3,10,NA,23.04,4.8,4.8,Sheltered
2006_WHITSUNDAY_HW1_4,8/03/2006,2006,2006,HW1,4,10,NA,18.4,4,4.6,Sheltered
2006_WHITSUNDAY_HW1_5,8/03/2006,2006,2006,HW1,5,10,NA,10.64,2.8,3.8,Sheltered
2006_WHITSUNDAY_HW2_1,3/03/2006,2006,2006,HW2,1,5,NA,8.4,3,2.8,Sheltered
2006_WHITSUNDAY_HW2_2,3/03/2006,2006,2006,HW2,2,5,NA,16.8,4.2,4,Sheltered
2006_WHITSUNDAY_HW2_3,3/03/2006,2006,2006,HW2,3,5,NA,11.52,3.6,3.2,Sheltered
2006_WHITSUNDAY_HW2_4,3/03/2006,2006,2006,HW2,4,5,NA,6.76,2.6,2.6,Sheltered
2006_WHITSUNDAY_HW2_5,3/03/2006,2006,2006,HW2,5,5,NA,5.6,2,2.8,Sheltered
2006_WHITSUNDAY_HW3_1,3/03/2006,2006,2006,HW3,1,5,NA,14.4,3.6,4,Sheltered
2006_WHITSUNDAY_HW3_2,3/03/2006,2006,2006,HW3,2,5,NA,16.72,3.8,4.4,Sheltered
2006_WHITSUNDAY_HW3_3,3/03/2006,2006,2006,HW3,3,5,NA,20.24,4.4,4.6,Sheltered
2006_WHITSUNDAY_HW3_4,3/03/2006,2006,2006,HW3,4,5,NA,13.6,3.4,4,Sheltered
2006_WHITSUNDAY_HW3_5,3/03/2006,2006,2006,HW3,5,5,NA,15.96,3.8,4.2,Sheltered
2006_WHITSUNDAY_L1_1,3/03/2006,2006,2006,L1,1,5,NA,15.12,3.6,4.2,Sheltered
2006_WHITSUNDAY_L1_2,3/03/2006,2006,2006,L1,2,5,NA,20.16,4.2,4.8,Sheltered
2006_WHITSUNDAY_L1_3,3/03/2006,2006,2006,L1,3,5,NA,22.08,4.8,4.6,Sheltered
2006_WHITSUNDAY_L1_4,3/03/2006,2006,2006,L1,4,4,NA,21.12,4.4,4.8,Sheltered
2006_WHITSUNDAY_L1_5,3/03/2006,2006,2006,L1,5,4,NA,19.32,4.2,4.6,Sheltered
2006_WHITSUNDAY_HE1_1,4/03/2006,2006,2006,HE1,1,7,NA,16.8,4.2,4,Exposed
2006_WHITSUNDAY_HE1_2,4/03/2006,2006,2006,HE1,2,7,NA,19.32,4.2,4.6,Exposed
2006_WHITSUNDAY_HE1_3,4/03/2006,2006,2006,HE1,3,7,NA,20.24,4.4,4.6,Exposed
2006_WHITSUNDAY_HE1_4,4/03/2006,2006,2006,HE1,4,7,NA,15.2,4,3.8,Exposed
2006_WHITSUNDAY_HE1_5,4/03/2006,2006,2006,HE1,5,7,NA,15.2,4,3.8,Exposed
2006_WHITSUNDAY_HE2_1,3/03/2006,2006,2006,HE2,1,5,NA,18.48,4.4,4.2,Exposed
2006_WHITSUNDAY_HE2_2,3/03/2006,2006,2006,HE2,2,5,NA,20.16,4.8,4.2,Exposed
2006_WHITSUNDAY_HE2_3,3/03/2006,2006,2006,HE2,3,5,NA,6.6,3,2.2,Exposed
2006_WHITSUNDAY_HE2_4,3/03/2006,2006,2006,HE2,4,5,NA,15.2,4,3.8,Exposed
2006_WHITSUNDAY_HE2_5,3/03/2006,2006,2006,HE2,5,5,NA,14.08,3.2,4.4,Exposed
2006_WHITSUNDAY_HE3_1,8/03/2006,2006,2006,HE3,1,7,NA,7.2,3,2.4,Exposed
2006_WHITSUNDAY_HE3_2,8/03/2006,2006,2006,HE3,2,7,NA,10.88,3.2,3.4,Exposed
2006_WHITSUNDAY_HE3_3,8/03/2006,2006,2006,HE3,3,7,NA,17.64,4.2,4.2,Exposed
2006_WHITSUNDAY_HE3_4,8/03/2006,2006,2006,HE3,4,7,NA,6.24,2.6,2.4,Exposed
2006_WHITSUNDAY_HE3_5,8/03/2006,2006,2006,HE3,5,7,NA,4.8,2.4,2,Exposed
2006_WHITSUNDAY_HY1_1,3/03/2006,2006,2006,HY1,1,7,NA,12.24,3.4,3.6,Semi-exposed
2006_WHITSUNDAY_HY1_2,3/03/2006,2006,2006,HY1,2,7,NA,11.4,3.8,3,Semi-exposed
2006_WHITSUNDAY_HY1_3,3/03/2006,2006,2006,HY1,3,7,NA,13.6,4,3.4,Semi-exposed
2006_WHITSUNDAY_HY1_4,3/03/2006,2006,2006,HY1,4,6,NA,9.6,4,2.4,Semi-exposed
2006_WHITSUNDAY_HY1_5,3/03/2006,2006,2006,HY1,5,6,NA,15.12,4.2,3.6,Semi-exposed
2006_WHITSUNDAY_HY2_1,3/03/2006,2006,2006,HY2,1,5,NA,12.8,3.2,4,Semi-exposed
2006_WHITSUNDAY_HY2_2,3/03/2006,2006,2006,HY2,2,6,NA,14.4,4,3.6,Semi-exposed
2006_WHITSUNDAY_HY2_3,3/03/2006,2006,2006,HY2,3,6,NA,14.44,3.8,3.8,Semi-exposed
2006_WHITSUNDAY_HY2_4,3/03/2006,2006,2006,HY2,4,6,NA,14.08,3.2,4.4,Semi-exposed
2006_WHITSUNDAY_HY2_5,3/03/2006,2006,2006,HY2,5,6,NA,11.4,3,3.8,Semi-exposed
2006_WHITSUNDAY_HY3_1,4/03/2006,2006,2006,HY3,1,7,NA,9.6,3.2,3,Sheltered
2006_WHITSUNDAY_HY3_2,4/03/2006,2006,2006,HY3,2,7,NA,12.24,3.6,3.4,Sheltered
2006_WHITSUNDAY_HY3_3,4/03/2006,2006,2006,HY3,3,7,NA,18.48,4.4,4.2,Sheltered
2006_WHITSUNDAY_HY3_4,4/03/2006,2006,2006,HY3,4,7,NA,4.8,2,2.4,Sheltered
2006_WHITSUNDAY_HY3_5,4/03/2006,2006,2006,HY3,5,7,NA,7.8,3,2.6,Sheltered
2007_KEPPEL_GK1_1,7/12/2007,2007,2007,GK1,1,9,8,9,3,3,Semi-exposed
2007_KEPPEL_GK1_2,7/12/2007,2007,2007,GK1,2,9,10,7.8,3,2.6,Semi-exposed
2007_KEPPEL_GK1_3,7/12/2007,2007,2007,GK1,3,8,11,4.4,2.2,2,Semi-exposed
2007_KEPPEL_GK1_4,7/12/2007,2007,2007,GK1,4,9,7,8.4,2.8,3,Semi-exposed
2007_KEPPEL_GK1_5,7/12/2007,2007,2007,GK1,5,9,6,5.6,2,2.8,Semi-exposed
2007_KEPPEL_GK2_1,5/12/2007,2007,2007,GK2,1,5,8,7.04,2.2,3.2,Exposed
2007_KEPPEL_GK2_2,5/12/2007,2007,2007,GK2,2,5,10,6,2,3,Exposed
2007_KEPPEL_GK2_3,5/12/2007,2007,2007,GK2,3,6,10,13.2,4.4,3,Exposed
2007_KEPPEL_GK2_4,5/12/2007,2007,2007,GK2,4,6,9,6.4,2,3.2,Exposed
2007_KEPPEL_GK2_5,5/12/2007,2007,2007,GK2,5,6,10,7.8,2.6,3,Exposed
2007_KEPPEL_GK3_1,6/12/2007,2007,2007,GK3,1,7,8.5,6,2,3,Semi-exposed
2007_KEPPEL_GK3_2,6/12/2007,2007,2007,GK3,2,7,8,6,2,3,Semi-exposed
2007_KEPPEL_GK3_3,6/12/2007,2007,2007,GK3,3,7,8,6,2,3,Semi-exposed
2007_KEPPEL_GK3_4,6/12/2007,2007,2007,GK3,4,6,8,6,2,3,Semi-exposed
2007_KEPPEL_GK3_5,6/12/2007,2007,2007,GK3,5,7,8.5,6,2,3,Semi-exposed
2007_KEPPEL_GK4_1,6/12/2007,2007,2007,GK4,1,7,8,7.2,2.4,3,Exposed
2007_KEPPEL_GK4_2,6/12/2007,2007,2007,GK4,2,7,8,7.2,2.4,3,Exposed
2007_KEPPEL_GK4_3,6/12/2007,2007,2007,GK4,3,7,10,7.8,2.6,3,Exposed
2007_KEPPEL_GK4_4,6/12/2007,2007,2007,GK4,4,7,7,6,2,3,Exposed
2007_KEPPEL_GK4_5,6/12/2007,2007,2007,GK4,5,7,6,7.8,2.6,3,Exposed
2007_KEPPEL_GK7_1,5/12/2007,2007,2007,GK7,1,8,5,6,2,3,Exposed
2007_KEPPEL_GK7_2,5/12/2007,2007,2007,GK7,2,8,5,6,2,3,Exposed
2007_KEPPEL_GK7_3,5/12/2007,2007,2007,GK7,3,8,4,5.4,1.8,3,Exposed
2007_KEPPEL_GK7_4,5/12/2007,2007,2007,GK7,4,7,5,6,2,3,Exposed
2007_KEPPEL_GK7_5,5/12/2007,2007,2007,GK7,5,7,5,6,2,3,Exposed
2007_KEPPEL_GK8_1,6/12/2007,2007,2007,GK8,1,6,5,6,2,3,Semi-exposed
2007_KEPPEL_GK8_2,6/12/2007,2007,2007,GK8,2,7,6,4.8,2,2.4,Semi-exposed
2007_KEPPEL_GK8_3,6/12/2007,2007,2007,GK8,3,7,5,5.2,2,2.6,Semi-exposed
2007_KEPPEL_GK8_4,6/12/2007,2007,2007,GK8,4,7,5,5.76,2.4,2.4,Semi-exposed
2007_KEPPEL_GK8_5,6/12/2007,2007,2007,GK8,5,7,5,7.8,2.6,3,Semi-exposed
2007_KEPPEL_H3_1,12/12/2007,2007,2007,H3,1,8,8,6,2,3,Sheltered
2007_KEPPEL_H3_2,12/12/2007,2007,2007,H3,2,8,9,9,3,3,Sheltered
2007_KEPPEL_H3_3,12/12/2007,2007,2007,H3,3,8,9,9,3,3,Sheltered
2007_KEPPEL_H3_4,12/12/2007,2007,2007,H3,4,9,8,6,2,3,Sheltered
2007_KEPPEL_H3_5,12/12/2007,2007,2007,H3,5,9,8,3,1,3,Sheltered
2007_KEPPEL_MI1_1,7/12/2007,2007,2007,MI1,1,8,9,6,2,3,Semi-exposed
2007_KEPPEL_MI1_2,7/12/2007,2007,2007,MI1,2,8,8,9,3,3,Semi-exposed
2007_KEPPEL_MI1_3,7/12/2007,2007,2007,MI1,3,8,8,5.72,2.2,2.6,Semi-exposed
2007_KEPPEL_MI1_4,7/12/2007,2007,2007,MI1,4,7,7,5.6,2,2.8,Semi-exposed
2007_KEPPEL_MI1_5,7/12/2007,2007,2007,MI1,5,7,7,9,3,3,Semi-exposed
2007_KEPPEL_MI2_1,7/12/2007,2007,2007,MI2,1,8,9,6.6,3,2.2,Exposed
2007_KEPPEL_MI2_2,7/12/2007,2007,2007,MI2,2,8,9,9,3,3,Exposed
2007_KEPPEL_MI2_3,7/12/2007,2007,2007,MI2,3,7,9,9,3,3,Exposed
2007_KEPPEL_MI2_4,7/12/2007,2007,2007,MI2,4,9,8,9,3,3,Exposed
2007_KEPPEL_MI2_5,7/12/2007,2007,2007,MI2,5,7,8,9,3,3,Exposed
2007_KEPPEL_NK3_1,10/12/2007,2007,2007,NK3,1,7,6,4,2,2,Semi-exposed
2007_KEPPEL_NK3_2,10/12/2007,2007,2007,NK3,2,7,6,5.2,2,2.6,Semi-exposed
2007_KEPPEL_NK3_3,10/12/2007,2007,2007,NK3,3,7,5.5,6,2,3,Semi-exposed
2007_KEPPEL_NK3_4,10/12/2007,2007,2007,NK3,4,7,6,4,2,2,Semi-exposed
2007_KEPPEL_NK3_5,10/12/2007,2007,2007,NK3,5,7,6,4,2,2,Semi-exposed
2007_KEPPEL_NK8_1,8/12/2007,2007,2007,NK8,1,7,10,10.2,3,3.4,Exposed
2007_KEPPEL_NK8_2,8/12/2007,2007,2007,NK8,2,7,9,10.2,3,3.4,Exposed
2007_KEPPEL_NK8_3,8/12/2007,2007,2007,NK8,3,7,9,10.2,3,3.4,Exposed
2007_KEPPEL_NK8_4,8/12/2007,2007,2007,NK8,4,7,8,10.8,3,3.6,Exposed
2007_KEPPEL_NK8_5,8/12/2007,2007,2007,NK8,5,7,9,10.2,3,3.4,Exposed
2007_KEPPEL_GK5_1,11/12/2007,2007,2007,GK5,1,8,10,9,3,3,Semi-exposed
2007_KEPPEL_GK5_2,11/12/2007,2007,2007,GK5,2,8,10,8.4,3,2.8,Semi-exposed
2007_KEPPEL_GK5_3,11/12/2007,2007,2007,GK5,3,8,10,8.4,3,2.8,Semi-exposed
2007_KEPPEL_GK5_4,11/12/2007,2007,2007,GK5,4,8,11,8.4,3,2.8,Semi-exposed
2007_KEPPEL_GK5_5,11/12/2007,2007,2007,GK5,5,8,11,8.4,3,2.8,Semi-exposed
2007_KEPPEL_GK6_1,11/12/2007,2007,2007,GK6,1,9,8.5,7.8,2.6,3,Semi-exposed
2007_KEPPEL_GK6_2,11/12/2007,2007,2007,GK6,2,9,9,7.8,2.6,3,Semi-exposed
2007_KEPPEL_GK6_3,11/12/2007,2007,2007,GK6,3,10,9.5,4.84,2.2,2.2,Semi-exposed
2007_KEPPEL_GK6_4,11/12/2007,2007,2007,GK6,4,9,8,6.6,2.2,3,Semi-exposed
2007_KEPPEL_GK6_5,11/12/2007,2007,2007,GK6,5,8,8,7.2,2.4,3,Semi-exposed
2007_KEPPEL_GK9_1,12/12/2007,2007,2007,GK9,1,10,5,5.2,2,2.6,Sheltered
2007_KEPPEL_GK9_2,12/12/2007,2007,2007,GK9,2,10,4,4,2,2,Sheltered
2007_KEPPEL_GK9_3,12/12/2007,2007,2007,GK9,3,10,4,4,2,2,Sheltered
2007_KEPPEL_GK9_4,12/12/2007,2007,2007,GK9,4,8,5,6,2,3,Sheltered
2007_KEPPEL_GK9_5,12/12/2007,2007,2007,GK9,5,8,5.5,6,2,3,Sheltered
2007_KEPPEL_H1_1,11/12/2007,2007,2007,H1,1,12,10,9.6,3,3.2,Exposed
2007_KEPPEL_H1_2,11/12/2007,2007,2007,H1,2,12,10,8.32,2.6,3.2,Exposed
2007_KEPPEL_H1_3,11/12/2007,2007,2007,H1,3,10,11,7.2,2.4,3,Exposed
2007_KEPPEL_H1_4,11/12/2007,2007,2007,H1,4,12,11,8.32,2.6,3.2,Exposed
2007_KEPPEL_H1_5,11/12/2007,2007,2007,H1,5,12,11,8.32,2.6,3.2,Exposed
2007_KEPPEL_H2_1,5/12/2007,2007,2007,H2,1,6,10,6,2,3,Exposed
2007_KEPPEL_H2_2,5/12/2007,2007,2007,H2,2,6,10,6,2,3,Exposed
2007_KEPPEL_H2_3,5/12/2007,2007,2007,H2,3,6,10,6,2,3,Exposed
2007_KEPPEL_H2_4,5/12/2007,2007,2007,H2,4,7,9,6,2,3,Exposed
2007_KEPPEL_H2_5,5/12/2007,2007,2007,H2,5,7,8,6,2,3,Exposed
2007_KEPPEL_M1_1,12/12/2007,2007,2007,M1,1,7,5,4.8,2,2.4,Sheltered
2007_KEPPEL_M1_2,12/12/2007,2007,2007,M1,2,7,5,7.8,2.6,3,Sheltered
2007_KEPPEL_M1_3,12/12/2007,2007,2007,M1,3,7,5,9,3,3,Sheltered
2007_KEPPEL_M1_4,12/12/2007,2007,2007,M1,4,8,4,4.8,2,2.4,Sheltered
2007_KEPPEL_M1_5,12/12/2007,2007,2007,M1,5,8,4,5.6,2,2.8,Sheltered
2007_KEPPEL_M2_1,6/12/2007,2007,2007,M2,1,7,3,7.2,3,2.4,Semi-exposed
2007_KEPPEL_M2_2,6/12/2007,2007,2007,M2,2,7,3,8.4,3,2.8,Semi-exposed
2007_KEPPEL_M2_3,6/12/2007,2007,2007,M2,3,7,3,9,3,3,Semi-exposed
2007_KEPPEL_M2_4,6/12/2007,2007,2007,M2,4,6,3,9,3,3,Semi-exposed
2007_KEPPEL_M2_5,6/12/2007,2007,2007,M2,5,6,3,7.84,2.8,2.8,Semi-exposed
2007_KEPPEL_M3_1,12/12/2007,2007,2007,M3,1,8,6,9,3,3,Semi-exposed
2007_KEPPEL_M3_2,12/12/2007,2007,2007,M3,2,8,6,9,3,3,Semi-exposed
2007_KEPPEL_M3_3,12/12/2007,2007,2007,M3,3,8,6,7.2,2.4,3,Semi-exposed
2007_KEPPEL_M3_4,12/12/2007,2007,2007,M3,4,9,5,6,2,3,Semi-exposed
2007_KEPPEL_M3_5,12/12/2007,2007,2007,M3,5,9,4,6,2,3,Semi-exposed
2007_KEPPEL_M4_1,7/12/2007,2007,2007,M4,1,8,3,6,2,3,Sheltered
2007_KEPPEL_M4_2,7/12/2007,2007,2007,M4,2,8,3,6,2,3,Sheltered
2007_KEPPEL_M4_3,7/12/2007,2007,2007,M4,3,8,4,8.4,2.8,3,Sheltered
2007_KEPPEL_M4_4,7/12/2007,2007,2007,M4,4,8,3,7.2,2.4,3,Sheltered
2007_KEPPEL_M4_5,7/12/2007,2007,2007,M4,5,8,3,6.6,2.2,3,Sheltered
2007_KEPPEL_NK1_1,10/12/2007,2007,2007,NK1,1,7,4.5,4,2,2,Sheltered
2007_KEPPEL_NK1_2,10/12/2007,2007,2007,NK1,2,6,4,4,2,2,Sheltered
2007_KEPPEL_NK1_3,10/12/2007,2007,2007,NK1,3,7,4,4.8,2,2.4,Sheltered
2007_KEPPEL_NK1_4,10/12/2007,2007,2007,NK1,4,7,5,4,2,2,Sheltered
2007_KEPPEL_NK1_5,10/12/2007,2007,2007,NK1,5,7,4.5,4.4,2,2.2,Sheltered
2007_KEPPEL_NK5_1,8/12/2007,2007,2007,NK5,1,7,10,10.88,3.2,3.4,Exposed
2007_KEPPEL_NK5_2,8/12/2007,2007,2007,NK5,2,7,8,12.92,3.4,3.8,Exposed
2007_KEPPEL_NK5_3,8/12/2007,2007,2007,NK5,3,7,9,8.84,2.6,3.4,Exposed
2007_KEPPEL_NK5_4,8/12/2007,2007,2007,NK5,4,7,8,10.88,3.2,3.4,Exposed
2007_KEPPEL_NK5_5,8/12/2007,2007,2007,NK5,5,7,8,13.6,3.4,4,Exposed
2007_MAGNETIC_AW1_1,3/05/2007,2007,2007,AW1,1,7,NA,6,2,3,Exposed
2007_MAGNETIC_AW1_2,3/05/2007,2007,2007,AW1,2,7,NA,9,3,3,Exposed
2007_MAGNETIC_AW1_3,3/05/2007,2007,2007,AW1,3,7,NA,12.6,3,4.2,Exposed
2007_MAGNETIC_AW1_4,3/05/2007,2007,2007,AW1,4,8,NA,9.6,3,3.2,Exposed
2007_MAGNETIC_AW1_5,3/05/2007,2007,2007,AW1,5,8,NA,9.6,3,3.2,Exposed
2007_MAGNETIC_AW2_1,3/05/2007,2007,2007,AW2,1,8,NA,5.2,2,2.6,Exposed
2007_MAGNETIC_AW2_2,3/05/2007,2007,2007,AW2,2,7,NA,4,2,2,Exposed
2007_MAGNETIC_AW2_3,3/05/2007,2007,2007,AW2,3,7,NA,6.4,2,3.2,Exposed
2007_MAGNETIC_AW2_4,3/05/2007,2007,2007,AW2,4,8,NA,4,2,2,Exposed
2007_MAGNETIC_AW2_5,3/05/2007,2007,2007,AW2,5,8,NA,2.8,1.4,2,Exposed
2007_MAGNETIC_NB1_1,4/05/2007,2007,2007,NB1,1,8,NA,3.2,1.6,2,Exposed
2007_MAGNETIC_NB1_2,4/05/2007,2007,2007,NB1,2,8,NA,4,2,2,Exposed
2007_MAGNETIC_NB1_3,4/05/2007,2007,2007,NB1,3,8,NA,6,2,3,Exposed
2007_MAGNETIC_NB1_4,4/05/2007,2007,2007,NB1,4,6,NA,5.2,2,2.6,Exposed
2007_MAGNETIC_NB1_5,4/05/2007,2007,2007,NB1,5,6,NA,4.4,2,2.2,Exposed
2007_MAGNETIC_WC1_1,4/05/2007,2007,2007,WC1,1,6,NA,4,2,2,Exposed
2007_MAGNETIC_WC1_2,4/05/2007,2007,2007,WC1,2,6,NA,3.2,1.6,2,Exposed
2007_MAGNETIC_WC1_3,4/05/2007,2007,2007,WC1,3,7,NA,4,2,2,Exposed
2007_MAGNETIC_WC1_4,4/05/2007,2007,2007,WC1,4,6,NA,4,2,2,Exposed
2007_MAGNETIC_WC1_5,4/05/2007,2007,2007,WC1,5,7,NA,6,2,3,Exposed
2007_MAGNETIC_FB1_1,3/05/2007,2007,2007,FB1,1,6,NA,10.88,3.2,3.4,Exposed
2007_MAGNETIC_FB1_2,3/05/2007,2007,2007,FB1,2,6,NA,10.2,3,3.4,Exposed
2007_MAGNETIC_FB1_3,3/05/2007,2007,2007,FB1,3,6,NA,10.88,3.2,3.4,Exposed
2007_MAGNETIC_FB1_4,3/05/2007,2007,2007,FB1,4,6,NA,13.6,3.4,4,Exposed
2007_MAGNETIC_FB1_5,3/05/2007,2007,2007,FB1,5,6,NA,12.24,3.4,3.6,Exposed
2007_MAGNETIC_GB1_1,4/05/2007,2007,2007,GB1,1,7,NA,4.4,2,2.2,Exposed
2007_MAGNETIC_GB1_2,4/05/2007,2007,2007,GB1,2,9,NA,6,2,3,Exposed
2007_MAGNETIC_GB1_3,4/05/2007,2007,2007,GB1,3,8,NA,5.72,2.2,2.6,Exposed
2007_MAGNETIC_GB1_4,4/05/2007,2007,2007,GB1,4,7,NA,4.4,2,2.2,Exposed
2007_MAGNETIC_GB1_5,4/05/2007,2007,2007,GB1,5,6,NA,4,2,2,Exposed
2007_MAGNETIC_GB2_1,4/05/2007,2007,2007,GB2,1,6,NA,9,3,3,Exposed
2007_MAGNETIC_GB2_2,4/05/2007,2007,2007,GB2,2,6,NA,7.84,2.8,2.8,Exposed
2007_MAGNETIC_GB2_3,4/05/2007,2007,2007,GB2,3,7,NA,6.24,2.4,2.6,Exposed
2007_MAGNETIC_GB2_4,4/05/2007,2007,2007,GB2,4,7,NA,10.24,3.2,3.2,Exposed
2007_MAGNETIC_GB2_5,4/05/2007,2007,2007,GB2,5,7,NA,10.88,3.4,3.2,Exposed
2007_MAGNETIC_GOW1_1,3/05/2007,2007,2007,GOW1,1,5,NA,8.96,3.2,2.8,Exposed
2007_MAGNETIC_GOW1_2,3/05/2007,2007,2007,GOW1,2,6,NA,8.84,2.6,3.4,Exposed
2007_MAGNETIC_GOW1_3,3/05/2007,2007,2007,GOW1,3,5,NA,9.6,3,3.2,Exposed
2007_MAGNETIC_GOW1_4,3/05/2007,2007,2007,GOW1,4,5,NA,4.48,1.4,3.2,Exposed
2007_MAGNETIC_GOW1_5,3/05/2007,2007,2007,GOW1,5,5,NA,5.4,1.8,3,Exposed
2007_PALM_C4_1,21/04/2007,2007,2007,C4,1,8,NA,6,2,3,Semi-exposed
2007_PALM_C4_2,21/04/2007,2007,2007,C4,2,9,NA,6,2,3,Semi-exposed
2007_PALM_C4_3,21/04/2007,2007,2007,C4,3,9,NA,6,2,3,Semi-exposed
2007_PALM_C4_4,21/04/2007,2007,2007,C4,4,10,NA,6,2,3,Semi-exposed
2007_PALM_C4_5,21/04/2007,2007,2007,C4,5,10,NA,6,2,3,Semi-exposed
2007_PALM_C5_1,26/04/2007,2007,2007,C5,1,8,NA,9,3,3,Semi-exposed
2007_PALM_C5_2,26/04/2007,2007,2007,C5,2,8,NA,9,3,3,Semi-exposed
2007_PALM_C5_3,26/04/2007,2007,2007,C5,3,8,NA,9.6,3,3.2,Semi-exposed
2007_PALM_C5_4,26/04/2007,2007,2007,C5,4,8,NA,6,2,3,Semi-exposed
2007_PALM_C5_5,26/04/2007,2007,2007,C5,5,7,NA,7.2,2.4,3,Semi-exposed
2007_PALM_C6_1,25/04/2007,2007,2007,C6,1,8,NA,6,2,3,Sheltered
2007_PALM_C6_2,25/04/2007,2007,2007,C6,2,9,NA,5.4,1.8,3,Sheltered
2007_PALM_C6_3,25/04/2007,2007,2007,C6,3,8,NA,2.6,1,2.6,Sheltered
2007_PALM_C6_4,25/04/2007,2007,2007,C6,4,8,NA,6.16,2.2,2.8,Sheltered
2007_PALM_C6_5,25/04/2007,2007,2007,C6,5,8,NA,8.4,2.8,3,Sheltered
2007_PALM_PE1_1,23/04/2007,2007,2007,PE1,1,8,NA,18.24,3.8,4.8,Exposed
2007_PALM_PE1_2,23/04/2007,2007,2007,PE1,2,8,NA,19.2,4,4.8,Exposed
2007_PALM_PE1_3,23/04/2007,2007,2007,PE1,3,9,NA,19,3.8,5,Exposed
2007_PALM_PE1_4,23/04/2007,2007,2007,PE1,4,10,NA,21,4.2,5,Exposed
2007_PALM_PE1_5,23/04/2007,2007,2007,PE1,5,10,NA,19.2,4,4.8,Exposed
2007_PALM_PE2_1,18/04/2007,2007,2007,PE2,1,6,NA,12.24,3.6,3.4,Exposed
2007_PALM_PE2_2,18/04/2007,2007,2007,PE2,2,6,NA,12.96,3.6,3.6,Exposed
2007_PALM_PE2_3,18/04/2007,2007,2007,PE2,3,6,NA,15.2,3.8,4,Exposed
2007_PALM_PE2_4,18/04/2007,2007,2007,PE2,4,6,NA,12.24,3.6,3.4,Exposed
2007_PALM_PE2_5,18/04/2007,2007,2007,PE2,5,5,NA,5.76,2.4,2.4,Exposed
2007_PALM_PE3_1,20/04/2007,2007,2007,PE3,1,9,NA,12.96,3.6,3.6,Exposed
2007_PALM_PE3_2,20/04/2007,2007,2007,PE3,2,10,NA,23,4.6,5,Exposed
2007_PALM_PE3_3,20/04/2007,2007,2007,PE3,3,9,NA,20.24,4.6,4.4,Exposed
2007_PALM_PE3_4,20/04/2007,2007,2007,PE3,4,6,NA,13.68,3.8,3.6,Exposed
2007_PALM_PE3_5,20/04/2007,2007,2007,PE3,5,7,NA,11.56,3.4,3.4,Exposed
2007_PALM_PE4_1,21/04/2007,2007,2007,PE4,1,8,NA,15.2,4,3.8,Exposed
2007_PALM_PE4_2,21/04/2007,2007,2007,PE4,2,8,NA,12.92,3.8,3.4,Exposed
2007_PALM_PE4_3,21/04/2007,2007,2007,PE4,3,8,NA,10.88,3.4,3.2,Exposed
2007_PALM_PE4_4,21/04/2007,2007,2007,PE4,4,9,NA,17.64,4.2,4.2,Exposed
2007_PALM_PE4_5,21/04/2007,2007,2007,PE4,5,8,NA,15.2,4,3.8,Exposed
2007_PALM_PE5_1,20/04/2007,2007,2007,PE5,1,7,NA,4.8,2.4,2,Exposed
2007_PALM_PE5_2,20/04/2007,2007,2007,PE5,2,5,NA,6.6,3,2.2,Exposed
2007_PALM_PE5_3,20/04/2007,2007,2007,PE5,3,5,NA,7.2,3,2.4,Exposed
2007_PALM_PE5_4,20/04/2007,2007,2007,PE5,4,7,NA,4.4,2,2.2,Exposed
2007_PALM_PE5_5,20/04/2007,2007,2007,PE5,5,7,NA,5.28,2.4,2.2,Exposed
2007_PALM_PE6_1,19/04/2007,2007,2007,PE6,1,7,NA,11.52,3.2,3.6,Exposed
2007_PALM_PE6_2,19/04/2007,2007,2007,PE6,2,7,NA,8.96,2.8,3.2,Exposed
2007_PALM_PE6_3,19/04/2007,2007,2007,PE6,3,7,NA,11.4,3,3.8,Exposed
2007_PALM_PE6_4,19/04/2007,2007,2007,PE6,4,7,NA,10.2,3,3.4,Exposed
2007_PALM_PE6_5,19/04/2007,2007,2007,PE6,5,7,NA,10.2,3,3.4,Exposed
2007_PALM_PS1_1,22/04/2007,2007,2007,PS1,1,9,NA,14.44,3.8,3.8,Sheltered
2007_PALM_PS1_2,22/04/2007,2007,2007,PS1,2,9,NA,17.64,4.2,4.2,Sheltered
2007_PALM_PS1_3,22/04/2007,2007,2007,PS1,3,9,NA,25,5,5,Sheltered
2007_PALM_PS1_4,22/04/2007,2007,2007,PS1,4,9,NA,10.88,3.2,3.4,Sheltered
2007_PALM_PS1_5,22/04/2007,2007,2007,PS1,5,9,NA,10.24,3.2,3.2,Sheltered
2007_PALM_PS2_1,30/04/2007,2007,2007,PS2,1,10,NA,21,4.2,5,Sheltered
2007_PALM_PS2_2,30/04/2007,2007,2007,PS2,2,12,NA,12,3,4,Sheltered
2007_PALM_PS2_3,30/04/2007,2007,2007,PS2,3,10,NA,19.2,4,4.8,Sheltered
2007_PALM_PS2_4,30/04/2007,2007,2007,PS2,4,7,NA,13.68,3.6,3.8,Sheltered
2007_PALM_PS2_5,30/04/2007,2007,2007,PS2,5,7,NA,15.64,3.4,4.6,Sheltered
2007_PALM_PS3_1,30/04/2007,2007,2007,PS3,1,7,NA,7.28,2.6,2.8,Sheltered
2007_PALM_PS3_2,30/04/2007,2007,2007,PS3,2,7,NA,8.16,2.4,3.4,Sheltered
2007_PALM_PS3_3,30/04/2007,2007,2007,PS3,3,7,NA,5.28,2.2,2.4,Sheltered
2007_PALM_PS3_4,30/04/2007,2007,2007,PS3,4,6,NA,6.4,2,3.2,Sheltered
2007_PALM_PS3_5,30/04/2007,2007,2007,PS3,5,6,NA,4.8,2,2.4,Sheltered
2007_PALM_PS4_1,29/04/2007,2007,2007,PS4,1,6,NA,12.16,3.8,3.2,Sheltered
2007_PALM_PS4_2,29/04/2007,2007,2007,PS4,2,7,NA,12.92,3.8,3.4,Sheltered
2007_PALM_PS4_3,29/04/2007,2007,2007,PS4,3,7,NA,12,4,3,Sheltered
2007_PALM_PS4_4,29/04/2007,2007,2007,PS4,4,6,NA,14.44,3.8,3.8,Sheltered
2007_PALM_PS4_5,29/04/2007,2007,2007,PS4,5,6,NA,9.6,3.2,3,Sheltered
2007_PALM_PS5_1,19/04/2007,2007,2007,PS5,1,7,NA,13.68,3.6,3.8,Sheltered
2007_PALM_PS5_2,19/04/2007,2007,2007,PS5,2,7,NA,11.52,3.6,3.2,Sheltered
2007_PALM_PS5_3,19/04/2007,2007,2007,PS5,3,7,NA,17.6,4,4.4,Sheltered
2007_PALM_PS5_4,19/04/2007,2007,2007,PS5,4,6,NA,14.4,4,3.6,Sheltered
2007_PALM_PS5_5,19/04/2007,2007,2007,PS5,5,6,NA,16,4,4,Sheltered
2007_PALM_PS6_1,29/04/2007,2007,2007,PS6,1,6,NA,10.8,3,3.6,Semi-exposed
2007_PALM_PS6_2,29/04/2007,2007,2007,PS6,2,6,NA,10.8,3,3.6,Semi-exposed
2007_PALM_PS6_3,29/04/2007,2007,2007,PS6,3,6,NA,12,3,4,Semi-exposed
2007_PALM_PS6_4,29/04/2007,2007,2007,PS6,4,6,NA,13.6,3.4,4,Semi-exposed
2007_PALM_PS6_5,29/04/2007,2007,2007,PS6,5,6,NA,12.8,3.2,4,Semi-exposed
2007_PALM_C1_1,25/04/2007,2007,2007,C1,1,7,NA,4,2,2,Sheltered
2007_PALM_C1_2,25/04/2007,2007,2007,C1,2,7,NA,4,2,2,Sheltered
2007_PALM_C1_3,25/04/2007,2007,2007,C1,3,7,NA,4,2,2,Sheltered
2007_PALM_C1_4,25/04/2007,2007,2007,C1,4,7,NA,4,2,2,Sheltered
2007_PALM_C1_5,25/04/2007,2007,2007,C1,5,7,NA,6,2,3,Sheltered
2007_PALM_C2_1,26/04/2007,2007,2007,C2,1,7,NA,4.8,2,2.4,Sheltered
2007_PALM_C2_2,26/04/2007,2007,2007,C2,2,7,NA,4.8,2,2.4,Sheltered
2007_PALM_C2_3,26/04/2007,2007,2007,C2,3,7,NA,4,2,2,Sheltered
2007_PALM_C2_4,26/04/2007,2007,2007,C2,4,7,NA,4.8,2,2.4,Sheltered
2007_PALM_C2_5,26/04/2007,2007,2007,C2,5,7,NA,4,2,2,Sheltered
2007_PALM_C3_1,26/04/2007,2007,2007,C3,1,7,NA,2,2,1,Sheltered
2007_PALM_C3_2,26/04/2007,2007,2007,C3,2,7,NA,2,2,1,Sheltered
2007_PALM_C3_3,26/04/2007,2007,2007,C3,3,6,NA,3.2,2,1.6,Sheltered
2007_PALM_C3_4,26/04/2007,2007,2007,C3,4,7,NA,2,2,1,Sheltered
2007_PALM_C3_5,26/04/2007,2007,2007,C3,5,7,NA,2,2,1,Sheltered
2007_PALM_OE1_1,28/04/2007,2007,2007,OE1,1,9,NA,9,3,3,Exposed
2007_PALM_OE1_2,28/04/2007,2007,2007,OE1,2,9,NA,6.6,3,2.2,Exposed
2007_PALM_OE1_3,28/04/2007,2007,2007,OE1,3,8,NA,6,3,2,Exposed
2007_PALM_OE1_4,28/04/2007,2007,2007,OE1,4,8,NA,9,3,3,Exposed
2007_PALM_OE1_5,28/04/2007,2007,2007,OE1,5,8,NA,9,3,3,Exposed
2007_PALM_OE2_1,25/04/2007,2007,2007,OE2,1,8,NA,6,3,2,Exposed
2007_PALM_OE2_2,25/04/2007,2007,2007,OE2,2,9,NA,4,2,2,Exposed
2007_PALM_OE2_3,25/04/2007,2007,2007,OE2,3,8,NA,4,2,2,Exposed
2007_PALM_OE2_4,25/04/2007,2007,2007,OE2,4,7,NA,5.72,2.2,2.6,Exposed
2007_PALM_OE2_5,25/04/2007,2007,2007,OE2,5,7,NA,6,2,3,Exposed
2007_PALM_OE3_1,22/04/2007,2007,2007,OE3,1,12,NA,6,2,3,Exposed
2007_PALM_OE3_2,22/04/2007,2007,2007,OE3,2,11,NA,8.96,2.8,3.2,Exposed
2007_PALM_OE3_3,22/04/2007,2007,2007,OE3,3,10,NA,7.8,2.6,3,Exposed
2007_PALM_OE3_4,22/04/2007,2007,2007,OE3,4,12,NA,6,2,3,Exposed
2007_PALM_OE3_5,22/04/2007,2007,2007,OE3,5,12,NA,11.4,3,3.8,Exposed
2007_PALM_OE4_1,21/04/2007,2007,2007,OE4,1,9,NA,13.2,3,4.4,Exposed
2007_PALM_OE4_2,21/04/2007,2007,2007,OE4,2,9,NA,11.4,3,3.8,Exposed
2007_PALM_OE4_3,21/04/2007,2007,2007,OE4,3,9,NA,12.6,3,4.2,Exposed
2007_PALM_OE4_4,21/04/2007,2007,2007,OE4,4,12,NA,8.96,2.8,3.2,Exposed
2007_PALM_OE4_5,21/04/2007,2007,2007,OE4,5,10,NA,12,3,4,Exposed
2007_PALM_OE5_1,22/04/2007,2007,2007,OE5,1,8,NA,4.8,2,2.4,Exposed
2007_PALM_OE5_2,22/04/2007,2007,2007,OE5,2,7,NA,5.6,2,2.8,Exposed
2007_PALM_OE5_3,22/04/2007,2007,2007,OE5,3,6,NA,4.8,2,2.4,Exposed
2007_PALM_OE5_4,22/04/2007,2007,2007,OE5,4,10,NA,4.8,2,2.4,Exposed
2007_PALM_OE5_5,22/04/2007,2007,2007,OE5,5,9,NA,5.28,2.4,2.2,Exposed
2007_PALM_OE6_1,19/04/2007,2007,2007,OE6,1,6,NA,6,3,2,Exposed
2007_PALM_OE6_2,19/04/2007,2007,2007,OE6,2,6,NA,6,3,2,Exposed
2007_PALM_OE6_3,19/04/2007,2007,2007,OE6,3,7,NA,6,3,2,Exposed
2007_PALM_OE6_4,19/04/2007,2007,2007,OE6,4,6,NA,6.6,3,2.2,Exposed
2007_PALM_OE6_5,19/04/2007,2007,2007,OE6,5,6,NA,6,3,2,Exposed
2007_PALM_OS1_1,28/04/2007,2007,2007,OS1,1,5,NA,4,2,2,Sheltered
2007_PALM_OS1_2,28/04/2007,2007,2007,OS1,2,5,NA,2.8,1.4,2,Sheltered
2007_PALM_OS1_3,28/04/2007,2007,2007,OS1,3,5,NA,4,2,2,Sheltered
2007_PALM_OS1_4,28/04/2007,2007,2007,OS1,4,4,NA,4,2,2,Sheltered
2007_PALM_OS1_5,28/04/2007,2007,2007,OS1,5,4,NA,6,3,2,Sheltered
2007_PALM_OS2_1,23/04/2007,2007,2007,OS2,1,5,NA,9,3,3,Sheltered
2007_PALM_OS2_2,23/04/2007,2007,2007,OS2,2,5,NA,9,3,3,Sheltered
2007_PALM_OS2_3,23/04/2007,2007,2007,OS2,3,5,NA,6,2,3,Sheltered
2007_PALM_OS2_4,23/04/2007,2007,2007,OS2,4,6,NA,4.8,1.6,3,Sheltered
2007_PALM_OS2_5,23/04/2007,2007,2007,OS2,5,6,NA,3,1,3,Sheltered
2007_PALM_OS3_1,29/04/2007,2007,2007,OS3,1,6,NA,5.4,1.8,3,Sheltered
2007_PALM_OS3_2,29/04/2007,2007,2007,OS3,2,6,NA,4.84,2.2,2.2,Sheltered
2007_PALM_OS3_3,29/04/2007,2007,2007,OS3,3,5,NA,4.8,2.4,2,Sheltered
2007_PALM_OS3_4,29/04/2007,2007,2007,OS3,4,6,NA,6,2,3,Sheltered
2007_PALM_OS3_5,29/04/2007,2007,2007,OS3,5,6,NA,6,2,3,Sheltered
2007_PALM_OS4_1,30/04/2007,2007,2007,OS4,1,7,NA,9,3,3,Sheltered
2007_PALM_OS4_2,30/04/2007,2007,2007,OS4,2,8,NA,6,3,2,Sheltered
2007_PALM_OS4_3,30/04/2007,2007,2007,OS4,3,9,NA,7.8,3,2.6,Sheltered
2007_PALM_OS4_4,30/04/2007,2007,2007,OS4,4,6,NA,7.8,3,2.6,Sheltered
2007_PALM_OS4_5,30/04/2007,2007,2007,OS4,5,6,NA,8.4,3,2.8,Sheltered
2007_PALM_OS5_1,20/04/2007,2007,2007,OS5,1,5,NA,2.4,2,1.2,Sheltered
2007_PALM_OS5_2,20/04/2007,2007,2007,OS5,2,5,NA,5.6,2,2.8,Sheltered
2007_PALM_OS5_3,20/04/2007,2007,2007,OS5,3,5,NA,6,2,3,Sheltered
2007_PALM_OS5_4,20/04/2007,2007,2007,OS5,4,5,NA,2,2,1,Sheltered
2007_PALM_OS5_5,20/04/2007,2007,2007,OS5,5,5,NA,2,2,1,Sheltered
2007_PALM_OS6_1,18/04/2007,2007,2007,OS6,1,6,NA,7.8,3,2.6,Semi-exposed
2007_PALM_OS6_2,18/04/2007,2007,2007,OS6,2,6,NA,6.8,3.4,2,Semi-exposed
2007_PALM_OS6_3,18/04/2007,2007,2007,OS6,3,6,NA,3,3,1,Semi-exposed
2007_PALM_OS6_4,18/04/2007,2007,2007,OS6,4,5,NA,6.6,3,2.2,Semi-exposed
2007_PALM_OS6_5,18/04/2007,2007,2007,OS6,5,6,NA,8.4,3,2.8,Semi-exposed
2007_WHITSUNDAY_HB1_1,28/10/2007,2007,2007,HB1,1,4,6,4,2,2,Exposed
2007_WHITSUNDAY_HB1_2,28/10/2007,2007,2007,HB1,2,4,7,7.28,2.8,2.6,Exposed
2007_WHITSUNDAY_HB1_3,28/10/2007,2007,2007,HB1,3,5,7,9,3,3,Exposed
2007_WHITSUNDAY_HB1_4,28/10/2007,2007,2007,HB1,4,4,7,4,2,2,Exposed
2007_WHITSUNDAY_HB1_5,28/10/2007,2007,2007,HB1,5,4,7,3.6,1.2,3,Exposed
2007_WHITSUNDAY_HB2_1,25/10/2007,2007,2007,HB2,1,6,9,6,2,3,Exposed
2007_WHITSUNDAY_HB2_2,25/10/2007,2007,2007,HB2,2,5,9,7.2,2.4,3,Exposed
2007_WHITSUNDAY_HB2_3,25/10/2007,2007,2007,HB2,3,5,9,7.28,2.6,2.8,Exposed
2007_WHITSUNDAY_HB2_4,25/10/2007,2007,2007,HB2,4,4,9,6,2,3,Exposed
2007_WHITSUNDAY_HB2_5,25/10/2007,2007,2007,HB2,5,5,9,7.2,2.4,3,Exposed
2007_WHITSUNDAY_HB3_1,25/10/2007,2007,2007,HB3,1,5,9,7.2,2.4,3,Sheltered
2007_WHITSUNDAY_HB3_2,25/10/2007,2007,2007,HB3,2,5,9,6,2,3,Sheltered
2007_WHITSUNDAY_HB3_3,25/10/2007,2007,2007,HB3,3,5,9,6,2,3,Sheltered
2007_WHITSUNDAY_HB3_4,25/10/2007,2007,2007,HB3,4,5,8,6.76,2.6,2.6,Sheltered
2007_WHITSUNDAY_HB3_5,25/10/2007,2007,2007,HB3,5,5,7,9,3,3,Sheltered
2007_WHITSUNDAY_HB4_1,6/11/2007,2007,2007,HB4,1,7,8,5.2,2,2.6,Exposed
2007_WHITSUNDAY_HB4_2,6/11/2007,2007,2007,HB4,2,7,7,4.8,2,2.4,Exposed
2007_WHITSUNDAY_HB4_3,6/11/2007,2007,2007,HB4,3,7,7,5.2,2,2.6,Exposed
2007_WHITSUNDAY_HB4_4,6/11/2007,2007,2007,HB4,4,7,8,4,2,2,Exposed
2007_WHITSUNDAY_HB4_5,6/11/2007,2007,2007,HB4,5,7,7,4.4,2,2.2,Exposed
2007_WHITSUNDAY_HB5_1,25/10/2007,2007,2007,HB5,1,5,10,7.2,2.4,3,Exposed
2007_WHITSUNDAY_HB5_2,25/10/2007,2007,2007,HB5,2,5,9,7.2,2.4,3,Exposed
2007_WHITSUNDAY_HB5_3,25/10/2007,2007,2007,HB5,3,5,9,8.4,2.8,3,Exposed
2007_WHITSUNDAY_HB5_4,25/10/2007,2007,2007,HB5,4,5,9,10.2,3,3.4,Exposed
2007_WHITSUNDAY_HB5_5,25/10/2007,2007,2007,HB5,5,5,9,10.2,3,3.4,Exposed
2007_WHITSUNDAY_HB7_1,4/11/2007,2007,2007,HB7,1,8,7,13.68,3.6,3.8,Exposed
2007_WHITSUNDAY_HB7_2,4/11/2007,2007,2007,HB7,2,8,8,16.8,4.2,4,Exposed
2007_WHITSUNDAY_HB7_3,4/11/2007,2007,2007,HB7,3,9,8,14.28,3.4,4.2,Exposed
2007_WHITSUNDAY_HB7_4,4/11/2007,2007,2007,HB7,4,7,6,12.24,3.4,3.6,Exposed
2007_WHITSUNDAY_HB7_5,4/11/2007,2007,2007,HB7,5,7,6,17.6,4,4.4,Exposed
2007_WHITSUNDAY_W1_1,31/10/2007,2007,2007,W1,1,5,6,10.2,3,3.4,Semi-exposed
2007_WHITSUNDAY_W1_2,31/10/2007,2007,2007,W1,2,5,6,9,3,3,Semi-exposed
2007_WHITSUNDAY_W1_3,31/10/2007,2007,2007,W1,3,5,9,9,3,3,Semi-exposed
2007_WHITSUNDAY_W1_4,31/10/2007,2007,2007,W1,4,5,6,7.2,2.4,3,Semi-exposed
2007_WHITSUNDAY_W1_5,31/10/2007,2007,2007,W1,5,5,8,5.76,2.4,2.4,Semi-exposed
2007_WHITSUNDAY_W2_1,28/10/2007,2007,2007,W2,1,4,8,9.6,3,3.2,Semi-exposed
2007_WHITSUNDAY_W2_2,28/10/2007,2007,2007,W2,2,4,9,15.2,3.8,4,Semi-exposed
2007_WHITSUNDAY_W2_3,28/10/2007,2007,2007,W2,3,4,9,12.24,3.4,3.6,Semi-exposed
2007_WHITSUNDAY_W2_4,28/10/2007,2007,2007,W2,4,4,9,9.6,3,3.2,Semi-exposed
2007_WHITSUNDAY_W2_5,28/10/2007,2007,2007,W2,5,4,9,10.2,3,3.4,Semi-exposed
2007_WHITSUNDAY_W3_1,30/10/2007,2007,2007,W3,1,4,9,5.6,2,2.8,Semi-exposed
2007_WHITSUNDAY_W3_2,30/10/2007,2007,2007,W3,2,4,9,7.28,2.6,2.8,Semi-exposed
2007_WHITSUNDAY_W3_3,30/10/2007,2007,2007,W3,3,4,9,9,3,3,Semi-exposed
2007_WHITSUNDAY_W3_4,30/10/2007,2007,2007,W3,4,4,9,7.2,2.4,3,Semi-exposed
2007_WHITSUNDAY_W3_5,30/10/2007,2007,2007,W3,5,4,9,5.76,2.4,2.4,Semi-exposed
2007_WHITSUNDAY_W4_1,31/10/2007,2007,2007,W4,1,4,6,9,3,3,Semi-exposed
2007_WHITSUNDAY_W4_2,31/10/2007,2007,2007,W4,2,4,6,8.84,2.6,3.4,Semi-exposed
2007_WHITSUNDAY_W4_3,31/10/2007,2007,2007,W4,3,4,7,9,3,3,Semi-exposed
2007_WHITSUNDAY_W4_4,31/10/2007,2007,2007,W4,4,4,6,7.2,2.4,3,Semi-exposed
2007_WHITSUNDAY_W4_5,31/10/2007,2007,2007,W4,5,4,6,9,3,3,Semi-exposed
2007_WHITSUNDAY_W5_1,31/10/2007,2007,2007,W5,1,4,7,5.2,2,2.6,Semi-exposed
2007_WHITSUNDAY_W5_2,31/10/2007,2007,2007,W5,2,5,7,6,2,3,Semi-exposed
2007_WHITSUNDAY_W5_3,31/10/2007,2007,2007,W5,3,5,7,6,2,3,Semi-exposed
2007_WHITSUNDAY_W5_4,31/10/2007,2007,2007,W5,4,4,8,6,2,3,Semi-exposed
2007_WHITSUNDAY_W5_5,31/10/2007,2007,2007,W5,5,4,8,5.6,2,2.8,Semi-exposed
2007_WHITSUNDAY_W6_1,28/10/2007,2007,2007,W6,1,4,9,3.2,1.6,2,Semi-exposed
2007_WHITSUNDAY_W6_2,28/10/2007,2007,2007,W6,2,4,9,4,2,2,Semi-exposed
2007_WHITSUNDAY_W6_3,28/10/2007,2007,2007,W6,3,4,10,4.8,2,2.4,Semi-exposed
2007_WHITSUNDAY_W6_4,28/10/2007,2007,2007,W6,4,4,9,4,2,2,Semi-exposed
2007_WHITSUNDAY_W6_5,28/10/2007,2007,2007,W6,5,4,9,7.28,2.8,2.6,Semi-exposed
2007_WHITSUNDAY_W8_1,27/10/2007,2007,2007,W8,1,4,4,20.24,4.4,4.6,Semi-exposed
2007_WHITSUNDAY_W8_2,27/10/2007,2007,2007,W8,2,4,4,20.24,4.6,4.4,Semi-exposed
2007_WHITSUNDAY_W8_3,27/10/2007,2007,2007,W8,3,4,6,22.08,4.6,4.8,Semi-exposed
2007_WHITSUNDAY_W8_4,27/10/2007,2007,2007,W8,4,5,4,19.36,4.4,4.4,Semi-exposed
2007_WHITSUNDAY_W8_5,27/10/2007,2007,2007,W8,5,4,5,22,4.4,5,Semi-exposed
2007_WHITSUNDAY_W9_1,27/10/2007,2007,2007,W9,1,4,6,23,4.6,5,Semi-exposed
2007_WHITSUNDAY_W9_2,27/10/2007,2007,2007,W9,2,4,8,25,5,5,Semi-exposed
2007_WHITSUNDAY_W9_3,27/10/2007,2007,2007,W9,3,4,9,24,4.8,5,Semi-exposed
2007_WHITSUNDAY_W9_4,27/10/2007,2007,2007,W9,4,4,5,18.48,4.2,4.4,Semi-exposed
2007_WHITSUNDAY_W9_5,27/10/2007,2007,2007,W9,5,4,7,17.64,4.2,4.2,Semi-exposed
2007_WHITSUNDAY_B1_1,30/10/2007,2007,2007,B1,1,4,6,9,3,3,Sheltered
2007_WHITSUNDAY_B1_2,30/10/2007,2007,2007,B1,2,4,8,8.4,2.8,3,Sheltered
2007_WHITSUNDAY_B1_3,30/10/2007,2007,2007,B1,3,4,9,9,3,3,Sheltered
2007_WHITSUNDAY_B1_4,30/10/2007,2007,2007,B1,4,4,10,8.4,2.8,3,Sheltered
2007_WHITSUNDAY_B1_5,30/10/2007,2007,2007,B1,5,4,9,9.6,3,3.2,Sheltered
2007_WHITSUNDAY_B2_1,30/10/2007,2007,2007,B2,1,4,9,8.4,2.8,3,Sheltered
2007_WHITSUNDAY_B2_2,30/10/2007,2007,2007,B2,2,4,9,4.8,2,2.4,Sheltered
2007_WHITSUNDAY_B2_3,30/10/2007,2007,2007,B2,3,4,9,2.64,1.2,2.2,Sheltered
2007_WHITSUNDAY_B2_4,30/10/2007,2007,2007,B2,4,4,9,8.4,2.8,3,Sheltered
2007_WHITSUNDAY_B2_5,30/10/2007,2007,2007,B2,5,5,9,7.84,2.8,2.8,Sheltered
2007_WHITSUNDAY_B3_1,29/10/2007,2007,2007,B3,1,4,9,8.32,2.6,3.2,Exposed
2007_WHITSUNDAY_B3_2,29/10/2007,2007,2007,B3,2,4,9,9.6,3.2,3,Exposed
2007_WHITSUNDAY_B3_3,29/10/2007,2007,2007,B3,3,4,9,8.32,2.6,3.2,Exposed
2007_WHITSUNDAY_B3_4,29/10/2007,2007,2007,B3,4,4,8,7.48,2.2,3.4,Exposed
2007_WHITSUNDAY_B3_5,29/10/2007,2007,2007,B3,5,4,9,7.84,2.8,2.8,Exposed
2007_WHITSUNDAY_B4_1,29/10/2007,2007,2007,B4,1,4,9,4.4,2.2,2,Exposed
2007_WHITSUNDAY_B4_2,29/10/2007,2007,2007,B4,2,4,8,4,2,2,Exposed
2007_WHITSUNDAY_B4_3,29/10/2007,2007,2007,B4,3,4,9,4.84,2.2,2.2,Exposed
2007_WHITSUNDAY_B4_4,29/10/2007,2007,2007,B4,4,4,8,3.96,1.8,2.2,Exposed
2007_WHITSUNDAY_B4_5,29/10/2007,2007,2007,B4,5,4,8,4.8,2.4,2,Exposed
2007_WHITSUNDAY_B5_1,29/10/2007,2007,2007,B5,1,5,8,4.4,2,2.2,Semi-exposed
2007_WHITSUNDAY_B5_2,29/10/2007,2007,2007,B5,2,5,9,5.72,2.6,2.2,Semi-exposed
2007_WHITSUNDAY_B5_3,29/10/2007,2007,2007,B5,3,5,9,5.72,2.6,2.2,Semi-exposed
2007_WHITSUNDAY_B5_4,29/10/2007,2007,2007,B5,4,4,6,4.8,2,2.4,Semi-exposed
2007_WHITSUNDAY_B5_5,29/10/2007,2007,2007,B5,5,4,9,3.96,1.8,2.2,Semi-exposed
2007_WHITSUNDAY_B6_1,1/11/2007,2007,2007,B6,1,6,8,4.4,2,2.2,Semi-exposed
2007_WHITSUNDAY_B6_2,1/11/2007,2007,2007,B6,2,6,9,3.2,1.6,2,Semi-exposed
2007_WHITSUNDAY_B6_3,1/11/2007,2007,2007,B6,3,5,9,2.8,1.4,2,Semi-exposed
2007_WHITSUNDAY_B6_4,1/11/2007,2007,2007,B6,4,7,8,3.6,1.8,2,Semi-exposed
2007_WHITSUNDAY_B6_5,1/11/2007,2007,2007,B6,5,7,6,4,2,2,Semi-exposed
2007_WHITSUNDAY_BL1_1,21/10/2007,2007,2007,BL1,1,7,7,6,2,3,Semi-exposed
2007_WHITSUNDAY_BL1_2,21/10/2007,2007,2007,BL1,2,7,10,6.4,2,3.2,Semi-exposed
2007_WHITSUNDAY_BL1_3,21/10/2007,2007,2007,BL1,3,7,9,6.4,2,3.2,Semi-exposed
2007_WHITSUNDAY_BL1_4,21/10/2007,2007,2007,BL1,4,7,8,6,2,3,Semi-exposed
2007_WHITSUNDAY_BL1_5,21/10/2007,2007,2007,BL1,5,7,9,6,2,3,Semi-exposed
2007_WHITSUNDAY_BL2_1,22/10/2007,2007,2007,BL2,1,6,9,7.68,2.4,3.2,Sheltered
2007_WHITSUNDAY_BL2_2,22/10/2007,2007,2007,BL2,2,5,10,7.2,2,3.6,Sheltered
2007_WHITSUNDAY_BL2_3,22/10/2007,2007,2007,BL2,3,5,9,7.6,2,3.8,Sheltered
2007_WHITSUNDAY_BL2_4,22/10/2007,2007,2007,BL2,4,5,10,7.2,2,3.6,Sheltered
2007_WHITSUNDAY_BL2_5,22/10/2007,2007,2007,BL2,5,5,9,6,2,3,Sheltered
2007_WHITSUNDAY_DB1_1,4/11/2007,2007,2007,DB1,1,6,8,10.2,3,3.4,Semi-exposed
2007_WHITSUNDAY_DB1_2,4/11/2007,2007,2007,DB1,2,6,8,6.6,2.2,3,Semi-exposed
2007_WHITSUNDAY_DB1_3,4/11/2007,2007,2007,DB1,3,6,7,6,2,3,Semi-exposed
2007_WHITSUNDAY_DB1_4,4/11/2007,2007,2007,DB1,4,7,7,6.6,2.2,3,Semi-exposed
2007_WHITSUNDAY_DB1_5,4/11/2007,2007,2007,DB1,5,7,8,7.8,2.6,3,Semi-exposed
2007_WHITSUNDAY_DB2_1,1/11/2007,2007,2007,DB2,1,7,9,5.2,2,2.6,Semi-exposed
2007_WHITSUNDAY_DB2_2,1/11/2007,2007,2007,DB2,2,7,9,4,2,2,Semi-exposed
2007_WHITSUNDAY_DB2_3,1/11/2007,2007,2007,DB2,3,8,9,4,2,2,Semi-exposed
2007_WHITSUNDAY_DB2_4,1/11/2007,2007,2007,DB2,4,6,7,6,2,3,Semi-exposed
2007_WHITSUNDAY_DB2_5,1/11/2007,2007,2007,DB2,5,6,8,5.6,2,2.8,Semi-exposed
2007_WHITSUNDAY_ESK1_1,3/11/2007,2007,2007,ESK1,1,8,7,4.4,2,2.2,Exposed
2007_WHITSUNDAY_ESK1_2,3/11/2007,2007,2007,ESK1,2,9,7,4.8,2,2.4,Exposed
2007_WHITSUNDAY_ESK1_3,3/11/2007,2007,2007,ESK1,3,9,8,4,2,2,Exposed
2007_WHITSUNDAY_ESK1_4,3/11/2007,2007,2007,ESK1,4,8,7,4.4,2,2.2,Exposed
2007_WHITSUNDAY_ESK1_5,3/11/2007,2007,2007,ESK1,5,8,8,4.4,2,2.2,Exposed
2007_WHITSUNDAY_HG1_1,5/11/2007,2007,2007,HG1,1,7,7,4.4,2.2,2,Semi-exposed
2007_WHITSUNDAY_HG1_2,5/11/2007,2007,2007,HG1,2,7,8,2.8,1.4,2,Semi-exposed
2007_WHITSUNDAY_HG1_3,5/11/2007,2007,2007,HG1,3,7,9,2.8,1.4,2,Semi-exposed
2007_WHITSUNDAY_HG1_4,5/11/2007,2007,2007,HG1,4,7,9,3.6,1.8,2,Semi-exposed
2007_WHITSUNDAY_HG1_5,5/11/2007,2007,2007,HG1,5,7,9,4.8,2.4,2,Semi-exposed
2007_WHITSUNDAY_HG2_1,8/11/2007,2007,2007,HG2,1,7,8,4.8,2,2.4,Semi-exposed
2007_WHITSUNDAY_HG2_2,8/11/2007,2007,2007,HG2,2,7,9,7.8,3,2.6,Semi-exposed
2007_WHITSUNDAY_HG2_3,8/11/2007,2007,2007,HG2,3,7,9,7.2,3,2.4,Semi-exposed
2007_WHITSUNDAY_HG2_4,8/11/2007,2007,2007,HG2,4,7,9,6,2,3,Semi-exposed
2007_WHITSUNDAY_HG2_5,8/11/2007,2007,2007,HG2,5,7,9,5.6,2,2.8,Semi-exposed
2007_WHITSUNDAY_HG3_1,8/11/2007,2007,2007,HG3,1,7,8,6.76,2.6,2.6,Semi-exposed
2007_WHITSUNDAY_HG3_2,8/11/2007,2007,2007,HG3,2,7,9,10.24,3.2,3.2,Semi-exposed
2007_WHITSUNDAY_HG3_3,8/11/2007,2007,2007,HG3,3,7,9,9.6,3,3.2,Semi-exposed
2007_WHITSUNDAY_HG3_4,8/11/2007,2007,2007,HG3,4,8,9,4.4,2,2.2,Semi-exposed
2007_WHITSUNDAY_HG3_5,8/11/2007,2007,2007,HG3,5,8,9,7.28,2.6,2.8,Semi-exposed
2007_WHITSUNDAY_HG4_1,7/11/2007,2007,2007,HG4,1,10,8,9,3,3,Semi-exposed
2007_WHITSUNDAY_HG4_2,7/11/2007,2007,2007,HG4,2,9,8,9,3,3,Semi-exposed
2007_WHITSUNDAY_HG4_3,7/11/2007,2007,2007,HG4,3,9,9,7.28,2.6,2.8,Semi-exposed
2007_WHITSUNDAY_HG4_4,7/11/2007,2007,2007,HG4,4,10,9,9,3,3,Semi-exposed
2007_WHITSUNDAY_HG4_5,7/11/2007,2007,2007,HG4,5,9,8,9,3,3,Semi-exposed
2007_WHITSUNDAY_HG5_1,7/11/2007,2007,2007,HG5,1,7,7,4,2,2,Semi-exposed
2007_WHITSUNDAY_HG5_2,7/11/2007,2007,2007,HG5,2,7,6,5.2,2,2.6,Semi-exposed
2007_WHITSUNDAY_HG5_3,7/11/2007,2007,2007,HG5,3,6,6,6,2,3,Semi-exposed
2007_WHITSUNDAY_HG5_4,7/11/2007,2007,2007,HG5,4,7,9,4.4,2,2.2,Semi-exposed
2007_WHITSUNDAY_HG5_5,7/11/2007,2007,2007,HG5,5,7,9,3.2,1.6,2,Semi-exposed
2007_WHITSUNDAY_HG6_1,7/11/2007,2007,2007,HG6,1,7,8,6,2,3,Semi-exposed
2007_WHITSUNDAY_HG6_2,7/11/2007,2007,2007,HG6,2,7,8,6,3,2,Semi-exposed
2007_WHITSUNDAY_HG6_3,7/11/2007,2007,2007,HG6,3,7,9,6,3,2,Semi-exposed
2007_WHITSUNDAY_HG6_4,7/11/2007,2007,2007,HG6,4,8,9,6,3,2,Semi-exposed
2007_WHITSUNDAY_HG6_5,7/11/2007,2007,2007,HG6,5,7,7,6,3,2,Semi-exposed
2007_WHITSUNDAY_HG7_1,5/11/2007,2007,2007,HG7,1,8,9,6,2,3,Exposed
2007_WHITSUNDAY_HG7_2,5/11/2007,2007,2007,HG7,2,7,10,5.2,2,2.6,Exposed
2007_WHITSUNDAY_HG7_3,5/11/2007,2007,2007,HG7,3,7,10,4,2,2,Exposed
2007_WHITSUNDAY_HG7_4,5/11/2007,2007,2007,HG7,4,8,9,6,2,3,Exposed
2007_WHITSUNDAY_HG7_5,5/11/2007,2007,2007,HG7,5,7,9,6,2,3,Exposed
2007_WHITSUNDAY_HW1_1,6/11/2007,2007,2007,HW1,1,7,9,7.8,2.6,3,Sheltered
2007_WHITSUNDAY_HW1_2,6/11/2007,2007,2007,HW1,2,7,8,7.8,2.6,3,Sheltered
2007_WHITSUNDAY_HW1_3,6/11/2007,2007,2007,HW1,3,6,8,8.4,3,2.8,Sheltered
2007_WHITSUNDAY_HW1_4,6/11/2007,2007,2007,HW1,4,6,8,6,2,3,Sheltered
2007_WHITSUNDAY_HW1_5,6/11/2007,2007,2007,HW1,5,6,8,7.28,2.6,2.8,Sheltered
2007_WHITSUNDAY_HW2_1,8/11/2007,2007,2007,HW2,1,6,9,7.2,3,2.4,Sheltered
2007_WHITSUNDAY_HW2_2,8/11/2007,2007,2007,HW2,2,6,9,7.8,3,2.6,Sheltered
2007_WHITSUNDAY_HW2_3,8/11/2007,2007,2007,HW2,3,6,9,7.8,3,2.6,Sheltered
2007_WHITSUNDAY_HW2_4,8/11/2007,2007,2007,HW2,4,6,8,7.8,3,2.6,Sheltered
2007_WHITSUNDAY_HW2_5,8/11/2007,2007,2007,HW2,5,6,6,8.4,3,2.8,Sheltered
2007_WHITSUNDAY_HW3_1,6/11/2007,2007,2007,HW3,1,6,8,7.2,2.4,3,Sheltered
2007_WHITSUNDAY_HW3_2,6/11/2007,2007,2007,HW3,2,6,6,9,3,3,Sheltered
2007_WHITSUNDAY_HW3_3,6/11/2007,2007,2007,HW3,3,6,6,9,3,3,Sheltered
2007_WHITSUNDAY_HW3_4,6/11/2007,2007,2007,HW3,4,7,7,6,2,3,Sheltered
2007_WHITSUNDAY_HW3_5,6/11/2007,2007,2007,HW3,5,7,8,7.8,2.6,3,Sheltered
2007_WHITSUNDAY_L1_1,21/10/2007,2007,2007,L1,1,7,6,6.16,2.2,2.8,Sheltered
2007_WHITSUNDAY_L1_2,21/10/2007,2007,2007,L1,2,7,8,7.8,2.6,3,Sheltered
2007_WHITSUNDAY_L1_3,21/10/2007,2007,2007,L1,3,7,9,6.6,2.2,3,Sheltered
2007_WHITSUNDAY_L1_4,21/10/2007,2007,2007,L1,4,7,6,7.8,2.6,3,Sheltered
2007_WHITSUNDAY_L1_5,21/10/2007,2007,2007,L1,5,7,7,7.8,2.6,3,Sheltered
2007_WHITSUNDAY_HE1_1,23/10/2007,2007,2007,HE1,1,7,8,9,3,3,Exposed
2007_WHITSUNDAY_HE1_2,23/10/2007,2007,2007,HE1,2,7,8,6.6,2.2,3,Exposed
2007_WHITSUNDAY_HE1_3,23/10/2007,2007,2007,HE1,3,7,8,6,2,3,Exposed
2007_WHITSUNDAY_HE1_4,23/10/2007,2007,2007,HE1,4,7,7,10.2,3,3.4,Exposed
2007_WHITSUNDAY_HE1_5,23/10/2007,2007,2007,HE1,5,7,8,6.6,2.2,3,Exposed
2007_WHITSUNDAY_HE2_1,23/10/2007,2007,2007,HE2,1,8,7,4,2,2,Exposed
2007_WHITSUNDAY_HE2_2,23/10/2007,2007,2007,HE2,2,8,8,4,2,2,Exposed
2007_WHITSUNDAY_HE2_3,23/10/2007,2007,2007,HE2,3,10,9,4,2,2,Exposed
2007_WHITSUNDAY_HE2_4,23/10/2007,2007,2007,HE2,4,9,8,4,2,2,Exposed
2007_WHITSUNDAY_HE2_5,23/10/2007,2007,2007,HE2,5,8,9,4,2,2,Exposed
2007_WHITSUNDAY_HE3_1,23/10/2007,2007,2007,HE3,1,8,8,9.6,3,3.2,Exposed
2007_WHITSUNDAY_HE3_2,23/10/2007,2007,2007,HE3,2,9,9,6.76,2.6,2.6,Exposed
2007_WHITSUNDAY_HE3_3,23/10/2007,2007,2007,HE3,3,9,9,8.96,2.8,3.2,Exposed
2007_WHITSUNDAY_HE3_4,23/10/2007,2007,2007,HE3,4,9,8,15.2,4,3.8,Exposed
2007_WHITSUNDAY_HE3_5,23/10/2007,2007,2007,HE3,5,10,9,14.4,3.6,4,Exposed
2007_WHITSUNDAY_HY1_1,22/10/2007,2007,2007,HY1,1,7,8,6,3,2,Semi-exposed
2007_WHITSUNDAY_HY1_2,22/10/2007,2007,2007,HY1,2,7,8,6,3,2,Semi-exposed
2007_WHITSUNDAY_HY1_3,22/10/2007,2007,2007,HY1,3,7,8,6,3,2,Semi-exposed
2007_WHITSUNDAY_HY1_4,22/10/2007,2007,2007,HY1,4,7,9,5.6,2.8,2,Semi-exposed
2007_WHITSUNDAY_HY1_5,22/10/2007,2007,2007,HY1,5,7,8,6,3,2,Semi-exposed
2007_WHITSUNDAY_HY2_1,21/10/2007,2007,2007,HY2,1,7,8,4,2,2,Semi-exposed
2007_WHITSUNDAY_HY2_2,21/10/2007,2007,2007,HY2,2,6,8,4,2,2,Semi-exposed
2007_WHITSUNDAY_HY2_3,21/10/2007,2007,2007,HY2,3,6,8,3.24,1.8,1.8,Semi-exposed
2007_WHITSUNDAY_HY2_4,21/10/2007,2007,2007,HY2,4,7,9,3.6,1.8,2,Semi-exposed
2007_WHITSUNDAY_HY2_5,21/10/2007,2007,2007,HY2,5,7,10,5.6,2.8,2,Semi-exposed
2007_WHITSUNDAY_HY3_1,22/10/2007,2007,2007,HY3,1,6,8,4,2,2,Sheltered
2007_WHITSUNDAY_HY3_2,22/10/2007,2007,2007,HY3,2,6,9,3.96,1.8,2.2,Sheltered
2007_WHITSUNDAY_HY3_3,22/10/2007,2007,2007,HY3,3,6,8,3.84,1.6,2.4,Sheltered
2007_WHITSUNDAY_HY3_4,22/10/2007,2007,2007,HY3,4,6,7,4,2,2,Sheltered
2007_WHITSUNDAY_HY3_5,22/10/2007,2007,2007,HY3,5,5,8,3.2,1.6,2,Sheltered
2008_KEPPEL_GK7_1,10/05/2008,2008,2008,GK7,1,8,NA,8.4,2.8,3,Exposed
2008_KEPPEL_GK7_2,10/05/2008,2008,2008,GK7,2,8,NA,6,2,3,Exposed
2008_KEPPEL_GK7_3,10/05/2008,2008,2008,GK7,3,8,NA,5.72,2.2,2.6,Exposed
2008_KEPPEL_GK7_4,10/05/2008,2008,2008,GK7,4,8,NA,7.8,2.6,3,Exposed
2008_KEPPEL_GK7_5,10/05/2008,2008,2008,GK7,5,8,NA,7.8,2.6,3,Exposed
2008_KEPPEL_GK8_1,10/05/2008,2008,2008,GK8,1,7,NA,5.6,2,2.8,Semi-exposed
2008_KEPPEL_GK8_2,10/05/2008,2008,2008,GK8,2,7,NA,6.76,2.6,2.6,Semi-exposed
2008_KEPPEL_GK8_3,10/05/2008,2008,2008,GK8,3,7,NA,5.2,2,2.6,Semi-exposed
2008_KEPPEL_GK8_4,10/05/2008,2008,2008,GK8,4,7,NA,5.76,2.4,2.4,Semi-exposed
2008_KEPPEL_GK8_5,10/05/2008,2008,2008,GK8,5,7,NA,7.84,2.8,2.8,Semi-exposed
2008_KEPPEL_MI1_1,11/05/2008,2008,2008,MI1,1,7,NA,6,2,3,Semi-exposed
2008_KEPPEL_MI1_2,11/05/2008,2008,2008,MI1,2,7,NA,6.6,2.2,3,Semi-exposed
2008_KEPPEL_MI1_3,11/05/2008,2008,2008,MI1,3,7,NA,8.4,2.8,3,Semi-exposed
2008_KEPPEL_MI1_4,11/05/2008,2008,2008,MI1,4,7,NA,9,3,3,Semi-exposed
2008_KEPPEL_MI1_5,11/05/2008,2008,2008,MI1,5,7,NA,9,3,3,Semi-exposed
2008_KEPPEL_NK3_1,2/05/2008,2008,2008,NK3,1,4,NA,6,2,3,Semi-exposed
2008_KEPPEL_NK3_2,2/05/2008,2008,2008,NK3,2,4,NA,6,2,3,Semi-exposed
2008_KEPPEL_NK3_3,2/05/2008,2008,2008,NK3,3,4,NA,6,2,3,Semi-exposed
2008_KEPPEL_NK3_4,2/05/2008,2008,2008,NK3,4,4,NA,6,2,3,Semi-exposed
2008_KEPPEL_NK3_5,2/05/2008,2008,2008,NK3,5,4,NA,6,2,3,Semi-exposed
2008_KEPPEL_GK5_1,11/05/2008,2008,2008,GK5,1,10,NA,9,3,3,Semi-exposed
2008_KEPPEL_GK5_2,11/05/2008,2008,2008,GK5,2,10,NA,7.8,3,2.6,Semi-exposed
2008_KEPPEL_GK5_3,11/05/2008,2008,2008,GK5,3,10,NA,8.4,3,2.8,Semi-exposed
2008_KEPPEL_GK5_4,11/05/2008,2008,2008,GK5,4,10,NA,8.4,3,2.8,Semi-exposed
2008_KEPPEL_GK5_5,11/05/2008,2008,2008,GK5,5,10,NA,7.2,3,2.4,Semi-exposed
2008_KEPPEL_GK6_1,10/05/2008,2008,2008,GK6,1,9,NA,9,3,3,Semi-exposed
2008_KEPPEL_GK6_2,10/05/2008,2008,2008,GK6,2,9,NA,6.24,2.6,2.4,Semi-exposed
2008_KEPPEL_GK6_3,10/05/2008,2008,2008,GK6,3,9,NA,6.6,3,2.2,Semi-exposed
2008_KEPPEL_GK6_4,10/05/2008,2008,2008,GK6,4,9,NA,7.28,2.8,2.6,Semi-exposed
2008_KEPPEL_GK6_5,10/05/2008,2008,2008,GK6,5,9,NA,6.24,2.6,2.4,Semi-exposed
2008_KEPPEL_GK9_1,9/05/2008,2008,2008,GK9,1,3,NA,8.4,2.8,3,Sheltered
2008_KEPPEL_GK9_2,9/05/2008,2008,2008,GK9,2,3,NA,5.72,2.2,2.6,Sheltered
2008_KEPPEL_GK9_3,9/05/2008,2008,2008,GK9,3,3,NA,5.2,2,2.6,Sheltered
2008_KEPPEL_GK9_4,9/05/2008,2008,2008,GK9,4,3,NA,9,3,3,Sheltered
2008_KEPPEL_GK9_5,9/05/2008,2008,2008,GK9,5,3,NA,9,3,3,Sheltered
2008_KEPPEL_NK1_1,2/05/2008,2008,2008,NK1,1,3,NA,4.4,2,2.2,Sheltered
2008_KEPPEL_NK1_2,2/05/2008,2008,2008,NK1,2,3,NA,4.4,2,2.2,Sheltered
2008_KEPPEL_NK1_3,2/05/2008,2008,2008,NK1,3,3,NA,5.4,1.8,3,Sheltered
2008_KEPPEL_NK1_4,2/05/2008,2008,2008,NK1,4,2.5,NA,4,2,2,Sheltered
2008_KEPPEL_NK1_5,2/05/2008,2008,2008,NK1,5,2,NA,4,2,2,Sheltered
2008_PALM_C4_1,20/11/2008,2008,2008,C4,1,7,NA,5.76,2.4,2.4,Semi-exposed
2008_PALM_C4_2,20/11/2008,2008,2008,C4,2,6,NA,9.6,3,3.2,Semi-exposed
2008_PALM_C4_3,20/11/2008,2008,2008,C4,3,6,NA,8.64,3.6,2.4,Semi-exposed
2008_PALM_C4_4,20/11/2008,2008,2008,C4,4,5,NA,20.24,4.4,4.6,Semi-exposed
2008_PALM_C4_5,20/11/2008,2008,2008,C4,5,5,NA,12.96,3.6,3.6,Semi-exposed
2008_PALM_C5_1,20/11/2008,2008,2008,C5,1,5,NA,4.16,2.6,1.6,Semi-exposed
2008_PALM_C5_2,20/11/2008,2008,2008,C5,2,5,NA,5.04,3.6,1.4,Semi-exposed
2008_PALM_C5_3,20/11/2008,2008,2008,C5,3,5,NA,4.16,2.6,1.6,Semi-exposed
2008_PALM_C5_4,20/11/2008,2008,2008,C5,4,5,NA,5.4,3,1.8,Semi-exposed
2008_PALM_C5_5,20/11/2008,2008,2008,C5,5,5,NA,7.8,3,2.6,Semi-exposed
2008_PALM_C6_1,21/11/2008,2008,2008,C6,1,5,NA,12.24,3.4,3.6,Sheltered
2008_PALM_C6_2,21/11/2008,2008,2008,C6,2,5,NA,11.4,3,3.8,Sheltered
2008_PALM_C6_3,21/11/2008,2008,2008,C6,3,5,NA,5.72,2.2,2.6,Sheltered
2008_PALM_C6_4,21/11/2008,2008,2008,C6,4,5,NA,4,2,2,Sheltered
2008_PALM_C6_5,21/11/2008,2008,2008,C6,5,5,NA,4,2,2,Sheltered
2008_PALM_C1_1,21/11/2008,2008,2008,C1,1,4,NA,10.2,3,3.4,Sheltered
2008_PALM_C1_2,21/11/2008,2008,2008,C1,2,4,NA,10.2,3,3.4,Sheltered
2008_PALM_C1_3,21/11/2008,2008,2008,C1,3,4,NA,11.4,3,3.8,Sheltered
2008_PALM_C1_4,21/11/2008,2008,2008,C1,4,4,NA,10.2,3,3.4,Sheltered
2008_PALM_C1_5,21/11/2008,2008,2008,C1,5,4,NA,10.2,3,3.4,Sheltered
2008_PALM_C2_1,21/11/2008,2008,2008,C2,1,4,NA,8.84,3.4,2.6,Sheltered
2008_PALM_C2_2,21/11/2008,2008,2008,C2,2,4,NA,11.52,3.6,3.2,Sheltered
2008_PALM_C2_3,21/11/2008,2008,2008,C2,3,4,NA,14.28,3.4,4.2,Sheltered
2008_PALM_C2_4,21/11/2008,2008,2008,C2,4,5,NA,7.8,3,2.6,Sheltered
2008_PALM_C2_5,21/11/2008,2008,2008,C2,5,5,NA,9.6,3,3.2,Sheltered
2008_PALM_C3_1,20/11/2008,2008,2008,C3,1,5,NA,9,3,3,Sheltered
2008_PALM_C3_2,20/11/2008,2008,2008,C3,2,5,NA,9,3,3,Sheltered
2008_PALM_C3_3,20/11/2008,2008,2008,C3,3,5,NA,10.8,3,3.6,Sheltered
2008_PALM_C3_4,20/11/2008,2008,2008,C3,4,5,NA,9,3,3,Sheltered
2008_PALM_C3_5,20/11/2008,2008,2008,C3,5,5,NA,8.4,3,2.8,Sheltered
2008_WHITSUNDAY_HB7_1,7/11/2008,2008,2008,HB7,1,6,7,5.6,2,2.8,Exposed
2008_WHITSUNDAY_HB7_2,7/11/2008,2008,2008,HB7,2,6,7,7.28,2.8,2.6,Exposed
2008_WHITSUNDAY_HB7_3,7/11/2008,2008,2008,HB7,3,7,7,6.6,2.2,3,Exposed
2008_WHITSUNDAY_HB7_4,7/11/2008,2008,2008,HB7,4,5,7,4,2,2,Exposed
2008_WHITSUNDAY_HB7_5,7/11/2008,2008,2008,HB7,5,6,7,4,2,2,Exposed
2008_WHITSUNDAY_W8_1,7/11/2008,2008,2008,W8,1,4,5,5.2,2.6,2,Semi-exposed
2008_WHITSUNDAY_W8_2,7/11/2008,2008,2008,W8,2,3,5,6.16,2.8,2.2,Semi-exposed
2008_WHITSUNDAY_W8_3,7/11/2008,2008,2008,W8,3,5,5,6.6,3,2.2,Semi-exposed
2008_WHITSUNDAY_W8_4,7/11/2008,2008,2008,W8,4,5,5,5.2,2.6,2,Semi-exposed
2008_WHITSUNDAY_W8_5,7/11/2008,2008,2008,W8,5,5,5,5.6,2.8,2,Semi-exposed
2008_WHITSUNDAY_W9_1,7/11/2008,2008,2008,W9,1,7,6,12.8,3.2,4,Semi-exposed
2008_WHITSUNDAY_W9_2,7/11/2008,2008,2008,W9,2,5,7,5.76,2.4,2.4,Semi-exposed
2008_WHITSUNDAY_W9_3,7/11/2008,2008,2008,W9,3,4,8,5.6,2,2.8,Semi-exposed
2008_WHITSUNDAY_W9_4,7/11/2008,2008,2008,W9,4,5,5,10.24,3.2,3.2,Semi-exposed
2008_WHITSUNDAY_W9_5,7/11/2008,2008,2008,W9,5,6,5,12.24,3.4,3.6,Semi-exposed
2008_WHITSUNDAY_BL1_1,6/11/2008,2008,2008,BL1,1,8,9,8.4,3,2.8,Semi-exposed
2008_WHITSUNDAY_BL1_2,6/11/2008,2008,2008,BL1,2,9,9,7.84,2.8,2.8,Semi-exposed
2008_WHITSUNDAY_BL1_3,6/11/2008,2008,2008,BL1,3,9,9,7.28,2.6,2.8,Semi-exposed
2008_WHITSUNDAY_BL1_4,6/11/2008,2008,2008,BL1,4,8,9,7.28,2.8,2.6,Semi-exposed
2008_WHITSUNDAY_BL1_5,6/11/2008,2008,2008,BL1,5,9,9,7.28,2.6,2.8,Semi-exposed
2008_WHITSUNDAY_BL2_1,5/11/2008,2008,2008,BL2,1,7,8,7.8,3,2.6,Sheltered
2008_WHITSUNDAY_BL2_2,5/11/2008,2008,2008,BL2,2,6,8,8.32,3.2,2.6,Sheltered
2008_WHITSUNDAY_BL2_3,5/11/2008,2008,2008,BL2,3,6,7,6.24,2.4,2.6,Sheltered
2008_WHITSUNDAY_BL2_4,5/11/2008,2008,2008,BL2,4,9,7,10.88,3.4,3.2,Sheltered
2008_WHITSUNDAY_BL2_5,5/11/2008,2008,2008,BL2,5,7,8,9.6,3,3.2,Sheltered
2008_WHITSUNDAY_DB1_1,4/11/2008,2008,2008,DB1,1,7,8,10.08,2.8,3.6,Semi-exposed
2008_WHITSUNDAY_DB1_2,4/11/2008,2008,2008,DB1,2,7,8,12.16,3.2,3.8,Semi-exposed
2008_WHITSUNDAY_DB1_3,4/11/2008,2008,2008,DB1,3,7,8,8.96,2.8,3.2,Semi-exposed
2008_WHITSUNDAY_DB1_4,4/11/2008,2008,2008,DB1,4,6,8,5.6,2,2.8,Semi-exposed
2008_WHITSUNDAY_DB1_5,4/11/2008,2008,2008,DB1,5,6,7,8.96,2.8,3.2,Semi-exposed
2008_WHITSUNDAY_DB2_1,4/11/2008,2008,2008,DB2,1,5,9,6,3,2,Semi-exposed
2008_WHITSUNDAY_DB2_2,4/11/2008,2008,2008,DB2,2,6,9,4.68,2.6,1.8,Semi-exposed
2008_WHITSUNDAY_DB2_3,4/11/2008,2008,2008,DB2,3,6,9,7.28,2.6,2.8,Semi-exposed
2008_WHITSUNDAY_DB2_4,4/11/2008,2008,2008,DB2,4,5,9,6,3,2,Semi-exposed
2008_WHITSUNDAY_DB2_5,4/11/2008,2008,2008,DB2,5,5,8,5.2,2.6,2,Semi-exposed
2008_WHITSUNDAY_HG7_1,9/11/2008,2008,2008,HG7,1,7,8,3.2,2,1.6,Exposed
2008_WHITSUNDAY_HG7_2,9/11/2008,2008,2008,HG7,2,7,9,3.24,1.8,1.8,Exposed
2008_WHITSUNDAY_HG7_3,9/11/2008,2008,2008,HG7,3,7,8,2.52,1.8,1.4,Exposed
2008_WHITSUNDAY_HG7_4,9/11/2008,2008,2008,HG7,4,7,7,2.88,1.8,1.6,Exposed
2008_WHITSUNDAY_HG7_5,9/11/2008,2008,2008,HG7,5,7,7,3.2,2,1.6,Exposed
2008_WHITSUNDAY_HW1_1,8/11/2008,2008,2008,HW1,1,10,7,7.2,2.4,3,Sheltered
2008_WHITSUNDAY_HW1_2,8/11/2008,2008,2008,HW1,2,10,7,5.28,2.2,2.4,Sheltered
2008_WHITSUNDAY_HW1_3,8/11/2008,2008,2008,HW1,3,10,8,6.24,2.6,2.4,Sheltered
2008_WHITSUNDAY_HW1_4,8/11/2008,2008,2008,HW1,4,9,8,4.8,2,2.4,Sheltered
2008_WHITSUNDAY_HW1_5,8/11/2008,2008,2008,HW1,5,9,7,4.4,2,2.2,Sheltered
2008_WHITSUNDAY_HW2_1,8/11/2008,2008,2008,HW2,1,8,7,12.96,3.6,3.6,Sheltered
2008_WHITSUNDAY_HW2_2,8/11/2008,2008,2008,HW2,2,8,7,7.68,2.4,3.2,Sheltered
2008_WHITSUNDAY_HW2_3,8/11/2008,2008,2008,HW2,3,8,9,5.2,2,2.6,Sheltered
2008_WHITSUNDAY_HW2_4,8/11/2008,2008,2008,HW2,4,8,6,8.96,2.8,3.2,Sheltered
2008_WHITSUNDAY_HW2_5,8/11/2008,2008,2008,HW2,5,8,7,13.68,3.8,3.6,Sheltered
2008_WHITSUNDAY_HW3_1,8/11/2008,2008,2008,HW3,1,8,7,6.4,2,3.2,Sheltered
2008_WHITSUNDAY_HW3_2,8/11/2008,2008,2008,HW3,2,7,8,7.48,2.2,3.4,Sheltered
2008_WHITSUNDAY_HW3_3,8/11/2008,2008,2008,HW3,3,7,9,6,2,3,Sheltered
2008_WHITSUNDAY_HW3_4,8/11/2008,2008,2008,HW3,4,7,7,8.96,2.8,3.2,Sheltered
2008_WHITSUNDAY_HW3_5,8/11/2008,2008,2008,HW3,5,7,6,9.12,2.4,3.8,Sheltered
2008_WHITSUNDAY_L1_1,3/11/2008,2008,2008,L1,1,8,7,8.36,2.2,3.8,Sheltered
2008_WHITSUNDAY_L1_2,3/11/2008,2008,2008,L1,2,8,8,6.8,2,3.4,Sheltered
2008_WHITSUNDAY_L1_3,3/11/2008,2008,2008,L1,3,8,8,8,2,4,Sheltered
2008_WHITSUNDAY_L1_4,3/11/2008,2008,2008,L1,4,8,6,7.92,2.2,3.6,Sheltered
2008_WHITSUNDAY_L1_5,3/11/2008,2008,2008,L1,5,8,5,6.4,2,3.2,Sheltered
2008_WHITSUNDAY_HE1_1,5/11/2008,2008,2008,HE1,1,6,8,10.88,3.4,3.2,Exposed
2008_WHITSUNDAY_HE1_2,5/11/2008,2008,2008,HE1,2,6,8,11.56,3.4,3.4,Exposed
2008_WHITSUNDAY_HE1_3,5/11/2008,2008,2008,HE1,3,6,8,9.6,2.4,4,Exposed
2008_WHITSUNDAY_HE1_4,5/11/2008,2008,2008,HE1,4,6,8,10.8,3,3.6,Exposed
2008_WHITSUNDAY_HE1_5,5/11/2008,2008,2008,HE1,5,6,8,10.88,3.2,3.4,Exposed
2008_WHITSUNDAY_HE2_1,5/11/2008,2008,2008,HE2,1,7,8,8.4,3,2.8,Exposed
2008_WHITSUNDAY_HE2_2,5/11/2008,2008,2008,HE2,2,6,8,7.28,2.6,2.8,Exposed
2008_WHITSUNDAY_HE2_3,5/11/2008,2008,2008,HE2,3,6,9,5.72,2.2,2.6,Exposed
2008_WHITSUNDAY_HE2_4,5/11/2008,2008,2008,HE2,4,7,7,6.24,2.4,2.6,Exposed
2008_WHITSUNDAY_HE2_5,5/11/2008,2008,2008,HE2,5,7,7,6.72,2.4,2.8,Exposed
2008_WHITSUNDAY_HE3_1,3/11/2008,2008,2008,HE3,1,8,7,3.6,1.8,2,Exposed
2008_WHITSUNDAY_HE3_2,3/11/2008,2008,2008,HE3,2,8,8,4.4,2,2.2,Exposed
2008_WHITSUNDAY_HE3_3,3/11/2008,2008,2008,HE3,3,8,9,4.84,2.2,2.2,Exposed
2008_WHITSUNDAY_HE3_4,3/11/2008,2008,2008,HE3,4,9,8,3.96,1.8,2.2,Exposed
2008_WHITSUNDAY_HE3_5,3/11/2008,2008,2008,HE3,5,9,9,3.36,1.4,2.4,Exposed
2008_WHITSUNDAY_HY1_1,9/11/2008,2008,2008,HY1,1,7,7,7.48,2.2,3.4,Semi-exposed
2008_WHITSUNDAY_HY1_2,9/11/2008,2008,2008,HY1,2,7,7,8.16,2.4,3.4,Semi-exposed
2008_WHITSUNDAY_HY1_3,9/11/2008,2008,2008,HY1,3,7,8,7.8,2.6,3,Semi-exposed
2008_WHITSUNDAY_HY1_4,9/11/2008,2008,2008,HY1,4,7,8,6.16,2.2,2.8,Semi-exposed
2008_WHITSUNDAY_HY1_5,9/11/2008,2008,2008,HY1,5,7,8,4.8,2,2.4,Semi-exposed
2008_WHITSUNDAY_HY2_1,6/11/2008,2008,2008,HY2,1,7,8,8.96,3.2,2.8,Semi-exposed
2008_WHITSUNDAY_HY2_2,6/11/2008,2008,2008,HY2,2,7,8,10.88,3.4,3.2,Semi-exposed
2008_WHITSUNDAY_HY2_3,6/11/2008,2008,2008,HY2,3,7,8,10.8,3,3.6,Semi-exposed
2008_WHITSUNDAY_HY2_4,6/11/2008,2008,2008,HY2,4,7,10,11.52,3.6,3.2,Semi-exposed
2008_WHITSUNDAY_HY2_5,6/11/2008,2008,2008,HY2,5,7,9,11.56,3.4,3.4,Semi-exposed
2008_WHITSUNDAY_HY3_1,6/11/2008,2008,2008,HY3,1,8,8,9.52,2.8,3.4,Sheltered
2008_WHITSUNDAY_HY3_2,6/11/2008,2008,2008,HY3,2,8,8,8.84,2.6,3.4,Sheltered
2008_WHITSUNDAY_HY3_3,6/11/2008,2008,2008,HY3,3,8,8,8.84,2.6,3.4,Sheltered
2008_WHITSUNDAY_HY3_4,6/11/2008,2008,2008,HY3,4,10,9,9.6,3,3.2,Sheltered
2008_WHITSUNDAY_HY3_5,6/11/2008,2008,2008,HY3,5,10,9,9.52,2.8,3.4,Sheltered
2009_KEPPEL_GK1_1,18/02/2009,2009,2009,GK1,1,7,5,10.2,3,3.4,Semi-exposed
2009_KEPPEL_GK1_2,18/02/2009,2009,2009,GK1,2,7,7,9,3,3,Semi-exposed
2009_KEPPEL_GK1_3,18/02/2009,2009,2009,GK1,3,7,8,9,3,3,Semi-exposed
2009_KEPPEL_GK1_4,18/02/2009,2009,2009,GK1,4,7,5,7.2,2.4,3,Semi-exposed
2009_KEPPEL_GK1_5,18/02/2009,2009,2009,GK1,5,7,4,5.76,2.4,2.4,Semi-exposed
2009_KEPPEL_GK2_1,14/02/2009,2009,2009,GK2,1,6,8,9.6,3,3.2,Exposed
2009_KEPPEL_GK2_2,14/02/2009,2009,2009,GK2,2,6,9,15.2,3.8,4,Exposed
2009_KEPPEL_GK2_3,14/02/2009,2009,2009,GK2,3,6,10,12.24,3.4,3.6,Exposed
2009_KEPPEL_GK2_4,14/02/2009,2009,2009,GK2,4,6,9,9.6,3,3.2,Exposed
2009_KEPPEL_GK2_5,14/02/2009,2009,2009,GK2,5,6,10,10.2,3,3.4,Exposed
2009_KEPPEL_GK3_1,14/02/2009,2009,2009,GK3,1,6,8,5.6,2,2.8,Semi-exposed
2009_KEPPEL_GK3_2,14/02/2009,2009,2009,GK3,2,6,8,7.28,2.6,2.8,Semi-exposed
2009_KEPPEL_GK3_3,14/02/2009,2009,2009,GK3,3,6,9,9,3,3,Semi-exposed
2009_KEPPEL_GK3_4,14/02/2009,2009,2009,GK3,4,6,8,7.2,2.4,3,Semi-exposed
2009_KEPPEL_GK3_5,14/02/2009,2009,2009,GK3,5,6,8,5.76,2.4,2.4,Semi-exposed
2009_KEPPEL_GK4_1,14/02/2009,2009,2009,GK4,1,6,8,9,3,3,Exposed
2009_KEPPEL_GK4_2,14/02/2009,2009,2009,GK4,2,6,9,8.84,2.6,3.4,Exposed
2009_KEPPEL_GK4_3,14/02/2009,2009,2009,GK4,3,6,9,9,3,3,Exposed
2009_KEPPEL_GK4_4,14/02/2009,2009,2009,GK4,4,6,8,7.2,2.4,3,Exposed
2009_KEPPEL_GK4_5,14/02/2009,2009,2009,GK4,5,6,8,9,3,3,Exposed
2009_KEPPEL_GK7_1,13/02/2009,2009,2009,GK7,1,5,7,5.2,2,2.6,Exposed
2009_KEPPEL_GK7_2,13/02/2009,2009,2009,GK7,2,5,7,6,2,3,Exposed
2009_KEPPEL_GK7_3,13/02/2009,2009,2009,GK7,3,5,7,6,2,3,Exposed
2009_KEPPEL_GK7_4,13/02/2009,2009,2009,GK7,4,5,8.5,6,2,3,Exposed
2009_KEPPEL_GK7_5,13/02/2009,2009,2009,GK7,5,5,7,5.6,2,2.8,Exposed
2009_KEPPEL_GK8_1,14/02/2009,2009,2009,GK8,1,6,6,3.2,1.6,2,Semi-exposed
2009_KEPPEL_GK8_2,14/02/2009,2009,2009,GK8,2,6,7,4,2,2,Semi-exposed
2009_KEPPEL_GK8_3,14/02/2009,2009,2009,GK8,3,6,7,4.8,2,2.4,Semi-exposed
2009_KEPPEL_GK8_4,14/02/2009,2009,2009,GK8,4,6,5,4,2,2,Semi-exposed
2009_KEPPEL_GK8_5,14/02/2009,2009,2009,GK8,5,6,5,7.28,2.8,2.6,Semi-exposed
2009_KEPPEL_H3_1,17/02/2009,2009,2009,H3,1,4,7,4,2,2,Sheltered
2009_KEPPEL_H3_2,17/02/2009,2009,2009,H3,2,4,8,7.28,2.8,2.6,Sheltered
2009_KEPPEL_H3_3,17/02/2009,2009,2009,H3,3,5,8,9,3,3,Sheltered
2009_KEPPEL_H3_4,17/02/2009,2009,2009,H3,4,5,6,4,2,2,Sheltered
2009_KEPPEL_H3_5,17/02/2009,2009,2009,H3,5,5,5,3.6,1.2,3,Sheltered
2009_KEPPEL_MI1_1,13/02/2009,2009,2009,MI1,1,4,9,6,2,3,Semi-exposed
2009_KEPPEL_MI1_2,13/02/2009,2009,2009,MI1,2,5,10,7.2,2.4,3,Semi-exposed
2009_KEPPEL_MI1_3,13/02/2009,2009,2009,MI1,3,6,9,7.28,2.6,2.8,Semi-exposed
2009_KEPPEL_MI1_4,13/02/2009,2009,2009,MI1,4,4,9,6,2,3,Semi-exposed
2009_KEPPEL_MI1_5,13/02/2009,2009,2009,MI1,5,5,9,7.2,2.4,3,Semi-exposed
2009_KEPPEL_MI2_1,17/02/2009,2009,2009,MI2,1,6,7,7.2,2.4,3,Exposed
2009_KEPPEL_MI2_2,17/02/2009,2009,2009,MI2,2,7,8,6,2,3,Exposed
2009_KEPPEL_MI2_3,17/02/2009,2009,2009,MI2,3,6,7,6,2,3,Exposed
2009_KEPPEL_MI2_4,17/02/2009,2009,2009,MI2,4,6,7,6.76,2.6,2.6,Exposed
2009_KEPPEL_MI2_5,17/02/2009,2009,2009,MI2,5,5,7,9,3,3,Exposed
2009_KEPPEL_NK3_1,16/02/2009,2009,2009,NK3,1,5,5,4,2,2,Semi-exposed
2009_KEPPEL_NK3_2,16/02/2009,2009,2009,NK3,2,6,5,5.2,2,2.6,Semi-exposed
2009_KEPPEL_NK3_3,16/02/2009,2009,2009,NK3,3,6,5,6,2,3,Semi-exposed
2009_KEPPEL_NK3_4,16/02/2009,2009,2009,NK3,4,6,4,4.4,2,2.2,Semi-exposed
2009_KEPPEL_NK3_5,16/02/2009,2009,2009,NK3,5,6,5,3.2,1.6,2,Semi-exposed
2009_KEPPEL_NK8_1,16/02/2009,2009,2009,NK8,1,7,7,9,3,3,Exposed
2009_KEPPEL_NK8_2,16/02/2009,2009,2009,NK8,2,7,8,8.4,2.8,3,Exposed
2009_KEPPEL_NK8_3,16/02/2009,2009,2009,NK8,3,7,7,9,3,3,Exposed
2009_KEPPEL_NK8_4,16/02/2009,2009,2009,NK8,4,7,8,8.4,2.8,3,Exposed
2009_KEPPEL_NK8_5,16/02/2009,2009,2009,NK8,5,7,8,9.6,3,3.2,Exposed
2009_KEPPEL_GK5_1,15/02/2009,2009,2009,GK5,1,6,8,6,2,3,Semi-exposed
2009_KEPPEL_GK5_2,15/02/2009,2009,2009,GK5,2,6,9,6,3,2,Semi-exposed
2009_KEPPEL_GK5_3,15/02/2009,2009,2009,GK5,3,6,9,6,3,2,Semi-exposed
2009_KEPPEL_GK5_4,15/02/2009,2009,2009,GK5,4,6,9,6,3,2,Semi-exposed
2009_KEPPEL_GK5_5,15/02/2009,2009,2009,GK5,5,6,9,6,3,2,Semi-exposed
2009_KEPPEL_GK6_1,15/02/2009,2009,2009,GK6,1,5,8,6,2,3,Semi-exposed
2009_KEPPEL_GK6_2,15/02/2009,2009,2009,GK6,2,5,8,5.2,2,2.6,Semi-exposed
2009_KEPPEL_GK6_3,15/02/2009,2009,2009,GK6,3,5,8,4,2,2,Semi-exposed
2009_KEPPEL_GK6_4,15/02/2009,2009,2009,GK6,4,5,8,6,2,3,Semi-exposed
2009_KEPPEL_GK6_5,15/02/2009,2009,2009,GK6,5,5,8,6,2,3,Semi-exposed
2009_KEPPEL_GK9_1,13/02/2009,2009,2009,GK9,1,5,4,5.2,2,2.6,Sheltered
2009_KEPPEL_GK9_2,13/02/2009,2009,2009,GK9,2,5,5,4,2,2,Sheltered
2009_KEPPEL_GK9_3,13/02/2009,2009,2009,GK9,3,5,5,4,2,2,Sheltered
2009_KEPPEL_GK9_4,13/02/2009,2009,2009,GK9,4,5,5,6,2,3,Sheltered
2009_KEPPEL_GK9_5,13/02/2009,2009,2009,GK9,5,5,5,5.6,2,2.8,Sheltered
2009_KEPPEL_H1_1,15/02/2009,2009,2009,H1,1,5,8.5,6,2,3,Exposed
2009_KEPPEL_H1_2,15/02/2009,2009,2009,H1,2,5,10,6.4,2,3.2,Exposed
2009_KEPPEL_H1_3,15/02/2009,2009,2009,H1,3,5,10,6.4,2,3.2,Exposed
2009_KEPPEL_H1_4,15/02/2009,2009,2009,H1,4,5,9,6,2,3,Exposed
2009_KEPPEL_H1_5,15/02/2009,2009,2009,H1,5,5,10,6,2,3,Exposed
2009_KEPPEL_H2_1,15/02/2009,2009,2009,H2,1,5,11,7.68,2.4,3.2,Exposed
2009_KEPPEL_H2_2,15/02/2009,2009,2009,H2,2,6,11,7.2,2,3.6,Exposed
2009_KEPPEL_H2_3,15/02/2009,2009,2009,H2,3,6,11,7.6,2,3.8,Exposed
2009_KEPPEL_H2_4,15/02/2009,2009,2009,H2,4,6,11,7.2,2,3.6,Exposed
2009_KEPPEL_H2_5,15/02/2009,2009,2009,H2,5,5,10,6,2,3,Exposed
2009_KEPPEL_M1_1,18/02/2009,2009,2009,M1,1,7,4,7.8,2.6,3,Sheltered
2009_KEPPEL_M1_2,18/02/2009,2009,2009,M1,2,6,4,7.8,2.6,3,Sheltered
2009_KEPPEL_M1_3,18/02/2009,2009,2009,M1,3,6,4,8.4,3,2.8,Sheltered
2009_KEPPEL_M1_4,18/02/2009,2009,2009,M1,4,7,3,6,2,3,Sheltered
2009_KEPPEL_M1_5,18/02/2009,2009,2009,M1,5,7,4,7.28,2.6,2.8,Sheltered
2009_KEPPEL_M2_1,17/02/2009,2009,2009,M2,1,5,3,7.2,3,2.4,Semi-exposed
2009_KEPPEL_M2_2,17/02/2009,2009,2009,M2,2,5,3,7.8,3,2.6,Semi-exposed
2009_KEPPEL_M2_3,17/02/2009,2009,2009,M2,3,5,3,7.8,3,2.6,Semi-exposed
2009_KEPPEL_M2_4,17/02/2009,2009,2009,M2,4,5,3,7.8,3,2.6,Semi-exposed
2009_KEPPEL_M2_5,17/02/2009,2009,2009,M2,5,5,3,8.4,3,2.8,Semi-exposed
2009_KEPPEL_M3_1,18/02/2009,2009,2009,M3,1,7,5,7.2,2.4,3,Semi-exposed
2009_KEPPEL_M3_2,18/02/2009,2009,2009,M3,2,7,5,9,3,3,Semi-exposed
2009_KEPPEL_M3_3,18/02/2009,2009,2009,M3,3,7,5,9,3,3,Semi-exposed
2009_KEPPEL_M3_4,18/02/2009,2009,2009,M3,4,7,5,6,2,3,Semi-exposed
2009_KEPPEL_M3_5,18/02/2009,2009,2009,M3,5,7,5,7.8,2.6,3,Semi-exposed
2009_KEPPEL_M4_1,18/02/2009,2009,2009,M4,1,7,4,6.16,2.2,2.8,Sheltered
2009_KEPPEL_M4_2,18/02/2009,2009,2009,M4,2,7,5,7.8,2.6,3,Sheltered
2009_KEPPEL_M4_3,18/02/2009,2009,2009,M4,3,7,5,6.6,2.2,3,Sheltered
2009_KEPPEL_M4_4,18/02/2009,2009,2009,M4,4,7,4,7.8,2.6,3,Sheltered
2009_KEPPEL_M4_5,18/02/2009,2009,2009,M4,5,6,5,7.8,2.6,3,Sheltered
2009_KEPPEL_NK1_1,16/02/2009,2009,2009,NK1,1,6,4,4,2,2,Sheltered
2009_KEPPEL_NK1_2,16/02/2009,2009,2009,NK1,2,6,4,4,2,2,Sheltered
2009_KEPPEL_NK1_3,16/02/2009,2009,2009,NK1,3,6,4,4,2,2,Sheltered
2009_KEPPEL_NK1_4,16/02/2009,2009,2009,NK1,4,6,4,4,2,2,Sheltered
2009_KEPPEL_NK1_5,16/02/2009,2009,2009,NK1,5,6,4,4,2,2,Sheltered
2009_KEPPEL_NK5_1,16/02/2009,2009,2009,NK5,1,7,8,9.6,3,3.2,Exposed
2009_KEPPEL_NK5_2,16/02/2009,2009,2009,NK5,2,7,8,6.76,2.6,2.6,Exposed
2009_KEPPEL_NK5_3,16/02/2009,2009,2009,NK5,3,7,8,8.96,2.8,3.2,Exposed
2009_KEPPEL_NK5_4,16/02/2009,2009,2009,NK5,4,7,7,15.2,4,3.8,Exposed
2009_KEPPEL_NK5_5,16/02/2009,2009,2009,NK5,5,6,7,14.4,3.6,4,Exposed
2009_PALM_C4_1,8/12/2009,2009,2009,C4,1,7,8,9.6,3,3.2,Semi-exposed
2009_PALM_C4_2,8/12/2009,2009,2009,C4,2,8,7,12.96,3.6,3.6,Semi-exposed
2009_PALM_C4_3,8/12/2009,2009,2009,C4,3,8,8,9,3,3,Semi-exposed
2009_PALM_C4_4,8/12/2009,2009,2009,C4,4,7,8,7.8,2.6,3,Semi-exposed
2009_PALM_C4_5,8/12/2009,2009,2009,C4,5,8,9,5.6,2,2.8,Semi-exposed
2009_PALM_C5_1,8/12/2009,2009,2009,C5,1,7,8,6.4,2,3.2,Semi-exposed
2009_PALM_C5_2,8/12/2009,2009,2009,C5,2,8,7,6.4,2,3.2,Semi-exposed
2009_PALM_C5_3,8/12/2009,2009,2009,C5,3,8,8,6,2,3,Semi-exposed
2009_PALM_C5_4,8/12/2009,2009,2009,C5,4,7,7,4.32,1.8,2.4,Semi-exposed
2009_PALM_C5_5,8/12/2009,2009,2009,C5,5,8,7,4.8,2,2.4,Semi-exposed
2009_PALM_C6_1,7/12/2009,2009,2009,C6,1,7,7,13.6,3.4,4,Sheltered
2009_PALM_C6_2,7/12/2009,2009,2009,C6,2,7,7,10.8,3.6,3,Sheltered
2009_PALM_C6_3,7/12/2009,2009,2009,C6,3,7,6,10.88,3.2,3.4,Sheltered
2009_PALM_C6_4,7/12/2009,2009,2009,C6,4,8,7,13.68,3.6,3.8,Sheltered
2009_PALM_C6_5,7/12/2009,2009,2009,C6,5,8,7,12,4,3,Sheltered
2009_PALM_PE1_1,29/11/2009,2009,2009,PE1,1,9,7,12.24,3.4,3.6,Exposed
2009_PALM_PE1_2,29/11/2009,2009,2009,PE1,2,8,8,21.16,4.6,4.6,Exposed
2009_PALM_PE1_3,29/11/2009,2009,2009,PE1,3,8,8,21.16,4.6,4.6,Exposed
2009_PALM_PE1_4,29/11/2009,2009,2009,PE1,4,8,7,14.44,3.8,3.8,Exposed
2009_PALM_PE1_5,29/11/2009,2009,2009,PE1,5,7,8,25,5,5,Exposed
2009_PALM_PE2_1,29/11/2009,2009,2009,PE2,1,6,7,11.52,3.2,3.6,Exposed
2009_PALM_PE2_2,29/11/2009,2009,2009,PE2,2,6,8,11.52,3.2,3.6,Exposed
2009_PALM_PE2_3,29/11/2009,2009,2009,PE2,3,6,9,11.52,3.2,3.6,Exposed
2009_PALM_PE2_4,29/11/2009,2009,2009,PE2,4,6,8,10.2,3,3.4,Exposed
2009_PALM_PE2_5,29/11/2009,2009,2009,PE2,5,6,9,10.8,3,3.6,Exposed
2009_PALM_PE3_1,28/11/2009,2009,2009,PE3,1,8,8,12.24,3.4,3.6,Exposed
2009_PALM_PE3_2,28/11/2009,2009,2009,PE3,2,8,9,19.32,4.2,4.6,Exposed
2009_PALM_PE3_3,28/11/2009,2009,2009,PE3,3,8,9,22.08,4.6,4.8,Exposed
2009_PALM_PE3_4,28/11/2009,2009,2009,PE3,4,8,8,15.2,3.8,4,Exposed
2009_PALM_PE3_5,28/11/2009,2009,2009,PE3,5,9,7,19.32,4.2,4.6,Exposed
2009_PALM_PE4_1,28/11/2009,2009,2009,PE4,1,7,8,9.6,3,3.2,Exposed
2009_PALM_PE4_2,28/11/2009,2009,2009,PE4,2,8,9,6.6,3,2.2,Exposed
2009_PALM_PE4_3,28/11/2009,2009,2009,PE4,3,8,10,7.8,3,2.6,Exposed
2009_PALM_PE4_4,28/11/2009,2009,2009,PE4,4,9,7,9.6,3,3.2,Exposed
2009_PALM_PE4_5,28/11/2009,2009,2009,PE4,5,8,7,17.64,4.2,4.2,Exposed
2009_PALM_PE5_1,28/11/2009,2009,2009,PE5,1,12,8,10.2,3,3.4,Exposed
2009_PALM_PE5_2,28/11/2009,2009,2009,PE5,2,12,9,10.8,3,3.6,Exposed
2009_PALM_PE5_3,28/11/2009,2009,2009,PE5,3,12,8,10.8,3,3.6,Exposed
2009_PALM_PE5_4,28/11/2009,2009,2009,PE5,4,10,8,9,3,3,Exposed
2009_PALM_PE5_5,28/11/2009,2009,2009,PE5,5,10,9,5.28,2.2,2.4,Exposed
2009_PALM_PE6_1,29/11/2009,2009,2009,PE6,1,12,9,9,3,3,Exposed
2009_PALM_PE6_2,29/11/2009,2009,2009,PE6,2,14,9,9,3,3,Exposed
2009_PALM_PE6_3,29/11/2009,2009,2009,PE6,3,14,8,7.2,3,2.4,Exposed
2009_PALM_PE6_4,29/11/2009,2009,2009,PE6,4,10,8,9.6,3.2,3,Exposed
2009_PALM_PE6_5,29/11/2009,2009,2009,PE6,5,11,7,14.4,4,3.6,Exposed
2009_PALM_PS1_1,2/12/2009,2009,2009,PS1,1,7,7,9,3,3,Sheltered
2009_PALM_PS1_2,2/12/2009,2009,2009,PS1,2,7,8,9,3,3,Sheltered
2009_PALM_PS1_3,2/12/2009,2009,2009,PS1,3,8,8,10.8,3,3.6,Sheltered
2009_PALM_PS1_4,2/12/2009,2009,2009,PS1,4,7,7,9,3,3,Sheltered
2009_PALM_PS1_5,2/12/2009,2009,2009,PS1,5,8,8,8.4,3,2.8,Sheltered
2009_PALM_PS2_1,4/12/2009,2009,2009,PS2,1,6,6,4.8,2,2.4,Sheltered
2009_PALM_PS2_2,4/12/2009,2009,2009,PS2,2,6,7,9.6,3,3.2,Sheltered
2009_PALM_PS2_3,4/12/2009,2009,2009,PS2,3,6,7,5.72,2.2,2.6,Sheltered
2009_PALM_PS2_4,4/12/2009,2009,2009,PS2,4,6,6,9,3,3,Sheltered
2009_PALM_PS2_5,4/12/2009,2009,2009,PS2,5,6,6,7.84,2.8,2.8,Sheltered
2009_PALM_PS3_1,6/12/2009,2009,2009,PS3,1,6,7,16.8,4,4.2,Sheltered
2009_PALM_PS3_2,6/12/2009,2009,2009,PS3,2,6,8,19.36,4.4,4.4,Sheltered
2009_PALM_PS3_3,6/12/2009,2009,2009,PS3,3,6,8,17.6,4,4.4,Sheltered
2009_PALM_PS3_4,6/12/2009,2009,2009,PS3,4,6,8,19.36,4.4,4.4,Sheltered
2009_PALM_PS3_5,6/12/2009,2009,2009,PS3,5,6,8,19.36,4.4,4.4,Sheltered
2009_PALM_PS4_1,3/12/2009,2009,2009,PS4,1,6,6,18.48,4.4,4.2,Sheltered
2009_PALM_PS4_2,3/12/2009,2009,2009,PS4,2,6,6,14.44,3.8,3.8,Sheltered
2009_PALM_PS4_3,3/12/2009,2009,2009,PS4,3,6,4,20.24,4.6,4.4,Sheltered
2009_PALM_PS4_4,3/12/2009,2009,2009,PS4,4,6,6,14.4,3.6,4,Sheltered
2009_PALM_PS4_5,3/12/2009,2009,2009,PS4,5,6,6,6.24,2.6,2.4,Sheltered
2009_PALM_PS5_1,1/12/2009,2009,2009,PS5,1,9,9,9.6,3.2,3,Sheltered
2009_PALM_PS5_2,1/12/2009,2009,2009,PS5,2,9,8,12.24,3.6,3.4,Sheltered
2009_PALM_PS5_3,1/12/2009,2009,2009,PS5,3,9,9,12.24,3.6,3.4,Sheltered
2009_PALM_PS5_4,1/12/2009,2009,2009,PS5,4,9,9,9,3,3,Sheltered
2009_PALM_PS5_5,1/12/2009,2009,2009,PS5,5,9,9,9.6,3,3.2,Sheltered
2009_PALM_PS6_1,3/12/2009,2009,2009,PS6,1,10,8,14.28,3.4,4.2,Semi-exposed
2009_PALM_PS6_2,3/12/2009,2009,2009,PS6,2,10,8,17.6,4,4.4,Semi-exposed
2009_PALM_PS6_3,3/12/2009,2009,2009,PS6,3,10,9,15.96,3.8,4.2,Semi-exposed
2009_PALM_PS6_4,3/12/2009,2009,2009,PS6,4,8,7,15.2,3.8,4,Semi-exposed
2009_PALM_PS6_5,3/12/2009,2009,2009,PS6,5,8,6,19.36,4.4,4.4,Semi-exposed
2009_PALM_C1_1,7/12/2009,2009,2009,C1,1,7,7,6,3,2,Sheltered
2009_PALM_C1_2,7/12/2009,2009,2009,C1,2,7,7,6.6,3,2.2,Sheltered
2009_PALM_C1_3,7/12/2009,2009,2009,C1,3,8,8,10.4,4,2.6,Sheltered
2009_PALM_C1_4,7/12/2009,2009,2009,C1,4,7,7,7.2,3,2.4,Sheltered
2009_PALM_C1_5,7/12/2009,2009,2009,C1,5,8,7,8.4,3,2.8,Sheltered
2009_PALM_C2_1,7/12/2009,2009,2009,C2,1,7,7,7.8,2.6,3,Sheltered
2009_PALM_C2_2,7/12/2009,2009,2009,C2,2,7,7,11.52,3.2,3.6,Sheltered
2009_PALM_C2_3,7/12/2009,2009,2009,C2,3,7,7,7.28,2.6,2.8,Sheltered
2009_PALM_C2_4,7/12/2009,2009,2009,C2,4,8,8,13.68,3.8,3.6,Sheltered
2009_PALM_C2_5,7/12/2009,2009,2009,C2,5,8,8,10.88,3.2,3.4,Sheltered
2009_PALM_C3_1,8/12/2009,2009,2009,C3,1,7,7,11.56,3.4,3.4,Sheltered
2009_PALM_C3_2,8/12/2009,2009,2009,C3,2,7,8,9,3,3,Sheltered
2009_PALM_C3_3,8/12/2009,2009,2009,C3,3,7,8,10.88,3.4,3.2,Sheltered
2009_PALM_C3_4,8/12/2009,2009,2009,C3,4,7,6,9.6,3,3.2,Sheltered
2009_PALM_C3_5,8/12/2009,2009,2009,C3,5,7,7,13.68,3.6,3.8,Sheltered
2009_PALM_OE1_1,9/12/2009,2009,2009,OE1,1,8,7,12.96,3.6,3.6,Exposed
2009_PALM_OE1_2,9/12/2009,2009,2009,OE1,2,8,7,12.96,3.6,3.6,Exposed
2009_PALM_OE1_3,9/12/2009,2009,2009,OE1,3,8,7,14.4,3.6,4,Exposed
2009_PALM_OE1_4,9/12/2009,2009,2009,OE1,4,7,8,17.6,4.4,4,Exposed
2009_PALM_OE1_5,9/12/2009,2009,2009,OE1,5,7,9,17.6,4.4,4,Exposed
2009_PALM_OE2_1,9/12/2009,2009,2009,OE2,1,9,9,9,3,3,Exposed
2009_PALM_OE2_2,9/12/2009,2009,2009,OE2,2,8,8,12,4,3,Exposed
2009_PALM_OE2_3,9/12/2009,2009,2009,OE2,3,8,7,12.8,4,3.2,Exposed
2009_PALM_OE2_4,9/12/2009,2009,2009,OE2,4,8,8,9,3,3,Exposed
2009_PALM_OE2_5,9/12/2009,2009,2009,OE2,5,9,9,11.2,4,2.8,Exposed
2009_PALM_OE3_1,2/12/2009,2009,2009,OE3,1,6,8,10.2,3.4,3,Exposed
2009_PALM_OE3_2,2/12/2009,2009,2009,OE3,2,6,7,10.2,3.4,3,Exposed
2009_PALM_OE3_3,2/12/2009,2009,2009,OE3,3,6,7,12.24,3.6,3.4,Exposed
2009_PALM_OE3_4,2/12/2009,2009,2009,OE3,4,4,8,11.52,3.6,3.2,Exposed
2009_PALM_OE3_5,2/12/2009,2009,2009,OE3,5,4,9,12,4,3,Exposed
2009_PALM_OE4_1,30/11/2009,2009,2009,OE4,1,10,8,9,3,3,Exposed
2009_PALM_OE4_2,30/11/2009,2009,2009,OE4,2,10,9,12.96,3.6,3.6,Exposed
2009_PALM_OE4_3,30/11/2009,2009,2009,OE4,3,9,9,10.8,3.6,3,Exposed
2009_PALM_OE4_4,30/11/2009,2009,2009,OE4,4,9,9,12.8,4,3.2,Exposed
2009_PALM_OE4_5,30/11/2009,2009,2009,OE4,5,9,9,13.6,4,3.4,Exposed
2009_PALM_OE5_1,30/11/2009,2009,2009,OE5,1,7,8,14.4,3.6,4,Exposed
2009_PALM_OE5_2,30/11/2009,2009,2009,OE5,2,6,8,16.8,4.2,4,Exposed
2009_PALM_OE5_3,30/11/2009,2009,2009,OE5,3,6,8,17.64,4.2,4.2,Exposed
2009_PALM_OE5_4,30/11/2009,2009,2009,OE5,4,7,8,14.4,3.6,4,Exposed
2009_PALM_OE5_5,30/11/2009,2009,2009,OE5,5,6,9,11.56,3.4,3.4,Exposed
2009_PALM_OE6_1,30/11/2009,2009,2009,OE6,1,7,8,8.32,2.6,3.2,Exposed
2009_PALM_OE6_2,30/11/2009,2009,2009,OE6,2,7,7,7.8,2.6,3,Exposed
2009_PALM_OE6_3,30/11/2009,2009,2009,OE6,3,7,8,6.72,2.4,2.8,Exposed
2009_PALM_OE6_4,30/11/2009,2009,2009,OE6,4,6,8,9,3,3,Exposed
2009_PALM_OE6_5,30/11/2009,2009,2009,OE6,5,7,8,6.24,2.4,2.6,Exposed
2009_PALM_OS1_1,6/11/2009,2009,2009,OS1,1,5,6,3.6,1.8,2,Sheltered
2009_PALM_OS1_2,6/11/2009,2009,2009,OS1,2,5,7,3.2,2,1.6,Sheltered
2009_PALM_OS1_3,6/11/2009,2009,2009,OS1,3,5,7,3.2,2,1.6,Sheltered
2009_PALM_OS1_4,6/11/2009,2009,2009,OS1,4,5,6,1.92,1.2,1.6,Sheltered
2009_PALM_OS1_5,6/11/2009,2009,2009,OS1,5,5,7,2,1,2,Sheltered
2009_PALM_OS2_1,4/12/2009,2009,2009,OS2,1,5,8,8.4,2.8,3,Sheltered
2009_PALM_OS2_2,4/12/2009,2009,2009,OS2,2,5,7,6.16,2.2,2.8,Sheltered
2009_PALM_OS2_3,4/12/2009,2009,2009,OS2,3,5,8,4.84,2.2,2.2,Sheltered
2009_PALM_OS2_4,4/12/2009,2009,2009,OS2,4,5,8,5.2,2,2.6,Sheltered
2009_PALM_OS2_5,4/12/2009,2009,2009,OS2,5,5,8,9,3,3,Sheltered
2009_PALM_OS3_1,3/12/2009,2009,2009,OS3,1,6,6,8.4,3,2.8,Sheltered
2009_PALM_OS3_2,3/12/2009,2009,2009,OS3,2,6,7,6.72,2.8,2.4,Sheltered
2009_PALM_OS3_3,3/12/2009,2009,2009,OS3,3,5,7,10.2,3,3.4,Sheltered
2009_PALM_OS3_4,3/12/2009,2009,2009,OS3,4,6,6,9,3,3,Sheltered
2009_PALM_OS3_5,3/12/2009,2009,2009,OS3,5,6,6,9,3,3,Sheltered
2009_PALM_OS4_1,2/12/2009,2009,2009,OS4,1,8,5,9,3,3,Sheltered
2009_PALM_OS4_2,2/12/2009,2009,2009,OS4,2,8,5,9,3,3,Sheltered
2009_PALM_OS4_3,2/12/2009,2009,2009,OS4,3,7,5,9.6,3,3.2,Sheltered
2009_PALM_OS4_4,2/12/2009,2009,2009,OS4,4,7,5,9.6,3,3.2,Sheltered
2009_PALM_OS4_5,2/12/2009,2009,2009,OS4,5,8,5,10.2,3,3.4,Sheltered
2009_PALM_OS5_1,4/12/2009,2009,2009,OS5,1,9,7,17.48,3.8,4.6,Sheltered
2009_PALM_OS5_2,4/12/2009,2009,2009,OS5,2,7,6,13.68,3.6,3.8,Sheltered
2009_PALM_OS5_3,4/12/2009,2009,2009,OS5,3,9,7,13.68,3.6,3.8,Sheltered
2009_PALM_OS5_4,4/12/2009,2009,2009,OS5,4,7,6,22.08,4.8,4.6,Sheltered
2009_PALM_OS5_5,4/12/2009,2009,2009,OS5,5,7,6,23,5,4.6,Sheltered
2009_PALM_OS6_1,1/12/2009,2009,2009,OS6,1,7,6,9.52,3.4,2.8,Semi-exposed
2009_PALM_OS6_2,1/12/2009,2009,2009,OS6,2,7,6,14.28,3.4,4.2,Semi-exposed
2009_PALM_OS6_3,1/12/2009,2009,2009,OS6,3,8,5,16.8,4,4.2,Semi-exposed
2009_PALM_OS6_4,1/12/2009,2009,2009,OS6,4,7,5,15.2,3.8,4,Semi-exposed
2009_PALM_OS6_5,1/12/2009,2009,2009,OS6,5,7,5,11.52,3.2,3.6,Semi-exposed
2009_WHITSUNDAY_HB1_1,5/11/2009,2009,2009,HB1,1,6,6,9.88,3.8,2.6,Exposed
2009_WHITSUNDAY_HB1_2,5/11/2009,2009,2009,HB1,2,6,7,9.36,3.6,2.6,Exposed
2009_WHITSUNDAY_HB1_3,5/11/2009,2009,2009,HB1,3,5,6,10.4,4,2.6,Exposed
2009_WHITSUNDAY_HB1_4,5/11/2009,2009,2009,HB1,4,6,6,8.64,3.6,2.4,Exposed
2009_WHITSUNDAY_HB1_5,5/11/2009,2009,2009,HB1,5,6,7,8,4,2,Exposed
2009_WHITSUNDAY_HB2_1,5/11/2009,2009,2009,HB2,1,6,9,7.8,2.6,3,Exposed
2009_WHITSUNDAY_HB2_2,5/11/2009,2009,2009,HB2,2,5,8,5.6,2,2.8,Exposed
2009_WHITSUNDAY_HB2_3,5/11/2009,2009,2009,HB2,3,6,8,5.72,2.2,2.6,Exposed
2009_WHITSUNDAY_HB2_4,5/11/2009,2009,2009,HB2,4,6,9,6.76,2.6,2.6,Exposed
2009_WHITSUNDAY_HB2_5,5/11/2009,2009,2009,HB2,5,5,9,7.04,2.2,3.2,Exposed
2009_WHITSUNDAY_HB3_1,3/11/2009,2009,2009,HB3,1,8,7,12.16,3.2,3.8,Sheltered
2009_WHITSUNDAY_HB3_2,3/11/2009,2009,2009,HB3,2,8,8,10.2,3,3.4,Sheltered
2009_WHITSUNDAY_HB3_3,3/11/2009,2009,2009,HB3,3,8,7,10.4,2.6,4,Sheltered
2009_WHITSUNDAY_HB3_4,3/11/2009,2009,2009,HB3,4,8,6,9.52,2.8,3.4,Sheltered
2009_WHITSUNDAY_HB3_5,3/11/2009,2009,2009,HB3,5,6,5,9.52,2.8,3.4,Sheltered
2009_WHITSUNDAY_HB4_1,3/11/2009,2009,2009,HB4,1,5,8,8.84,3.4,2.6,Exposed
2009_WHITSUNDAY_HB4_2,3/11/2009,2009,2009,HB4,2,5,9,8.4,3,2.8,Exposed
2009_WHITSUNDAY_HB4_3,3/11/2009,2009,2009,HB4,3,5,8,8.32,3.2,2.6,Exposed
2009_WHITSUNDAY_HB4_4,3/11/2009,2009,2009,HB4,4,5,8,9.36,3.6,2.6,Exposed
2009_WHITSUNDAY_HB4_5,3/11/2009,2009,2009,HB4,5,5,8,9.52,3.4,2.8,Exposed
2009_WHITSUNDAY_HB5_1,5/11/2009,2009,2009,HB5,1,6,7,9.6,3,3.2,Exposed
2009_WHITSUNDAY_HB5_2,5/11/2009,2009,2009,HB5,2,6,9,3.52,1.6,2.2,Exposed
2009_WHITSUNDAY_HB5_3,5/11/2009,2009,2009,HB5,3,6,8,10.2,3,3.4,Exposed
2009_WHITSUNDAY_HB5_4,5/11/2009,2009,2009,HB5,4,6,8,20.24,4.6,4.4,Exposed
2009_WHITSUNDAY_HB5_5,5/11/2009,2009,2009,HB5,5,6,9,17.48,4.6,3.8,Exposed
2009_WHITSUNDAY_HB7_1,3/11/2009,2009,2009,HB7,1,5,7,16.8,4,4.2,Exposed
2009_WHITSUNDAY_HB7_2,3/11/2009,2009,2009,HB7,2,5,7,18.48,4.2,4.4,Exposed
2009_WHITSUNDAY_HB7_3,3/11/2009,2009,2009,HB7,3,5,6,17.6,4,4.4,Exposed
2009_WHITSUNDAY_HB7_4,3/11/2009,2009,2009,HB7,4,5,6,16.72,3.8,4.4,Exposed
2009_WHITSUNDAY_HB7_5,3/11/2009,2009,2009,HB7,5,5,6,21.16,4.6,4.6,Exposed
2009_WHITSUNDAY_W1_1,6/11/2009,2009,2009,W1,1,5,7,5.2,2,2.6,Semi-exposed
2009_WHITSUNDAY_W1_2,6/11/2009,2009,2009,W1,2,5,7,9.6,3,3.2,Semi-exposed
2009_WHITSUNDAY_W1_3,6/11/2009,2009,2009,W1,3,5,6,7.2,2.4,3,Semi-exposed
2009_WHITSUNDAY_W1_4,6/11/2009,2009,2009,W1,4,5,6,4.4,2,2.2,Semi-exposed
2009_WHITSUNDAY_W1_5,6/11/2009,2009,2009,W1,5,5,6,4,2,2,Semi-exposed
2009_WHITSUNDAY_W2_1,6/11/2009,2009,2009,W2,1,5,7,8.32,2.6,3.2,Semi-exposed
2009_WHITSUNDAY_W2_2,6/11/2009,2009,2009,W2,2,5,7,7.68,2.4,3.2,Semi-exposed
2009_WHITSUNDAY_W2_3,6/11/2009,2009,2009,W2,3,5,7,5.76,2.4,2.4,Semi-exposed
2009_WHITSUNDAY_W2_4,6/11/2009,2009,2009,W2,4,5,6,5.2,2,2.6,Semi-exposed
2009_WHITSUNDAY_W2_5,6/11/2009,2009,2009,W2,5,5,7,4.8,2,2.4,Semi-exposed
2009_WHITSUNDAY_W3_1,27/10/2009,2009,2009,W3,1,6,7,3.52,1.6,2.2,Semi-exposed
2009_WHITSUNDAY_W3_2,27/10/2009,2009,2009,W3,2,6,8,4.32,1.8,2.4,Semi-exposed
2009_WHITSUNDAY_W3_3,27/10/2009,2009,2009,W3,3,6,7,3.2,1.6,2,Semi-exposed
2009_WHITSUNDAY_W3_4,27/10/2009,2009,2009,W3,4,4,7,4.4,2.2,2,Semi-exposed
2009_WHITSUNDAY_W3_5,27/10/2009,2009,2009,W3,5,4,7,3.52,1.6,2.2,Semi-exposed
2009_WHITSUNDAY_W4_1,6/11/2009,2009,2009,W4,1,4,5,10.88,3.2,3.4,Semi-exposed
2009_WHITSUNDAY_W4_2,6/11/2009,2009,2009,W4,2,4,6,7.2,3,2.4,Semi-exposed
2009_WHITSUNDAY_W4_3,6/11/2009,2009,2009,W4,3,4,6,6.6,3,2.2,Semi-exposed
2009_WHITSUNDAY_W4_4,6/11/2009,2009,2009,W4,4,4,5,10.88,3.2,3.4,Semi-exposed
2009_WHITSUNDAY_W4_5,6/11/2009,2009,2009,W4,5,4,5,5.28,2.4,2.2,Semi-exposed
2009_WHITSUNDAY_W5_1,27/10/2009,2009,2009,W5,1,4,6,3.96,1.8,2.2,Semi-exposed
2009_WHITSUNDAY_W5_2,27/10/2009,2009,2009,W5,2,5,8,4.68,1.8,2.6,Semi-exposed
2009_WHITSUNDAY_W5_3,27/10/2009,2009,2009,W5,3,5,7,3.24,1.8,1.8,Semi-exposed
2009_WHITSUNDAY_W5_4,27/10/2009,2009,2009,W5,4,4,6,4.8,2,2.4,Semi-exposed
2009_WHITSUNDAY_W5_5,27/10/2009,2009,2009,W5,5,4,7,3.6,2,1.8,Semi-exposed
2009_WHITSUNDAY_W6_1,27/10/2009,2009,2009,W6,1,4,5,6.4,2,3.2,Semi-exposed
2009_WHITSUNDAY_W6_2,27/10/2009,2009,2009,W6,2,4,6,5.72,2.2,2.6,Semi-exposed
2009_WHITSUNDAY_W6_3,27/10/2009,2009,2009,W6,3,4,6,5.76,1.8,3.2,Semi-exposed
2009_WHITSUNDAY_W6_4,27/10/2009,2009,2009,W6,4,3,5,4.8,2,2.4,Semi-exposed
2009_WHITSUNDAY_W6_5,27/10/2009,2009,2009,W6,5,3,5,7.68,3.2,2.4,Semi-exposed
2009_WHITSUNDAY_W8_1,4/11/2009,2009,2009,W8,1,4,5,6.72,2.4,2.8,Semi-exposed
2009_WHITSUNDAY_W8_2,4/11/2009,2009,2009,W8,2,3,5,5.28,2.2,2.4,Semi-exposed
2009_WHITSUNDAY_W8_3,4/11/2009,2009,2009,W8,3,5,5,7.04,2.2,3.2,Semi-exposed
2009_WHITSUNDAY_W8_4,4/11/2009,2009,2009,W8,4,5,5,6.24,2.4,2.6,Semi-exposed
2009_WHITSUNDAY_W8_5,4/11/2009,2009,2009,W8,5,5,5,4.8,2,2.4,Semi-exposed
2009_WHITSUNDAY_W9_1,4/11/2009,2009,2009,W9,1,5,5,4.4,2,2.2,Semi-exposed
2009_WHITSUNDAY_W9_2,4/11/2009,2009,2009,W9,2,4,4,4.4,2.2,2,Semi-exposed
2009_WHITSUNDAY_W9_3,4/11/2009,2009,2009,W9,3,4,6,4.8,2.4,2,Semi-exposed
2009_WHITSUNDAY_W9_4,4/11/2009,2009,2009,W9,4,4,8,5.72,2.2,2.6,Semi-exposed
2009_WHITSUNDAY_W9_5,4/11/2009,2009,2009,W9,5,5,7,3.84,1.6,2.4,Semi-exposed
2009_WHITSUNDAY_B1_1,28/10/2009,2009,2009,B1,1,6,5,6.24,2.4,2.6,Sheltered
2009_WHITSUNDAY_B1_2,28/10/2009,2009,2009,B1,2,5,4,7.2,2.4,3,Sheltered
2009_WHITSUNDAY_B1_3,28/10/2009,2009,2009,B1,3,6,8,4.4,2,2.2,Sheltered
2009_WHITSUNDAY_B1_4,28/10/2009,2009,2009,B1,4,6,7,5.28,2.2,2.4,Sheltered
2009_WHITSUNDAY_B1_5,28/10/2009,2009,2009,B1,5,6,8,6.6,2.2,3,Sheltered
2009_WHITSUNDAY_B2_1,29/10/2009,2009,2009,B2,1,6,6,4.8,2.4,2,Sheltered
2009_WHITSUNDAY_B2_2,29/10/2009,2009,2009,B2,2,6,8,5.2,2.6,2,Sheltered
2009_WHITSUNDAY_B2_3,29/10/2009,2009,2009,B2,3,6,8,4.4,2,2.2,Sheltered
2009_WHITSUNDAY_B2_4,29/10/2009,2009,2009,B2,4,6,8,4.84,2.2,2.2,Sheltered
2009_WHITSUNDAY_B2_5,29/10/2009,2009,2009,B2,5,6,8,6.72,2.8,2.4,Sheltered
2009_WHITSUNDAY_B3_1,4/11/2009,2009,2009,B3,1,5,9,11.2,2.8,4,Exposed
2009_WHITSUNDAY_B3_2,4/11/2009,2009,2009,B3,2,5,9,12.24,3.4,3.6,Exposed
2009_WHITSUNDAY_B3_3,4/11/2009,2009,2009,B3,3,6,9,10.8,3,3.6,Exposed
2009_WHITSUNDAY_B3_4,4/11/2009,2009,2009,B3,4,4,8,15.96,3.8,4.2,Exposed
2009_WHITSUNDAY_B3_5,4/11/2009,2009,2009,B3,5,4,9,15.12,3.6,4.2,Exposed
2009_WHITSUNDAY_B4_1,4/11/2009,2009,2009,B4,1,6,7,24,4.8,5,Exposed
2009_WHITSUNDAY_B4_2,4/11/2009,2009,2009,B4,2,6,8,23,4.6,5,Exposed
2009_WHITSUNDAY_B4_3,4/11/2009,2009,2009,B4,3,6,8,25,5,5,Exposed
2009_WHITSUNDAY_B4_4,4/11/2009,2009,2009,B4,4,6,8,23,5,4.6,Exposed
2009_WHITSUNDAY_B4_5,4/11/2009,2009,2009,B4,5,6,8,24,5,4.8,Exposed
2009_WHITSUNDAY_B5_1,28/10/2009,2009,2009,B5,1,5,8,5.4,1.8,3,Semi-exposed
2009_WHITSUNDAY_B5_2,28/10/2009,2009,2009,B5,2,6,8,5.44,1.6,3.4,Semi-exposed
2009_WHITSUNDAY_B5_3,28/10/2009,2009,2009,B5,3,5,8,7.92,2.2,3.6,Semi-exposed
2009_WHITSUNDAY_B5_4,28/10/2009,2009,2009,B5,4,5,9,8.36,2.2,3.8,Semi-exposed
2009_WHITSUNDAY_B5_5,28/10/2009,2009,2009,B5,5,5,8,4.8,1.2,4,Semi-exposed
2009_WHITSUNDAY_B6_1,29/10/2009,2009,2009,B6,1,5,7,16.32,4.8,3.4,Semi-exposed
2009_WHITSUNDAY_B6_2,29/10/2009,2009,2009,B6,2,5,8,17.28,4.8,3.6,Semi-exposed
2009_WHITSUNDAY_B6_3,29/10/2009,2009,2009,B6,3,5,9,14.72,4.6,3.2,Semi-exposed
2009_WHITSUNDAY_B6_4,29/10/2009,2009,2009,B6,4,6,7,14.72,4.6,3.2,Semi-exposed
2009_WHITSUNDAY_B6_5,29/10/2009,2009,2009,B6,5,5,6,15.64,4.6,3.4,Semi-exposed
2009_WHITSUNDAY_BL1_1,1/11/2009,2009,2009,BL1,1,6,6,4.14,1.8,2.3,Semi-exposed
2009_WHITSUNDAY_BL1_2,1/11/2009,2009,2009,BL1,2,6,7,8,2,4,Semi-exposed
2009_WHITSUNDAY_BL1_3,1/11/2009,2009,2009,BL1,3,6,7,10.64,2.8,3.8,Semi-exposed
2009_WHITSUNDAY_BL1_4,1/11/2009,2009,2009,BL1,4,6,7,6,2,3,Semi-exposed
2009_WHITSUNDAY_BL1_5,1/11/2009,2009,2009,BL1,5,6,7,6,2,3,Semi-exposed
2009_WHITSUNDAY_BL2_1,31/10/2009,2009,2009,BL2,1,5,8,5.2,2,2.6,Sheltered
2009_WHITSUNDAY_BL2_2,31/10/2009,2009,2009,BL2,2,5,9,11.52,3.6,3.2,Sheltered
2009_WHITSUNDAY_BL2_3,31/10/2009,2009,2009,BL2,3,5,9,7.2,2.4,3,Sheltered
2009_WHITSUNDAY_BL2_4,31/10/2009,2009,2009,BL2,4,5,8,11.56,3.4,3.4,Sheltered
2009_WHITSUNDAY_BL2_5,31/10/2009,2009,2009,BL2,5,5,7,16.8,4.2,4,Sheltered
2009_WHITSUNDAY_DB1_1,29/10/2009,2009,2009,DB1,1,6,7,11.52,3.2,3.6,Semi-exposed
2009_WHITSUNDAY_DB1_2,29/10/2009,2009,2009,DB1,2,6,8,12.92,3.4,3.8,Semi-exposed
2009_WHITSUNDAY_DB1_3,29/10/2009,2009,2009,DB1,3,7,7,10.8,3,3.6,Semi-exposed
2009_WHITSUNDAY_DB1_4,29/10/2009,2009,2009,DB1,4,6,7,10.24,3.2,3.2,Semi-exposed
2009_WHITSUNDAY_DB1_5,29/10/2009,2009,2009,DB1,5,6,7,10.2,3,3.4,Semi-exposed
2009_WHITSUNDAY_DB2_1,28/10/2009,2009,2009,DB2,1,7,8,7.68,3.2,2.4,Semi-exposed
2009_WHITSUNDAY_DB2_2,28/10/2009,2009,2009,DB2,2,6,8,5.2,2.6,2,Semi-exposed
2009_WHITSUNDAY_DB2_3,28/10/2009,2009,2009,DB2,3,7,8,5.72,2.2,2.6,Semi-exposed
2009_WHITSUNDAY_DB2_4,28/10/2009,2009,2009,DB2,4,6,8,12.96,3.6,3.6,Semi-exposed
2009_WHITSUNDAY_DB2_5,28/10/2009,2009,2009,DB2,5,6,7,18.48,4.2,4.4,Semi-exposed
2009_WHITSUNDAY_HG1_1,10/11/2009,2009,2009,HG1,1,6,8,8.4,3,2.8,Semi-exposed
2009_WHITSUNDAY_HG1_2,10/11/2009,2009,2009,HG1,2,6,7,9.52,3.4,2.8,Semi-exposed
2009_WHITSUNDAY_HG1_3,10/11/2009,2009,2009,HG1,3,6,8,15.12,4.2,3.6,Semi-exposed
2009_WHITSUNDAY_HG1_4,10/11/2009,2009,2009,HG1,4,7,8,8.4,3,2.8,Semi-exposed
2009_WHITSUNDAY_HG1_5,10/11/2009,2009,2009,HG1,5,7,8,7.28,2.8,2.6,Semi-exposed
2009_WHITSUNDAY_HG2_1,11/11/2009,2009,2009,HG2,1,6,8,6.72,2.4,2.8,Semi-exposed
2009_WHITSUNDAY_HG2_2,11/11/2009,2009,2009,HG2,2,6,8,8.32,3.2,2.6,Semi-exposed
2009_WHITSUNDAY_HG2_3,11/11/2009,2009,2009,HG2,3,5,7,12.16,3.8,3.2,Semi-exposed
2009_WHITSUNDAY_HG2_4,11/11/2009,2009,2009,HG2,4,6,9,10.88,3.2,3.4,Semi-exposed
2009_WHITSUNDAY_HG2_5,11/11/2009,2009,2009,HG2,5,6,8,14.44,3.8,3.8,Semi-exposed
2009_WHITSUNDAY_HG3_1,10/11/2009,2009,2009,HG3,1,7,6,12.92,3.4,3.8,Semi-exposed
2009_WHITSUNDAY_HG3_2,10/11/2009,2009,2009,HG3,2,6,8,12.96,3.6,3.6,Semi-exposed
2009_WHITSUNDAY_HG3_3,10/11/2009,2009,2009,HG3,3,6,8,19.32,4.6,4.2,Semi-exposed
2009_WHITSUNDAY_HG3_4,10/11/2009,2009,2009,HG3,4,6,7,12.92,3.4,3.8,Semi-exposed
2009_WHITSUNDAY_HG3_5,10/11/2009,2009,2009,HG3,5,6,7,11.56,3.4,3.4,Semi-exposed
2009_WHITSUNDAY_HG4_1,11/11/2009,2009,2009,HG4,1,6,8,12.24,3.6,3.4,Semi-exposed
2009_WHITSUNDAY_HG4_2,11/11/2009,2009,2009,HG4,2,7,7,15.2,4,3.8,Semi-exposed
2009_WHITSUNDAY_HG4_3,11/11/2009,2009,2009,HG4,3,8,8,20.24,4.6,4.4,Semi-exposed
2009_WHITSUNDAY_HG4_4,11/11/2009,2009,2009,HG4,4,6,7,11.56,3.4,3.4,Semi-exposed
2009_WHITSUNDAY_HG4_5,11/11/2009,2009,2009,HG4,5,6,7,12.24,3.6,3.4,Semi-exposed
2009_WHITSUNDAY_HG5_1,30/10/2009,2009,2009,HG5,1,7,8,5.2,2,2.6,Semi-exposed
2009_WHITSUNDAY_HG5_2,30/10/2009,2009,2009,HG5,2,7,7,6.16,2.2,2.8,Semi-exposed
2009_WHITSUNDAY_HG5_3,30/10/2009,2009,2009,HG5,3,7,8,6.48,1.8,3.6,Semi-exposed
2009_WHITSUNDAY_HG5_4,30/10/2009,2009,2009,HG5,4,6,7,7.48,2.2,3.4,Semi-exposed
2009_WHITSUNDAY_HG5_5,30/10/2009,2009,2009,HG5,5,6,7,6.76,2.6,2.6,Semi-exposed
2009_WHITSUNDAY_HG6_1,30/10/2009,2009,2009,HG6,1,7,7,9.6,3.2,3,Semi-exposed
2009_WHITSUNDAY_HG6_2,30/10/2009,2009,2009,HG6,2,7,7,12.96,3.6,3.6,Semi-exposed
2009_WHITSUNDAY_HG6_3,30/10/2009,2009,2009,HG6,3,7,6,12.92,3.4,3.8,Semi-exposed
2009_WHITSUNDAY_HG6_4,30/10/2009,2009,2009,HG6,4,8,6,9.6,3.2,3,Semi-exposed
2009_WHITSUNDAY_HG6_5,30/10/2009,2009,2009,HG6,5,7,6,13.76,4.3,3.2,Semi-exposed
2009_WHITSUNDAY_HG7_1,10/11/2009,2009,2009,HG7,1,6,7,11.52,3.2,3.6,Exposed
2009_WHITSUNDAY_HG7_2,10/11/2009,2009,2009,HG7,2,6,8,14.44,3.8,3.8,Exposed
2009_WHITSUNDAY_HG7_3,10/11/2009,2009,2009,HG7,3,7,8,12.92,3.4,3.8,Exposed
2009_WHITSUNDAY_HG7_4,10/11/2009,2009,2009,HG7,4,7,8,9.52,2.8,3.4,Exposed
2009_WHITSUNDAY_HG7_5,10/11/2009,2009,2009,HG7,5,6,8,6.16,2.2,2.8,Exposed
2009_WHITSUNDAY_HW1_1,1/11/2009,2009,2009,HW1,1,6,8,9,3,3,Sheltered
2009_WHITSUNDAY_HW1_2,1/11/2009,2009,2009,HW1,2,6,7,7.2,3,2.4,Sheltered
2009_WHITSUNDAY_HW1_3,1/11/2009,2009,2009,HW1,3,5,7,10.88,3.4,3.2,Sheltered
2009_WHITSUNDAY_HW1_4,1/11/2009,2009,2009,HW1,4,7,8,8.4,3,2.8,Sheltered
2009_WHITSUNDAY_HW1_5,1/11/2009,2009,2009,HW1,5,6,8,7.8,3,2.6,Sheltered
2009_WHITSUNDAY_HW2_1,7/11/2009,2009,2009,HW2,1,5,7,8.84,2.6,3.4,Sheltered
2009_WHITSUNDAY_HW2_2,7/11/2009,2009,2009,HW2,2,5,8,8.84,2.6,3.4,Sheltered
2009_WHITSUNDAY_HW2_3,7/11/2009,2009,2009,HW2,3,5,7,8.84,2.6,3.4,Sheltered
2009_WHITSUNDAY_HW2_4,7/11/2009,2009,2009,HW2,4,5,7,8.8,2.2,4,Sheltered
2009_WHITSUNDAY_HW2_5,7/11/2009,2009,2009,HW2,5,6,6,7.6,2,3.8,Sheltered
2009_WHITSUNDAY_HW3_1,11/11/2009,2009,2009,HW3,1,5,8,7.92,3.6,2.2,Sheltered
2009_WHITSUNDAY_HW3_2,11/11/2009,2009,2009,HW3,2,5,8,10.08,3.6,2.8,Sheltered
2009_WHITSUNDAY_HW3_3,11/11/2009,2009,2009,HW3,3,5,7,9.36,3.6,2.6,Sheltered
2009_WHITSUNDAY_HW3_4,11/11/2009,2009,2009,HW3,4,5,8,9.88,3.8,2.6,Sheltered
2009_WHITSUNDAY_HW3_5,11/11/2009,2009,2009,HW3,5,5,6,8.36,3.8,2.2,Sheltered
2009_WHITSUNDAY_L1_1,31/10/2009,2009,2009,L1,1,7,7,12,3,4,Sheltered
2009_WHITSUNDAY_L1_2,31/10/2009,2009,2009,L1,2,6,8,12.8,3.2,4,Sheltered
2009_WHITSUNDAY_L1_3,31/10/2009,2009,2009,L1,3,6,9,12,3,4,Sheltered
2009_WHITSUNDAY_L1_4,31/10/2009,2009,2009,L1,4,5,6,18.4,4,4.6,Sheltered
2009_WHITSUNDAY_L1_5,31/10/2009,2009,2009,L1,5,6,6,17.6,4.4,4,Sheltered
2009_WHITSUNDAY_HE1_1,8/11/2009,2009,2009,HE1,1,6,6,14.4,3.6,4,Exposed
2009_WHITSUNDAY_HE1_2,8/11/2009,2009,2009,HE1,2,6,6,19.2,4,4.8,Exposed
2009_WHITSUNDAY_HE1_3,8/11/2009,2009,2009,HE1,3,6,6,16,4,4,Exposed
2009_WHITSUNDAY_HE1_4,8/11/2009,2009,2009,HE1,4,6,6,18.48,4.2,4.4,Exposed
2009_WHITSUNDAY_HE1_5,8/11/2009,2009,2009,HE1,5,7,6,20.24,4.4,4.6,Exposed
2009_WHITSUNDAY_HE2_1,8/11/2009,2009,2009,HE2,1,6,7,16.72,4.4,3.8,Exposed
2009_WHITSUNDAY_HE2_2,8/11/2009,2009,2009,HE2,2,7,6,19.36,4.4,4.4,Exposed
2009_WHITSUNDAY_HE2_3,8/11/2009,2009,2009,HE2,3,6,6,15.64,4.6,3.4,Exposed
2009_WHITSUNDAY_HE2_4,8/11/2009,2009,2009,HE2,4,7,6,16.8,4.2,4,Exposed
2009_WHITSUNDAY_HE2_5,8/11/2009,2009,2009,HE2,5,6,6,12.24,3.4,3.6,Exposed
2009_WHITSUNDAY_HE3_1,7/11/2009,2009,2009,HE3,1,5,8,17.64,4.2,4.2,Exposed
2009_WHITSUNDAY_HE3_2,7/11/2009,2009,2009,HE3,2,5,9,13.6,3.4,4,Exposed
2009_WHITSUNDAY_HE3_3,7/11/2009,2009,2009,HE3,3,5,8,17.48,3.8,4.6,Exposed
2009_WHITSUNDAY_HE3_4,7/11/2009,2009,2009,HE3,4,5,8,16.72,4.4,3.8,Exposed
2009_WHITSUNDAY_HE3_5,7/11/2009,2009,2009,HE3,5,5,8,6.24,2.6,2.4,Exposed
2009_WHITSUNDAY_HY1_1,1/11/2009,2009,2009,HY1,1,7,7,4.32,2.4,1.8,Semi-exposed
2009_WHITSUNDAY_HY1_2,1/11/2009,2009,2009,HY1,2,7,8,5.72,2.6,2.2,Semi-exposed
2009_WHITSUNDAY_HY1_3,1/11/2009,2009,2009,HY1,3,8,7,6.6,3,2.2,Semi-exposed
2009_WHITSUNDAY_HY1_4,1/11/2009,2009,2009,HY1,4,8,7,4.32,2.4,1.8,Semi-exposed
2009_WHITSUNDAY_HY1_5,1/11/2009,2009,2009,HY1,5,8,7,4.4,2,2.2,Semi-exposed
2009_WHITSUNDAY_HY2_1,31/10/2009,2009,2009,HY2,1,7,7,9.88,3.8,2.6,Semi-exposed
2009_WHITSUNDAY_HY2_2,31/10/2009,2009,2009,HY2,2,6,8,10.88,3.4,3.2,Semi-exposed
2009_WHITSUNDAY_HY2_3,31/10/2009,2009,2009,HY2,3,7,9,12.16,3.8,3.2,Semi-exposed
2009_WHITSUNDAY_HY2_4,31/10/2009,2009,2009,HY2,4,7,9,9.88,3.8,2.6,Semi-exposed
2009_WHITSUNDAY_HY2_5,31/10/2009,2009,2009,HY2,5,7,9,11.4,3.8,3,Semi-exposed
2009_WHITSUNDAY_HY3_1,30/10/2009,2009,2009,HY3,1,5,8,9.36,2.6,3.6,Sheltered
2009_WHITSUNDAY_HY3_2,30/10/2009,2009,2009,HY3,2,6,7,8.64,2.4,3.6,Sheltered
2009_WHITSUNDAY_HY3_3,30/10/2009,2009,2009,HY3,3,6,6,7.8,2.6,3,Sheltered
2009_WHITSUNDAY_HY3_4,30/10/2009,2009,2009,HY3,4,5,7,8.96,2.8,3.2,Sheltered
2009_WHITSUNDAY_HY3_5,30/10/2009,2009,2009,HY3,5,5,6,6,2,3,Sheltered
2011_KEPPEL_GK1_1,1/08/2011,2011,2011,GK1,1,7,8,8.4,2.8,3,Semi-exposed
2011_KEPPEL_GK1_2,1/08/2011,2011,2011,GK1,2,6,8,4.8,2,2.4,Semi-exposed
2011_KEPPEL_GK1_3,1/08/2011,2011,2011,GK1,3,5,9,2.64,1.2,2.2,Semi-exposed
2011_KEPPEL_GK1_4,1/08/2011,2011,2011,GK1,4,8,8,8.4,2.8,3,Semi-exposed
2011_KEPPEL_GK1_5,1/08/2011,2011,2011,GK1,5,9,9,7.84,2.8,2.8,Semi-exposed
2011_KEPPEL_GK2_1,1/08/2011,2011,2011,GK2,1,10,8,8.32,2.6,3.2,Exposed
2011_KEPPEL_GK2_2,1/08/2011,2011,2011,GK2,2,8,8,9.6,3.2,3,Exposed
2011_KEPPEL_GK2_3,1/08/2011,2011,2011,GK2,3,10,7,8.32,2.6,3.2,Exposed
2011_KEPPEL_GK2_4,1/08/2011,2011,2011,GK2,4,9,8,7.48,2.2,3.4,Exposed
2011_KEPPEL_GK2_5,1/08/2011,2011,2011,GK2,5,9,7,7.84,2.8,2.8,Exposed
2011_KEPPEL_GK3_1,8/08/2011,2011,2011,GK3,1,8,8,4.4,2.2,2,Semi-exposed
2011_KEPPEL_GK3_2,8/08/2011,2011,2011,GK3,2,8,7,4,2,2,Semi-exposed
2011_KEPPEL_GK3_3,8/08/2011,2011,2011,GK3,3,8,7,4.84,2.2,2.2,Semi-exposed
2011_KEPPEL_GK3_4,8/08/2011,2011,2011,GK3,4,7,7,3.96,1.8,2.2,Semi-exposed
2011_KEPPEL_GK3_5,8/08/2011,2011,2011,GK3,5,7,6,4.8,2.4,2,Semi-exposed
2011_KEPPEL_GK4_1,8/08/2011,2011,2011,GK4,1,8,8,4.4,2,2.2,Exposed
2011_KEPPEL_GK4_2,8/08/2011,2011,2011,GK4,2,8,8,5.72,2.6,2.2,Exposed
2011_KEPPEL_GK4_3,8/08/2011,2011,2011,GK4,3,8,10,5.72,2.6,2.2,Exposed
2011_KEPPEL_GK4_4,8/08/2011,2011,2011,GK4,4,6,7,4.8,2,2.4,Exposed
2011_KEPPEL_GK4_5,8/08/2011,2011,2011,GK4,5,6,6,3.96,1.8,2.2,Exposed
2011_KEPPEL_GK7_1,6/08/2011,2011,2011,GK7,1,7,6,4.4,2,2.2,Exposed
2011_KEPPEL_GK7_2,6/08/2011,2011,2011,GK7,2,6,5,3.2,1.6,2,Exposed
2011_KEPPEL_GK7_3,6/08/2011,2011,2011,GK7,3,6,4,2.8,1.4,2,Exposed
2011_KEPPEL_GK7_4,6/08/2011,2011,2011,GK7,4,6,5,3.6,1.8,2,Exposed
2011_KEPPEL_GK7_5,6/08/2011,2011,2011,GK7,5,6,6,4,2,2,Exposed
2011_KEPPEL_GK8_1,8/08/2011,2011,2011,GK8,1,8,4,4.4,2.2,2,Semi-exposed
2011_KEPPEL_GK8_2,8/08/2011,2011,2011,GK8,2,8,4,2.8,1.4,2,Semi-exposed
2011_KEPPEL_GK8_3,8/08/2011,2011,2011,GK8,3,7,5,2.8,1.4,2,Semi-exposed
2011_KEPPEL_GK8_4,8/08/2011,2011,2011,GK8,4,8,4,3.6,1.8,2,Semi-exposed
2011_KEPPEL_GK8_5,8/08/2011,2011,2011,GK8,5,6,4,4.8,2.4,2,Semi-exposed
2011_KEPPEL_H3_1,2/08/2011,2011,2011,H3,1,7,6,4.8,2,2.4,Sheltered
2011_KEPPEL_H3_2,2/08/2011,2011,2011,H3,2,7,7,7.8,3,2.6,Sheltered
2011_KEPPEL_H3_3,2/08/2011,2011,2011,H3,3,6,7,7.2,3,2.4,Sheltered
2011_KEPPEL_H3_4,2/08/2011,2011,2011,H3,4,7,6,6,2,3,Sheltered
2011_KEPPEL_H3_5,2/08/2011,2011,2011,H3,5,7,6,5.6,2,2.8,Sheltered
2011_KEPPEL_MI1_1,31/07/2011,2011,2011,MI1,1,7,8,6.76,2.6,2.6,Semi-exposed
2011_KEPPEL_MI1_2,31/07/2011,2011,2011,MI1,2,7,9,10.24,3.2,3.2,Semi-exposed
2011_KEPPEL_MI1_3,31/07/2011,2011,2011,MI1,3,7,7,9.6,3,3.2,Semi-exposed
2011_KEPPEL_MI1_4,31/07/2011,2011,2011,MI1,4,8,8,4.4,2,2.2,Semi-exposed
2011_KEPPEL_MI1_5,31/07/2011,2011,2011,MI1,5,7,7,7.28,2.6,2.8,Semi-exposed
2011_KEPPEL_MI2_1,31/07/2011,2011,2011,MI2,1,8,7,9,3,3,Exposed
2011_KEPPEL_MI2_2,31/07/2011,2011,2011,MI2,2,8,7,9,3,3,Exposed
2011_KEPPEL_MI2_3,31/07/2011,2011,2011,MI2,3,7,7,7.28,2.6,2.8,Exposed
2011_KEPPEL_MI2_4,31/07/2011,2011,2011,MI2,4,8,7,9,3,3,Exposed
2011_KEPPEL_MI2_5,31/07/2011,2011,2011,MI2,5,8,6,9,3,3,Exposed
2011_KEPPEL_NK3_1,7/08/2011,2011,2011,NK3,1,5,7,5.2,2,2.6,Semi-exposed
2011_KEPPEL_NK3_2,7/08/2011,2011,2011,NK3,2,4,7,4.8,2,2.4,Semi-exposed
2011_KEPPEL_NK3_3,7/08/2011,2011,2011,NK3,3,4,7,5.2,2,2.6,Semi-exposed
2011_KEPPEL_NK3_4,7/08/2011,2011,2011,NK3,4,4,8,4,2,2,Semi-exposed
2011_KEPPEL_NK3_5,7/08/2011,2011,2011,NK3,5,4,8,4.4,2,2.2,Semi-exposed
2011_KEPPEL_NK8_1,7/08/2011,2011,2011,NK8,1,7,7,7.2,2.4,3,Exposed
2011_KEPPEL_NK8_2,7/08/2011,2011,2011,NK8,2,7,7,7.2,2.4,3,Exposed
2011_KEPPEL_NK8_3,7/08/2011,2011,2011,NK8,3,7,8,8.4,2.8,3,Exposed
2011_KEPPEL_NK8_4,7/08/2011,2011,2011,NK8,4,6,7,10.2,3,3.4,Exposed
2011_KEPPEL_NK8_5,7/08/2011,2011,2011,NK8,5,6,8,10.2,3,3.4,Exposed
2011_KEPPEL_GK5_1,3/08/2011,2011,2011,GK5,1,7,9,6,3,2,Semi-exposed
2011_KEPPEL_GK5_2,3/08/2011,2011,2011,GK5,2,7,8,6,3,2,Semi-exposed
2011_KEPPEL_GK5_3,3/08/2011,2011,2011,GK5,3,7,8,6,3,2,Semi-exposed
2011_KEPPEL_GK5_4,3/08/2011,2011,2011,GK5,4,9,7,5.6,2.8,2,Semi-exposed
2011_KEPPEL_GK5_5,3/08/2011,2011,2011,GK5,5,9,7,6,3,2,Semi-exposed
2011_KEPPEL_GK6_1,6/08/2011,2011,2011,GK6,1,8,9,4,2,2,Semi-exposed
2011_KEPPEL_GK6_2,6/08/2011,2011,2011,GK6,2,7,8,4,2,2,Semi-exposed
2011_KEPPEL_GK6_3,6/08/2011,2011,2011,GK6,3,8,8,3.24,1.8,1.8,Semi-exposed
2011_KEPPEL_GK6_4,6/08/2011,2011,2011,GK6,4,8,8,3.6,1.8,2,Semi-exposed
2011_KEPPEL_GK6_5,6/08/2011,2011,2011,GK6,5,8,9,5.6,2.8,2,Semi-exposed
2011_KEPPEL_GK9_1,3/08/2011,2011,2011,GK9,1,5,9,4,2,2,Sheltered
2011_KEPPEL_GK9_2,3/08/2011,2011,2011,GK9,2,4,10,3.96,1.8,2.2,Sheltered
2011_KEPPEL_GK9_3,3/08/2011,2011,2011,GK9,3,4,8,3.84,1.6,2.4,Sheltered
2011_KEPPEL_GK9_4,3/08/2011,2011,2011,GK9,4,5,10,4,2,2,Sheltered
2011_KEPPEL_GK9_5,3/08/2011,2011,2011,GK9,5,5,10,3.2,1.6,2,Sheltered
2011_KEPPEL_H1_1,2/08/2011,2011,2011,H1,1,8,8,9,3,3,Exposed
2011_KEPPEL_H1_2,2/08/2011,2011,2011,H1,2,8,10,6.6,2.2,3,Exposed
2011_KEPPEL_H1_3,2/08/2011,2011,2011,H1,3,9,10,6,2,3,Exposed
2011_KEPPEL_H1_4,2/08/2011,2011,2011,H1,4,8,7,10.2,3,3.4,Exposed
2011_KEPPEL_H1_5,2/08/2011,2011,2011,H1,5,8,8,6.6,2.2,3,Exposed
2011_KEPPEL_H2_1,2/08/2011,2011,2011,H2,1,7,9,10.2,3,3.4,Exposed
2011_KEPPEL_H2_2,2/08/2011,2011,2011,H2,2,7,10,6.6,2.2,3,Exposed
2011_KEPPEL_H2_3,2/08/2011,2011,2011,H2,3,7,10,6,2,3,Exposed
2011_KEPPEL_H2_4,2/08/2011,2011,2011,H2,4,7,9,6.6,2.2,3,Exposed
2011_KEPPEL_H2_5,2/08/2011,2011,2011,H2,5,7,9,7.8,2.6,3,Exposed
2011_KEPPEL_M1_1,5/08/2011,2011,2011,M1,1,5,3,4.4,2,2.2,Sheltered
2011_KEPPEL_M1_2,5/08/2011,2011,2011,M1,2,5,3,4.8,2,2.4,Sheltered
2011_KEPPEL_M1_3,5/08/2011,2011,2011,M1,3,7,3,4,2,2,Sheltered
2011_KEPPEL_M1_4,5/08/2011,2011,2011,M1,4,6,3,4.4,2,2.2,Sheltered
2011_KEPPEL_M1_5,5/08/2011,2011,2011,M1,5,5,3,4.4,2,2.2,Sheltered
2011_KEPPEL_M2_1,1/08/2011,2011,2011,M2,1,9,4,5.2,2.6,2,Semi-exposed
2011_KEPPEL_M2_2,1/08/2011,2011,2011,M2,2,9,3,6.16,2.8,2.2,Semi-exposed
2011_KEPPEL_M2_3,1/08/2011,2011,2011,M2,3,8,3,6.6,3,2.2,Semi-exposed
2011_KEPPEL_M2_4,1/08/2011,2011,2011,M2,4,9,3,5.2,2.6,2,Semi-exposed
2011_KEPPEL_M2_5,1/08/2011,2011,2011,M2,5,9,3,5.6,2.8,2,Semi-exposed
2011_KEPPEL_M3_1,31/07/2011,2011,2011,M3,1,7,7,8.4,3,2.8,Semi-exposed
2011_KEPPEL_M3_2,31/07/2011,2011,2011,M3,2,7,7,7.28,2.6,2.8,Semi-exposed
2011_KEPPEL_M3_3,31/07/2011,2011,2011,M3,3,7,7,5.72,2.2,2.6,Semi-exposed
2011_KEPPEL_M3_4,31/07/2011,2011,2011,M3,4,8,6,6.24,2.4,2.6,Semi-exposed
2011_KEPPEL_M3_5,31/07/2011,2011,2011,M3,5,8,5,6.72,2.4,2.8,Semi-exposed
2011_KEPPEL_M4_1,3/08/2011,2011,2011,M4,1,10,4,3.6,1.8,2,Sheltered
2011_KEPPEL_M4_2,3/08/2011,2011,2011,M4,2,8,4,4.4,2,2.2,Sheltered
2011_KEPPEL_M4_3,3/08/2011,2011,2011,M4,3,10,3,4.84,2.2,2.2,Sheltered
2011_KEPPEL_M4_4,3/08/2011,2011,2011,M4,4,5,2,3.96,1.8,2.2,Sheltered
2011_KEPPEL_M4_5,3/08/2011,2011,2011,M4,5,5,2,3.36,1.4,2.4,Sheltered
2011_KEPPEL_NK1_1,7/08/2011,2011,2011,NK1,1,5,7,3.2,2,1.6,Sheltered
2011_KEPPEL_NK1_2,7/08/2011,2011,2011,NK1,2,5,7,3.24,1.8,1.8,Sheltered
2011_KEPPEL_NK1_3,7/08/2011,2011,2011,NK1,3,5,7,2.52,1.8,1.4,Sheltered
2011_KEPPEL_NK1_4,7/08/2011,2011,2011,NK1,4,4,6,2.88,1.8,1.6,Sheltered
2011_KEPPEL_NK1_5,7/08/2011,2011,2011,NK1,5,4,6,3.2,2,1.6,Sheltered
2011_KEPPEL_NK5_1,7/08/2011,2011,2011,NK5,1,7,7,10.08,2.8,3.6,Exposed
2011_KEPPEL_NK5_2,7/08/2011,2011,2011,NK5,2,6,7,12.16,3.2,3.8,Exposed
2011_KEPPEL_NK5_3,7/08/2011,2011,2011,NK5,3,6,7,8.96,2.8,3.2,Exposed
2011_KEPPEL_NK5_4,7/08/2011,2011,2011,NK5,4,6,7,5.6,2,2.8,Exposed
2011_KEPPEL_NK5_5,7/08/2011,2011,2011,NK5,5,6,6,8.96,2.8,3.2,Exposed
2012_MAGNETIC_AW1_1,23/09/2012,2012,2012,AW1,1,4,5,2.88,1.2,2.4,Exposed
2012_MAGNETIC_AW1_2,23/09/2012,2012,2012,AW1,2,4,5,3.84,1.6,2.4,Exposed
2012_MAGNETIC_AW1_3,23/09/2012,2012,2012,AW1,3,4,5,2.8,1,2.8,Exposed
2012_MAGNETIC_AW1_4,23/09/2012,2012,2012,AW1,4,4,5,2.2,1,2.2,Exposed
2012_MAGNETIC_AW1_5,23/09/2012,2012,2012,AW1,5,3,5,3.08,1.4,2.2,Exposed
2012_MAGNETIC_AW2_1,24/09/2012,2012,2012,AW2,1,5,6,7.28,2.8,2.6,Exposed
2012_MAGNETIC_AW2_2,24/09/2012,2012,2012,AW2,2,6,5,9.6,3.2,3,Exposed
2012_MAGNETIC_AW2_3,24/09/2012,2012,2012,AW2,3,5,5,12.24,3.4,3.6,Exposed
2012_MAGNETIC_AW2_4,24/09/2012,2012,2012,AW2,4,5,5,11.52,3.2,3.6,Exposed
2012_MAGNETIC_AW2_5,24/09/2012,2012,2012,AW2,5,4,5,13.6,3.4,4,Exposed
2012_MAGNETIC_NB1_1,24/09/2012,2012,2012,NB1,1,5,5,2.4,1.2,2,Exposed
2012_MAGNETIC_NB1_2,24/09/2012,2012,2012,NB1,2,5,4,3.52,1.6,2.2,Exposed
2012_MAGNETIC_NB1_3,24/09/2012,2012,2012,NB1,3,3,5,2.64,1.2,2.2,Exposed
2012_MAGNETIC_NB1_4,24/09/2012,2012,2012,NB1,4,5,6,2.64,1.2,2.2,Exposed
2012_MAGNETIC_NB1_5,24/09/2012,2012,2012,NB1,5,5,5,2.64,1.2,2.2,Exposed
2012_MAGNETIC_WC1_1,23/09/2012,2012,2012,WC1,1,4,3,2.4,1.2,2,Exposed
2012_MAGNETIC_WC1_2,23/09/2012,2012,2012,WC1,2,4,4,1.6,1,1.6,Exposed
2012_MAGNETIC_WC1_3,23/09/2012,2012,2012,WC1,3,4,6,3.84,1.6,2.4,Exposed
2012_MAGNETIC_WC1_4,23/09/2012,2012,2012,WC1,4,4,4,2.52,1.4,1.8,Exposed
2012_MAGNETIC_WC1_5,23/09/2012,2012,2012,WC1,5,4,5,4.68,1.8,2.6,Exposed
2012_MAGNETIC_FB1_1,24/09/2012,2012,2012,FB1,1,4,5,9,3,3,Exposed
2012_MAGNETIC_FB1_2,24/09/2012,2012,2012,FB1,2,4,5,10.2,3,3.4,Exposed
2012_MAGNETIC_FB1_3,24/09/2012,2012,2012,FB1,3,4,5,16.8,4.2,4,Exposed
2012_MAGNETIC_FB1_4,24/09/2012,2012,2012,FB1,4,4,5,12,3,4,Exposed
2012_MAGNETIC_FB1_5,24/09/2012,2012,2012,FB1,5,4,5,12,3,4,Exposed
2012_MAGNETIC_GB1_1,24/09/2012,2012,2012,GB1,1,5,5,2.16,1.2,1.8,Exposed
2012_MAGNETIC_GB1_2,24/09/2012,2012,2012,GB1,2,5,6,2.64,1.2,2.2,Exposed
2012_MAGNETIC_GB1_3,24/09/2012,2012,2012,GB1,3,5,5,3.08,1.4,2.2,Exposed
2012_MAGNETIC_GB1_4,24/09/2012,2012,2012,GB1,4,5,5,2,1,2,Exposed
2012_MAGNETIC_GB1_5,24/09/2012,2012,2012,GB1,5,5,6,2.64,1.2,2.2,Exposed
2012_MAGNETIC_GB2_1,23/09/2012,2012,2012,GB2,1,4,5,4.4,2,2.2,Exposed
2012_MAGNETIC_GB2_2,23/09/2012,2012,2012,GB2,2,4,5,9.52,2.8,3.4,Exposed
2012_MAGNETIC_GB2_3,23/09/2012,2012,2012,GB2,3,4,5,3.6,2,1.8,Exposed
2012_MAGNETIC_GB2_4,23/09/2012,2012,2012,GB2,4,4,5,11.56,3.4,3.4,Exposed
2012_MAGNETIC_GB2_5,23/09/2012,2012,2012,GB2,5,4,6,11.56,3.4,3.4,Exposed
2012_MAGNETIC_GOW1_1,23/09/2012,2012,2012,GOW1,1,4,4,6,2,3,Exposed
2012_MAGNETIC_GOW1_2,23/09/2012,2012,2012,GOW1,2,4,5,6,2,3,Exposed
2012_MAGNETIC_GOW1_3,23/09/2012,2012,2012,GOW1,3,3,5,6,2,3,Exposed
2012_MAGNETIC_GOW1_4,23/09/2012,2012,2012,GOW1,4,3,4,6,2,3,Exposed
2012_MAGNETIC_GOW1_5,23/09/2012,2012,2012,GOW1,5,3,5,4.8,1.6,3,Exposed
2012_PALM_C4_1,7/02/2012,2012,2012,C4,1,7,8,13.6,3.4,4,Semi-exposed
2012_PALM_C4_2,7/02/2012,2012,2012,C4,2,6,8,15.12,3.6,4.2,Semi-exposed
2012_PALM_C4_3,7/02/2012,2012,2012,C4,3,6,8,18.4,4,4.6,Semi-exposed
2012_PALM_C4_4,7/02/2012,2012,2012,C4,4,8,8,12,3,4,Semi-exposed
2012_PALM_C4_5,7/02/2012,2012,2012,C4,5,8,8,7.84,2.8,2.8,Semi-exposed
2012_PALM_C5_1,12/02/2012,2012,2012,C5,1,9,8,17.6,4,4.4,Semi-exposed
2012_PALM_C5_2,12/02/2012,2012,2012,C5,2,10,8,23.04,4.8,4.8,Semi-exposed
2012_PALM_C5_3,12/02/2012,2012,2012,C5,3,10,7,23.04,4.8,4.8,Semi-exposed
2012_PALM_C5_4,12/02/2012,2012,2012,C5,4,8,8,24,4.8,5,Semi-exposed
2012_PALM_C5_5,12/02/2012,2012,2012,C5,5,8,8,25,5,5,Semi-exposed
2012_PALM_C6_1,11/02/2012,2012,2012,C6,1,9,7,15.84,3.6,4.4,Sheltered
2012_PALM_C6_2,11/02/2012,2012,2012,C6,2,8,7,17.6,4,4.4,Sheltered
2012_PALM_C6_3,11/02/2012,2012,2012,C6,3,7,7,16,4,4,Sheltered
2012_PALM_C6_4,11/02/2012,2012,2012,C6,4,7,7,9,3,3,Sheltered
2012_PALM_C6_5,11/02/2012,2012,2012,C6,5,7,7,9,3,3,Sheltered
2012_PALM_PE1_1,9/02/2012,2012,2012,PE1,1,7,6,15.2,4,3.8,Exposed
2012_PALM_PE1_2,9/02/2012,2012,2012,PE1,2,8,8,23,5,4.6,Exposed
2012_PALM_PE1_3,9/02/2012,2012,2012,PE1,3,7,8,20.24,4.6,4.4,Exposed
2012_PALM_PE1_4,9/02/2012,2012,2012,PE1,4,7,7,10.2,3.4,3,Exposed
2012_PALM_PE1_5,9/02/2012,2012,2012,PE1,5,7,7,7.28,2.8,2.6,Exposed
2012_PALM_PE2_1,8/02/2012,2012,2012,PE2,1,10,8,18.48,4.2,4.4,Exposed
2012_PALM_PE2_2,8/02/2012,2012,2012,PE2,2,10,8,17.6,4,4.4,Exposed
2012_PALM_PE2_3,8/02/2012,2012,2012,PE2,3,10,8,18.48,4.2,4.4,Exposed
2012_PALM_PE2_4,8/02/2012,2012,2012,PE2,4,10,8,11.56,3.4,3.4,Exposed
2012_PALM_PE2_5,8/02/2012,2012,2012,PE2,5,10,8,16.72,3.8,4.4,Exposed
2012_PALM_PE3_1,9/02/2012,2012,2012,PE3,1,8,9,11.56,3.4,3.4,Exposed
2012_PALM_PE3_2,9/02/2012,2012,2012,PE3,2,8,8,12.16,3.8,3.2,Exposed
2012_PALM_PE3_3,9/02/2012,2012,2012,PE3,3,9,9,11.4,3.8,3,Exposed
2012_PALM_PE3_4,9/02/2012,2012,2012,PE3,4,7,8,13.68,3.8,3.6,Exposed
2012_PALM_PE3_5,9/02/2012,2012,2012,PE3,5,7,9,9.6,3.2,3,Exposed
2012_PALM_PE4_1,5/02/2012,2012,2012,PE4,1,7,8,12.92,3.4,3.8,Exposed
2012_PALM_PE4_2,5/02/2012,2012,2012,PE4,2,7,8,17.6,4.4,4,Exposed
2012_PALM_PE4_3,5/02/2012,2012,2012,PE4,3,7,8,18.4,4.6,4,Exposed
2012_PALM_PE4_4,5/02/2012,2012,2012,PE4,4,7,7,12.8,4,3.2,Exposed
2012_PALM_PE4_5,5/02/2012,2012,2012,PE4,5,7,7,12.8,4,3.2,Exposed
2012_PALM_PE5_1,5/02/2012,2012,2012,PE5,1,7,8,10.2,3,3.4,Exposed
2012_PALM_PE5_2,5/02/2012,2012,2012,PE5,2,7,8,10.88,3.2,3.4,Exposed
2012_PALM_PE5_3,5/02/2012,2012,2012,PE5,3,7,8,13.44,3.2,4.2,Exposed
2012_PALM_PE5_4,5/02/2012,2012,2012,PE5,4,7,8,10.2,3,3.4,Exposed
2012_PALM_PE5_5,5/02/2012,2012,2012,PE5,5,7,8,12,3,4,Exposed
2012_PALM_PE6_1,5/02/2012,2012,2012,PE6,1,6,8,20.16,4.2,4.8,Exposed
2012_PALM_PE6_2,5/02/2012,2012,2012,PE6,2,6,8,22.08,4.6,4.8,Exposed
2012_PALM_PE6_3,5/02/2012,2012,2012,PE6,3,7,10,22.08,4.6,4.8,Exposed
2012_PALM_PE6_4,5/02/2012,2012,2012,PE6,4,7,8,23,4.6,5,Exposed
2012_PALM_PE6_5,5/02/2012,2012,2012,PE6,5,7,8,19.32,4.2,4.6,Exposed
2012_PALM_PS1_1,9/02/2012,2012,2012,PS1,1,8,8,24,4.8,5,Sheltered
2012_PALM_PS1_2,9/02/2012,2012,2012,PS1,2,8,8,24,4.8,5,Sheltered
2012_PALM_PS1_3,9/02/2012,2012,2012,PS1,3,8,7,14.96,3.4,4.4,Sheltered
2012_PALM_PS1_4,9/02/2012,2012,2012,PS1,4,8,8,25,5,5,Sheltered
2012_PALM_PS1_5,9/02/2012,2012,2012,PS1,5,8,8,18.4,4,4.6,Sheltered
2012_PALM_PS2_1,10/02/2012,2012,2012,PS2,1,9,8,12.96,3.6,3.6,Sheltered
2012_PALM_PS2_2,10/02/2012,2012,2012,PS2,2,9,8,8.4,3,2.8,Sheltered
2012_PALM_PS2_3,10/02/2012,2012,2012,PS2,3,9,8,7.8,2.6,3,Sheltered
2012_PALM_PS2_4,10/02/2012,2012,2012,PS2,4,9,7,21.12,4.8,4.4,Sheltered
2012_PALM_PS2_5,10/02/2012,2012,2012,PS2,5,9,7,16,4,4,Sheltered
2012_PALM_PS3_1,10/02/2012,2012,2012,PS3,1,10,8,12.16,3.8,3.2,Sheltered
2012_PALM_PS3_2,10/02/2012,2012,2012,PS3,2,10,7,11.56,3.4,3.4,Sheltered
2012_PALM_PS3_3,10/02/2012,2012,2012,PS3,3,10,7,11.4,3.8,3,Sheltered
2012_PALM_PS3_4,10/02/2012,2012,2012,PS3,4,7,8,10.24,3.2,3.2,Sheltered
2012_PALM_PS3_5,10/02/2012,2012,2012,PS3,5,8,7,9.6,3,3.2,Sheltered
2012_PALM_PS4_1,3/02/2012,2012,2012,PS4,1,6,6,25,5,5,Sheltered
2012_PALM_PS4_2,3/02/2012,2012,2012,PS4,2,6,6,19.32,4.2,4.6,Sheltered
2012_PALM_PS4_3,3/02/2012,2012,2012,PS4,3,8,6,23,5,4.6,Sheltered
2012_PALM_PS4_4,3/02/2012,2012,2012,PS4,4,6,6,19.36,4.4,4.4,Sheltered
2012_PALM_PS4_5,3/02/2012,2012,2012,PS4,5,7,6,22.08,4.8,4.6,Sheltered
2012_PALM_PS5_1,3/02/2012,2012,2012,PS5,1,8,9,24,5,4.8,Sheltered
2012_PALM_PS5_2,3/02/2012,2012,2012,PS5,2,9,8,25,5,5,Sheltered
2012_PALM_PS5_3,3/02/2012,2012,2012,PS5,3,9,8,25,5,5,Sheltered
2012_PALM_PS5_4,3/02/2012,2012,2012,PS5,4,8,8,18.48,4.4,4.2,Sheltered
2012_PALM_PS5_5,3/02/2012,2012,2012,PS5,5,8,8,16.8,4.2,4,Sheltered
2012_PALM_PS6_1,3/02/2012,2012,2012,PS6,1,7,8,12.92,3.4,3.8,Semi-exposed
2012_PALM_PS6_2,3/02/2012,2012,2012,PS6,2,9,8,11.52,3.2,3.6,Semi-exposed
2012_PALM_PS6_3,3/02/2012,2012,2012,PS6,3,8,8,14.4,3.6,4,Semi-exposed
2012_PALM_PS6_4,3/02/2012,2012,2012,PS6,4,8,9,10.24,3.2,3.2,Semi-exposed
2012_PALM_PS6_5,3/02/2012,2012,2012,PS6,5,8,8,20,4,5,Semi-exposed
2012_PALM_C1_1,11/02/2012,2012,2012,C1,1,8,8,8.4,3,2.8,Sheltered
2012_PALM_C1_2,11/02/2012,2012,2012,C1,2,8,8,12,4,3,Sheltered
2012_PALM_C1_3,11/02/2012,2012,2012,C1,3,7,8,12.6,4.2,3,Sheltered
2012_PALM_C1_4,11/02/2012,2012,2012,C1,4,8,8,14.44,3.8,3.8,Sheltered
2012_PALM_C1_5,11/02/2012,2012,2012,C1,5,8,8,14.28,4.2,3.4,Sheltered
2012_PALM_C2_1,12/02/2012,2012,2012,C2,1,10,7,4.4,2,2.2,Sheltered
2012_PALM_C2_2,12/02/2012,2012,2012,C2,2,10,7,7.84,2.8,2.8,Sheltered
2012_PALM_C2_3,12/02/2012,2012,2012,C2,3,10,8,9.6,3,3.2,Sheltered
2012_PALM_C2_4,12/02/2012,2012,2012,C2,4,10,8,8.84,2.6,3.4,Sheltered
2012_PALM_C2_5,12/02/2012,2012,2012,C2,5,10,8,8.4,3,2.8,Sheltered
2012_PALM_C3_1,6/02/2012,2012,2012,C3,1,6,8,7.8,3,2.6,Sheltered
2012_PALM_C3_2,6/02/2012,2012,2012,C3,2,6,7,7.2,3,2.4,Sheltered
2012_PALM_C3_3,6/02/2012,2012,2012,C3,3,6,8,8.4,3,2.8,Sheltered
2012_PALM_C3_4,6/02/2012,2012,2012,C3,4,6,8,7.8,3,2.6,Sheltered
2012_PALM_C3_5,6/02/2012,2012,2012,C3,5,6,8,7.8,3,2.6,Sheltered
2012_PALM_OE1_1,11/02/2012,2012,2012,OE1,1,6,8,9,3,3,Exposed
2012_PALM_OE1_2,11/02/2012,2012,2012,OE1,2,6,7,11.56,3.4,3.4,Exposed
2012_PALM_OE1_3,11/02/2012,2012,2012,OE1,3,6,7,9.6,3,3.2,Exposed
2012_PALM_OE1_4,11/02/2012,2012,2012,OE1,4,6,7,10.88,3.4,3.2,Exposed
2012_PALM_OE1_5,11/02/2012,2012,2012,OE1,5,6,8,9.6,3.2,3,Exposed
2012_PALM_OE2_1,7/02/2012,2012,2012,OE2,1,7,8,13.68,3.8,3.6,Exposed
2012_PALM_OE2_2,7/02/2012,2012,2012,OE2,2,7,8,16.72,4.4,3.8,Exposed
2012_PALM_OE2_3,7/02/2012,2012,2012,OE2,3,7,8,13.6,4,3.4,Exposed
2012_PALM_OE2_4,7/02/2012,2012,2012,OE2,4,6,8,10.08,3.6,2.8,Exposed
2012_PALM_OE2_5,7/02/2012,2012,2012,OE2,5,6,8,12.96,3.6,3.6,Exposed
2012_PALM_OE3_1,7/02/2012,2012,2012,OE3,1,6,8,16.8,4,4.2,Exposed
2012_PALM_OE3_2,7/02/2012,2012,2012,OE3,2,6,8,19.32,4.2,4.6,Exposed
2012_PALM_OE3_3,7/02/2012,2012,2012,OE3,3,6,7,13.6,3.4,4,Exposed
2012_PALM_OE3_4,7/02/2012,2012,2012,OE3,4,6,8,19.36,4.4,4.4,Exposed
2012_PALM_OE3_5,7/02/2012,2012,2012,OE3,5,6,6,10.2,3,3.4,Exposed
2012_PALM_OE4_1,6/02/2012,2012,2012,OE4,1,8,8,25,5,5,Exposed
2012_PALM_OE4_2,6/02/2012,2012,2012,OE4,2,7,8,25,5,5,Exposed
2012_PALM_OE4_3,6/02/2012,2012,2012,OE4,3,7,7,25,5,5,Exposed
2012_PALM_OE4_4,6/02/2012,2012,2012,OE4,4,8,7,25,5,5,Exposed
2012_PALM_OE4_5,6/02/2012,2012,2012,OE4,5,7,8,25,5,5,Exposed
2012_PALM_OE5_1,2/02/2012,2012,2012,OE5,1,8,8,12,3,4,Exposed
2012_PALM_OE5_2,2/02/2012,2012,2012,OE5,2,8,7,18.48,4.4,4.2,Exposed
2012_PALM_OE5_3,2/02/2012,2012,2012,OE5,3,8,8,19.36,4.4,4.4,Exposed
2012_PALM_OE5_4,2/02/2012,2012,2012,OE5,4,9,8,8.96,2.8,3.2,Exposed
2012_PALM_OE5_5,2/02/2012,2012,2012,OE5,5,9,8,7.2,2.4,3,Exposed
2012_PALM_OE6_1,2/02/2012,2012,2012,OE6,1,10,8,25,5,5,Exposed
2012_PALM_OE6_2,2/02/2012,2012,2012,OE6,2,10,8,24,5,4.8,Exposed
2012_PALM_OE6_3,2/02/2012,2012,2012,OE6,3,10,8,25,5,5,Exposed
2012_PALM_OE6_4,2/02/2012,2012,2012,OE6,4,10,8,21.16,4.6,4.6,Exposed
2012_PALM_OE6_5,2/02/2012,2012,2012,OE6,5,10,9,19.32,4.6,4.2,Exposed
2012_PALM_OS1_1,13/02/2012,2012,2012,OS1,1,6,6,8.4,3,2.8,Sheltered
2012_PALM_OS1_2,13/02/2012,2012,2012,OS1,2,6,6,7.8,2.6,3,Sheltered
2012_PALM_OS1_3,13/02/2012,2012,2012,OS1,3,6,7,6.16,2.2,2.8,Sheltered
2012_PALM_OS1_4,13/02/2012,2012,2012,OS1,4,10,7,8.96,2.8,3.2,Sheltered
2012_PALM_OS1_5,13/02/2012,2012,2012,OS1,5,10,7,11.52,3.2,3.6,Sheltered
2012_PALM_OS2_1,13/02/2012,2012,2012,OS2,1,7,7,17.64,4.2,4.2,Sheltered
2012_PALM_OS2_2,13/02/2012,2012,2012,OS2,2,6,6,22.08,4.6,4.8,Sheltered
2012_PALM_OS2_3,13/02/2012,2012,2012,OS2,3,6,6,21.16,4.6,4.6,Sheltered
2012_PALM_OS2_4,13/02/2012,2012,2012,OS2,4,7,7,12.96,3.6,3.6,Sheltered
2012_PALM_OS2_5,13/02/2012,2012,2012,OS2,5,7,7,16,4,4,Sheltered
2012_PALM_OS3_1,8/02/2012,2012,2012,OS3,1,7,7,10.2,3.4,3,Sheltered
2012_PALM_OS3_2,8/02/2012,2012,2012,OS3,2,7,7,18.4,4.6,4,Sheltered
2012_PALM_OS3_3,8/02/2012,2012,2012,OS3,3,7,7,17.48,4.6,3.8,Sheltered
2012_PALM_OS3_4,8/02/2012,2012,2012,OS3,4,8,8,13.68,3.8,3.6,Sheltered
2012_PALM_OS3_5,8/02/2012,2012,2012,OS3,5,6,8,25,5,5,Sheltered
2012_PALM_OS4_1,8/02/2012,2012,2012,OS4,1,7,8,22.08,4.8,4.6,Sheltered
2012_PALM_OS4_2,8/02/2012,2012,2012,OS4,2,7,8,14.4,4,3.6,Sheltered
2012_PALM_OS4_3,8/02/2012,2012,2012,OS4,3,7,8,18.4,4.6,4,Sheltered
2012_PALM_OS4_4,8/02/2012,2012,2012,OS4,4,7,8,17.64,4.2,4.2,Sheltered
2012_PALM_OS4_5,8/02/2012,2012,2012,OS4,5,6,8,13.68,3.8,3.6,Sheltered
2012_PALM_OS5_1,2/02/2012,2012,2012,OS5,1,10,8,7.68,3.2,2.4,Sheltered
2012_PALM_OS5_2,2/02/2012,2012,2012,OS5,2,10,8,10.88,3.4,3.2,Sheltered
2012_PALM_OS5_3,2/02/2012,2012,2012,OS5,3,10,8,9,3,3,Sheltered
2012_PALM_OS5_4,2/02/2012,2012,2012,OS5,4,10,8,11.4,3.8,3,Sheltered
2012_PALM_OS5_5,2/02/2012,2012,2012,OS5,5,10,8,12.96,3.6,3.6,Sheltered
2012_PALM_OS6_1,10/02/2012,2012,2012,OS6,1,10,6,13.44,4.2,3.2,Semi-exposed
2012_PALM_OS6_2,10/02/2012,2012,2012,OS6,2,10,7,13.68,3.8,3.6,Semi-exposed
2012_PALM_OS6_3,10/02/2012,2012,2012,OS6,3,10,7,13.6,3.4,4,Semi-exposed
2012_PALM_OS6_4,10/02/2012,2012,2012,OS6,4,10,7,13.44,4.2,3.2,Semi-exposed
2012_PALM_OS6_5,10/02/2012,2012,2012,OS6,5,8,7,13.68,3.8,3.6,Semi-exposed
2012_WHITSUNDAY_HB1_1,28/10/2012,2012,2012,HB1,1,8,6,11.2,2.8,4,Exposed
2012_WHITSUNDAY_HB1_2,28/10/2012,2012,2012,HB1,2,7,7,12.24,3.4,3.6,Exposed
2012_WHITSUNDAY_HB1_3,28/10/2012,2012,2012,HB1,3,7,6,10.8,3,3.6,Exposed
2012_WHITSUNDAY_HB1_4,28/10/2012,2012,2012,HB1,4,7,7,15.96,3.8,4.2,Exposed
2012_WHITSUNDAY_HB1_5,28/10/2012,2012,2012,HB1,5,6,7,15.12,3.6,4.2,Exposed
2012_WHITSUNDAY_HB2_1,28/10/2012,2012,2012,HB2,1,8,8,24,4.8,5,Exposed
2012_WHITSUNDAY_HB2_2,28/10/2012,2012,2012,HB2,2,9,8,23,4.6,5,Exposed
2012_WHITSUNDAY_HB2_3,28/10/2012,2012,2012,HB2,3,9,8,25,5,5,Exposed
2012_WHITSUNDAY_HB2_4,28/10/2012,2012,2012,HB2,4,8,8,23,5,4.6,Exposed
2012_WHITSUNDAY_HB2_5,28/10/2012,2012,2012,HB2,5,8,8,24,5,4.8,Exposed
2012_WHITSUNDAY_HB3_1,27/10/2012,2012,2012,HB3,1,5,5,5.4,1.8,3,Sheltered
2012_WHITSUNDAY_HB3_2,27/10/2012,2012,2012,HB3,2,5,6,5.44,1.6,3.4,Sheltered
2012_WHITSUNDAY_HB3_3,27/10/2012,2012,2012,HB3,3,5,6,7.92,2.2,3.6,Sheltered
2012_WHITSUNDAY_HB3_4,27/10/2012,2012,2012,HB3,4,5,5,8.36,2.2,3.8,Sheltered
2012_WHITSUNDAY_HB3_5,27/10/2012,2012,2012,HB3,5,4,5,4.8,1.2,4,Sheltered
2012_WHITSUNDAY_HB4_1,27/10/2012,2012,2012,HB4,1,6,9,16.32,4.8,3.4,Exposed
2012_WHITSUNDAY_HB4_2,27/10/2012,2012,2012,HB4,2,6,9,17.28,4.8,3.6,Exposed
2012_WHITSUNDAY_HB4_3,27/10/2012,2012,2012,HB4,3,6,9,14.72,4.6,3.2,Exposed
2012_WHITSUNDAY_HB4_4,27/10/2012,2012,2012,HB4,4,6,8,14.72,4.6,3.2,Exposed
2012_WHITSUNDAY_HB4_5,27/10/2012,2012,2012,HB4,5,6,7,15.64,4.6,3.4,Exposed
2012_WHITSUNDAY_HB5_1,26/10/2012,2012,2012,HB5,1,8,9,8.4,3,2.8,Exposed
2012_WHITSUNDAY_HB5_2,26/10/2012,2012,2012,HB5,2,7,8,9.52,3.4,2.8,Exposed
2012_WHITSUNDAY_HB5_3,26/10/2012,2012,2012,HB5,3,8,9,15.12,4.2,3.6,Exposed
2012_WHITSUNDAY_HB5_4,26/10/2012,2012,2012,HB5,4,8,9,8.4,3,2.8,Exposed
2012_WHITSUNDAY_HB5_5,26/10/2012,2012,2012,HB5,5,8,8,7.28,2.8,2.6,Exposed
2012_WHITSUNDAY_HB7_1,27/10/2012,2012,2012,HB7,1,7,9,7.68,3.2,2.4,Exposed
2012_WHITSUNDAY_HB7_2,27/10/2012,2012,2012,HB7,2,6,8,5.2,2.6,2,Exposed
2012_WHITSUNDAY_HB7_3,27/10/2012,2012,2012,HB7,3,6,8,5.72,2.2,2.6,Exposed
2012_WHITSUNDAY_HB7_4,27/10/2012,2012,2012,HB7,4,9,8,12.96,3.6,3.6,Exposed
2012_WHITSUNDAY_HB7_5,27/10/2012,2012,2012,HB7,5,8,9,18.48,4.2,4.4,Exposed
2012_WHITSUNDAY_W1_1,21/10/2012,2012,2012,W1,1,6,6,6.72,2.4,2.8,Semi-exposed
2012_WHITSUNDAY_W1_2,21/10/2012,2012,2012,W1,2,6,6,8.32,3.2,2.6,Semi-exposed
2012_WHITSUNDAY_W1_3,21/10/2012,2012,2012,W1,3,6,6,12.16,3.8,3.2,Semi-exposed
2012_WHITSUNDAY_W1_4,21/10/2012,2012,2012,W1,4,5,7,10.88,3.2,3.4,Semi-exposed
2012_WHITSUNDAY_W1_5,21/10/2012,2012,2012,W1,5,5,5,14.44,3.8,3.8,Semi-exposed
2012_WHITSUNDAY_W2_1,22/10/2012,2012,2012,W2,1,8,6,12.92,3.4,3.8,Semi-exposed
2012_WHITSUNDAY_W2_2,22/10/2012,2012,2012,W2,2,5,7,12.96,3.6,3.6,Semi-exposed
2012_WHITSUNDAY_W2_3,22/10/2012,2012,2012,W2,3,6,6,19.32,4.6,4.2,Semi-exposed
2012_WHITSUNDAY_W2_4,22/10/2012,2012,2012,W2,4,7,6,12.92,3.4,3.8,Semi-exposed
2012_WHITSUNDAY_W2_5,22/10/2012,2012,2012,W2,5,8,6,11.56,3.4,3.4,Semi-exposed
2012_WHITSUNDAY_W3_1,22/10/2012,2012,2012,W3,1,5,7,12.24,3.6,3.4,Semi-exposed
2012_WHITSUNDAY_W3_2,22/10/2012,2012,2012,W3,2,6,7,15.2,4,3.8,Semi-exposed
2012_WHITSUNDAY_W3_3,22/10/2012,2012,2012,W3,3,5,8,20.24,4.6,4.4,Semi-exposed
2012_WHITSUNDAY_W3_4,22/10/2012,2012,2012,W3,4,5,6,11.56,3.4,3.4,Semi-exposed
2012_WHITSUNDAY_W3_5,22/10/2012,2012,2012,W3,5,5,8,12.24,3.6,3.4,Semi-exposed
2012_WHITSUNDAY_W4_1,1/11/2012,2012,2012,W4,1,5,7,5.2,2,2.6,Semi-exposed
2012_WHITSUNDAY_W4_2,1/11/2012,2012,2012,W4,2,6,6,6.16,2.2,2.8,Semi-exposed
2012_WHITSUNDAY_W4_3,1/11/2012,2012,2012,W4,3,5,6,6.48,1.8,3.6,Semi-exposed
2012_WHITSUNDAY_W4_4,1/11/2012,2012,2012,W4,4,6,6,7.48,2.2,3.4,Semi-exposed
2012_WHITSUNDAY_W4_5,1/11/2012,2012,2012,W4,5,5,6,6.76,2.6,2.6,Semi-exposed
2012_WHITSUNDAY_W5_1,22/10/2012,2012,2012,W5,1,8,7,9.6,3.2,3,Semi-exposed
2012_WHITSUNDAY_W5_2,22/10/2012,2012,2012,W5,2,6,7,12.96,3.6,3.6,Semi-exposed
2012_WHITSUNDAY_W5_3,22/10/2012,2012,2012,W5,3,6,7,12.92,3.4,3.8,Semi-exposed
2012_WHITSUNDAY_W5_4,22/10/2012,2012,2012,W5,4,7,7,9.6,3.2,3,Semi-exposed
2012_WHITSUNDAY_W5_5,22/10/2012,2012,2012,W5,5,7,7,13.76,4.3,3.2,Semi-exposed
2012_WHITSUNDAY_W6_1,28/10/2012,2012,2012,W6,1,5,6,11.52,3.2,3.6,Semi-exposed
2012_WHITSUNDAY_W6_2,28/10/2012,2012,2012,W6,2,5,7,12.92,3.4,3.8,Semi-exposed
2012_WHITSUNDAY_W6_3,28/10/2012,2012,2012,W6,3,5,7,10.8,3,3.6,Semi-exposed
2012_WHITSUNDAY_W6_4,28/10/2012,2012,2012,W6,4,5,6,10.24,3.2,3.2,Semi-exposed
2012_WHITSUNDAY_W6_5,28/10/2012,2012,2012,W6,5,5,5,10.2,3,3.4,Semi-exposed
2012_WHITSUNDAY_W8_1,2/11/2012,2012,2012,W8,1,7,6,8.84,2.6,3.4,Semi-exposed
2012_WHITSUNDAY_W8_2,2/11/2012,2012,2012,W8,2,6,7,8.84,2.6,3.4,Semi-exposed
2012_WHITSUNDAY_W8_3,2/11/2012,2012,2012,W8,3,7,8,8.84,2.6,3.4,Semi-exposed
2012_WHITSUNDAY_W8_4,2/11/2012,2012,2012,W8,4,7,5,8.8,2.2,4,Semi-exposed
2012_WHITSUNDAY_W8_5,2/11/2012,2012,2012,W8,5,7,4,7.6,2,3.8,Semi-exposed
2012_WHITSUNDAY_W9_1,1/11/2012,2012,2012,W9,1,8,7,4.14,1.8,2.3,Semi-exposed
2012_WHITSUNDAY_W9_2,1/11/2012,2012,2012,W9,2,6,8,8,2,4,Semi-exposed
2012_WHITSUNDAY_W9_3,1/11/2012,2012,2012,W9,3,5,8,10.64,2.8,3.8,Semi-exposed
2012_WHITSUNDAY_W9_4,1/11/2012,2012,2012,W9,4,5,7,6,2,3,Semi-exposed
2012_WHITSUNDAY_W9_5,1/11/2012,2012,2012,W9,5,6,8,6,2,3,Semi-exposed
2012_WHITSUNDAY_B1_1,20/10/2012,2012,2012,B1,1,5,6,5.2,2,2.6,Sheltered
2012_WHITSUNDAY_B1_2,20/10/2012,2012,2012,B1,2,5,4,11.52,3.6,3.2,Sheltered
2012_WHITSUNDAY_B1_3,20/10/2012,2012,2012,B1,3,5,6,7.2,2.4,3,Sheltered
2012_WHITSUNDAY_B1_4,20/10/2012,2012,2012,B1,4,5,6,11.56,3.4,3.4,Sheltered
2012_WHITSUNDAY_B1_5,20/10/2012,2012,2012,B1,5,5,6,16.8,4.2,4,Sheltered
2012_WHITSUNDAY_B2_1,31/10/2012,2012,2012,B2,1,7,9,9,3,3,Sheltered
2012_WHITSUNDAY_B2_2,31/10/2012,2012,2012,B2,2,6,9,7.2,3,2.4,Sheltered
2012_WHITSUNDAY_B2_3,31/10/2012,2012,2012,B2,3,6,9,10.88,3.4,3.2,Sheltered
2012_WHITSUNDAY_B2_4,31/10/2012,2012,2012,B2,4,7,7,8.4,3,2.8,Sheltered
2012_WHITSUNDAY_B2_5,31/10/2012,2012,2012,B2,5,7,7,7.8,3,2.6,Sheltered
2012_WHITSUNDAY_B3_1,21/10/2012,2012,2012,B3,1,7,7,16.72,4.4,3.8,Exposed
2012_WHITSUNDAY_B3_2,21/10/2012,2012,2012,B3,2,8,6,19.36,4.4,4.4,Exposed
2012_WHITSUNDAY_B3_3,21/10/2012,2012,2012,B3,3,7,7,15.64,4.6,3.4,Exposed
2012_WHITSUNDAY_B3_4,21/10/2012,2012,2012,B3,4,7,6,16.8,4.2,4,Exposed
2012_WHITSUNDAY_B3_5,21/10/2012,2012,2012,B3,5,6,6,12.24,3.4,3.6,Exposed
2012_WHITSUNDAY_B4_1,21/10/2012,2012,2012,B4,1,8,7,17.64,4.2,4.2,Exposed
2012_WHITSUNDAY_B4_2,21/10/2012,2012,2012,B4,2,7,7,13.6,3.4,4,Exposed
2012_WHITSUNDAY_B4_3,21/10/2012,2012,2012,B4,3,8,6,17.48,3.8,4.6,Exposed
2012_WHITSUNDAY_B4_4,21/10/2012,2012,2012,B4,4,7,8,16.72,4.4,3.8,Exposed
2012_WHITSUNDAY_B4_5,21/10/2012,2012,2012,B4,5,7,7,6.24,2.6,2.4,Exposed
2012_WHITSUNDAY_B5_1,31/10/2012,2012,2012,B5,1,6,9,4.32,2.4,1.8,Semi-exposed
2012_WHITSUNDAY_B5_2,31/10/2012,2012,2012,B5,2,5,8,5.72,2.6,2.2,Semi-exposed
2012_WHITSUNDAY_B5_3,31/10/2012,2012,2012,B5,3,5,9,6.6,3,2.2,Semi-exposed
2012_WHITSUNDAY_B5_4,31/10/2012,2012,2012,B5,4,6,9,4.32,2.4,1.8,Semi-exposed
2012_WHITSUNDAY_B5_5,31/10/2012,2012,2012,B5,5,6,9,4.4,2,2.2,Semi-exposed
2012_WHITSUNDAY_B6_1,20/10/2012,2012,2012,B6,1,4,6,9.6,3,3.2,Semi-exposed
2012_WHITSUNDAY_B6_2,20/10/2012,2012,2012,B6,2,5,6,3.52,1.6,2.2,Semi-exposed
2012_WHITSUNDAY_B6_3,20/10/2012,2012,2012,B6,3,5,7,10.2,3,3.4,Semi-exposed
2012_WHITSUNDAY_B6_4,20/10/2012,2012,2012,B6,4,5,8,20.24,4.6,4.4,Semi-exposed
2012_WHITSUNDAY_B6_5,20/10/2012,2012,2012,B6,5,5,8,17.48,4.6,3.8,Semi-exposed
2012_WHITSUNDAY_BL1_1,29/10/2012,2012,2012,BL1,1,7,7,16,4,4,Semi-exposed
2012_WHITSUNDAY_BL1_2,29/10/2012,2012,2012,BL1,2,7,7,17.6,4,4.4,Semi-exposed
2012_WHITSUNDAY_BL1_3,29/10/2012,2012,2012,BL1,3,7,8,14.4,4,3.6,Semi-exposed
2012_WHITSUNDAY_BL1_4,29/10/2012,2012,2012,BL1,4,7,8,12.8,4,3.2,Semi-exposed
2012_WHITSUNDAY_BL1_5,29/10/2012,2012,2012,BL1,5,7,7,17.64,4.2,4.2,Semi-exposed
2012_WHITSUNDAY_BL2_1,25/10/2012,2012,2012,BL2,1,6,9,12.16,3.2,3.8,Sheltered
2012_WHITSUNDAY_BL2_2,25/10/2012,2012,2012,BL2,2,6,8,11.4,3,3.8,Sheltered
2012_WHITSUNDAY_BL2_3,25/10/2012,2012,2012,BL2,3,6,8,7.68,2.4,3.2,Sheltered
2012_WHITSUNDAY_BL2_4,25/10/2012,2012,2012,BL2,4,6,9,14.96,3.4,4.4,Sheltered
2012_WHITSUNDAY_BL2_5,25/10/2012,2012,2012,BL2,5,5,8,13.68,3.6,3.8,Sheltered
2012_WHITSUNDAY_DB1_1,20/10/2012,2012,2012,DB1,1,6,6,8.4,2.8,3,Semi-exposed
2012_WHITSUNDAY_DB1_2,20/10/2012,2012,2012,DB1,2,6,7,7.68,2.4,3.2,Semi-exposed
2012_WHITSUNDAY_DB1_3,20/10/2012,2012,2012,DB1,3,6,7,7.8,2.6,3,Semi-exposed
2012_WHITSUNDAY_DB1_4,20/10/2012,2012,2012,DB1,4,5,7,10.2,3,3.4,Semi-exposed
2012_WHITSUNDAY_DB1_5,20/10/2012,2012,2012,DB1,5,6,7,7.84,2.8,2.8,Semi-exposed
2012_WHITSUNDAY_DB2_1,22/10/2012,2012,2012,DB2,1,8,7,10.8,3.6,3,Semi-exposed
2012_WHITSUNDAY_DB2_2,22/10/2012,2012,2012,DB2,2,6,8,11.52,3.6,3.2,Semi-exposed
2012_WHITSUNDAY_DB2_3,22/10/2012,2012,2012,DB2,3,7,8,14.4,4,3.6,Semi-exposed
2012_WHITSUNDAY_DB2_4,22/10/2012,2012,2012,DB2,4,7,7,12.8,4,3.2,Semi-exposed
2012_WHITSUNDAY_DB2_5,22/10/2012,2012,2012,DB2,5,6,7,11.52,3.6,3.2,Semi-exposed
2012_WHITSUNDAY_ESK1_1,1/11/2012,2012,2012,ESK1,1,4,9,14.08,3.2,4.4,Exposed
2012_WHITSUNDAY_ESK1_2,1/11/2012,2012,2012,ESK1,2,4,9,9.24,2.2,4.2,Exposed
2012_WHITSUNDAY_ESK1_3,1/11/2012,2012,2012,ESK1,3,5,8,12.88,2.8,4.6,Exposed
2012_WHITSUNDAY_ESK1_4,1/11/2012,2012,2012,ESK1,4,4,8,7.2,2.4,3,Exposed
2012_WHITSUNDAY_ESK1_5,1/11/2012,2012,2012,ESK1,5,4,8,9.52,2.8,3.4,Exposed
2012_WHITSUNDAY_HG1_1,24/10/2012,2012,2012,HG1,1,6,7,16.8,4,4.2,Semi-exposed
2012_WHITSUNDAY_HG1_2,24/10/2012,2012,2012,HG1,2,6,8,18.48,4.2,4.4,Semi-exposed
2012_WHITSUNDAY_HG1_3,24/10/2012,2012,2012,HG1,3,7,8,17.6,4,4.4,Semi-exposed
2012_WHITSUNDAY_HG1_4,24/10/2012,2012,2012,HG1,4,7,7,16.72,3.8,4.4,Semi-exposed
2012_WHITSUNDAY_HG1_5,24/10/2012,2012,2012,HG1,5,7,7,21.16,4.6,4.6,Semi-exposed
2012_WHITSUNDAY_HG2_1,24/10/2012,2012,2012,HG2,1,6,8,14.4,3.6,4,Semi-exposed
2012_WHITSUNDAY_HG2_2,24/10/2012,2012,2012,HG2,2,5,8,19.2,4,4.8,Semi-exposed
2012_WHITSUNDAY_HG2_3,24/10/2012,2012,2012,HG2,3,6,8,16,4,4,Semi-exposed
2012_WHITSUNDAY_HG2_4,24/10/2012,2012,2012,HG2,4,6,7,18.48,4.2,4.4,Semi-exposed
2012_WHITSUNDAY_HG2_5,24/10/2012,2012,2012,HG2,5,7,7,20.24,4.4,4.6,Semi-exposed
2012_WHITSUNDAY_HG3_1,4/11/2012,2012,2012,HG3,1,9,8,12,3,4,Semi-exposed
2012_WHITSUNDAY_HG3_2,4/11/2012,2012,2012,HG3,2,9,8,12.8,3.2,4,Semi-exposed
2012_WHITSUNDAY_HG3_3,4/11/2012,2012,2012,HG3,3,9,7,12,3,4,Semi-exposed
2012_WHITSUNDAY_HG3_4,4/11/2012,2012,2012,HG3,4,10,8,18.4,4,4.6,Semi-exposed
2012_WHITSUNDAY_HG3_5,4/11/2012,2012,2012,HG3,5,10,8,17.6,4.4,4,Semi-exposed
2012_WHITSUNDAY_HG4_1,5/11/2012,2012,2012,HG4,1,8,7,11.52,3.2,3.6,Semi-exposed
2012_WHITSUNDAY_HG4_2,5/11/2012,2012,2012,HG4,2,7,9,14.44,3.8,3.8,Semi-exposed
2012_WHITSUNDAY_HG4_3,5/11/2012,2012,2012,HG4,3,6,7,12.92,3.4,3.8,Semi-exposed
2012_WHITSUNDAY_HG4_4,5/11/2012,2012,2012,HG4,4,7,7,9.52,2.8,3.4,Semi-exposed
2012_WHITSUNDAY_HG4_5,5/11/2012,2012,2012,HG4,5,7,7,6.16,2.2,2.8,Semi-exposed
2012_WHITSUNDAY_HG5_1,24/10/2012,2012,2012,HG5,1,7,7,21.12,4.4,4.8,Semi-exposed
2012_WHITSUNDAY_HG5_2,24/10/2012,2012,2012,HG5,2,6,8,15.84,3.6,4.4,Semi-exposed
2012_WHITSUNDAY_HG5_3,24/10/2012,2012,2012,HG5,3,6,7,16,4,4,Semi-exposed
2012_WHITSUNDAY_HG5_4,24/10/2012,2012,2012,HG5,4,8,8,20.24,4.4,4.6,Semi-exposed
2012_WHITSUNDAY_HG5_5,24/10/2012,2012,2012,HG5,5,8,7,22.08,4.6,4.8,Semi-exposed
2012_WHITSUNDAY_HG6_1,5/11/2012,2012,2012,HG6,1,7,7,8.32,2.6,3.2,Semi-exposed
2012_WHITSUNDAY_HG6_2,5/11/2012,2012,2012,HG6,2,6,7,13.6,3.4,4,Semi-exposed
2012_WHITSUNDAY_HG6_3,5/11/2012,2012,2012,HG6,3,6,7,6.24,2.4,2.6,Semi-exposed
2012_WHITSUNDAY_HG6_4,5/11/2012,2012,2012,HG6,4,8,8,14.4,3.6,4,Semi-exposed
2012_WHITSUNDAY_HG6_5,5/11/2012,2012,2012,HG6,5,9,9,19.32,4.2,4.6,Semi-exposed
2012_WHITSUNDAY_HG7_1,26/10/2012,2012,2012,HG7,1,10,9,18.4,4,4.6,Exposed
2012_WHITSUNDAY_HG7_2,26/10/2012,2012,2012,HG7,2,10,9,17.6,4,4.4,Exposed
2012_WHITSUNDAY_HG7_3,26/10/2012,2012,2012,HG7,3,10,9,20,4,5,Exposed
2012_WHITSUNDAY_HG7_4,26/10/2012,2012,2012,HG7,4,9,9,12.96,3.6,3.6,Exposed
2012_WHITSUNDAY_HG7_5,26/10/2012,2012,2012,HG7,5,8,9,16.8,4,4.2,Exposed
2012_WHITSUNDAY_HW1_1,29/10/2012,2012,2012,HW1,1,8,8,13.6,3.4,4,Sheltered
2012_WHITSUNDAY_HW1_2,29/10/2012,2012,2012,HW1,2,8,7,14.28,3.4,4.2,Sheltered
2012_WHITSUNDAY_HW1_3,29/10/2012,2012,2012,HW1,3,8,7,16.72,3.8,4.4,Sheltered
2012_WHITSUNDAY_HW1_4,29/10/2012,2012,2012,HW1,4,7,8,15.96,4.2,3.8,Sheltered
2012_WHITSUNDAY_HW1_5,29/10/2012,2012,2012,HW1,5,7,8,13.68,3.8,3.6,Sheltered
2012_WHITSUNDAY_HW2_1,4/11/2012,2012,2012,HW2,1,8,8,10.8,3,3.6,Sheltered
2012_WHITSUNDAY_HW2_2,4/11/2012,2012,2012,HW2,2,8,8,12,3,4,Sheltered
2012_WHITSUNDAY_HW2_3,4/11/2012,2012,2012,HW2,3,8,8,15.84,3.6,4.4,Sheltered
2012_WHITSUNDAY_HW2_4,4/11/2012,2012,2012,HW2,4,8,6,7.48,2.2,3.4,Sheltered
2012_WHITSUNDAY_HW2_5,4/11/2012,2012,2012,HW2,5,7,6,10.64,2.8,3.8,Sheltered
2012_WHITSUNDAY_HW3_1,4/11/2012,2012,2012,HW3,1,8,8,20.24,4.4,4.6,Sheltered
2012_WHITSUNDAY_HW3_2,4/11/2012,2012,2012,HW3,2,7,8,22.08,4.8,4.6,Sheltered
2012_WHITSUNDAY_HW3_3,4/11/2012,2012,2012,HW3,3,7,8,21.16,4.6,4.6,Sheltered
2012_WHITSUNDAY_HW3_4,4/11/2012,2012,2012,HW3,4,6,8,18.48,4.4,4.2,Sheltered
2012_WHITSUNDAY_HW3_5,4/11/2012,2012,2012,HW3,5,6,8,19.36,4.4,4.4,Sheltered
2012_WHITSUNDAY_L1_1,29/10/2012,2012,2012,L1,1,8,8,12.16,3.2,3.8,Sheltered
2012_WHITSUNDAY_L1_2,29/10/2012,2012,2012,L1,2,8,8,7.8,2.6,3,Sheltered
2012_WHITSUNDAY_L1_3,29/10/2012,2012,2012,L1,3,6,7,6.16,2.2,2.8,Sheltered
2012_WHITSUNDAY_L1_4,29/10/2012,2012,2012,L1,4,7,7,10.64,2.8,3.8,Sheltered
2012_WHITSUNDAY_L1_5,29/10/2012,2012,2012,L1,5,6,8,9.36,2.6,3.6,Sheltered
2012_WHITSUNDAY_DE1_1,31/10/2012,2012,2012,DE1,1,7,8,10.88,3.4,3.2,Exposed
2012_WHITSUNDAY_DE1_2,31/10/2012,2012,2012,DE1,2,7,9,10.2,3.4,3,Exposed
2012_WHITSUNDAY_DE1_3,31/10/2012,2012,2012,DE1,3,6,8,13.6,4,3.4,Exposed
2012_WHITSUNDAY_DE1_4,31/10/2012,2012,2012,DE1,4,7,8,15.2,4,3.8,Exposed
2012_WHITSUNDAY_DE1_5,31/10/2012,2012,2012,DE1,5,7,9,9.6,3.2,3,Exposed
2012_WHITSUNDAY_HE1_1,3/11/2012,2012,2012,HE1,1,10,7,14.28,3.4,4.2,Exposed
2012_WHITSUNDAY_HE1_2,3/11/2012,2012,2012,HE1,2,8,8,18.4,4,4.6,Exposed
2012_WHITSUNDAY_HE1_3,3/11/2012,2012,2012,HE1,3,8,9,17.48,3.8,4.6,Exposed
2012_WHITSUNDAY_HE1_4,3/11/2012,2012,2012,HE1,4,8,7,20.24,4.4,4.6,Exposed
2012_WHITSUNDAY_HE1_5,3/11/2012,2012,2012,HE1,5,9,7,21.16,4.6,4.6,Exposed
2012_WHITSUNDAY_HE2_1,3/11/2012,2012,2012,HE2,1,9,8,20.24,4.6,4.4,Exposed
2012_WHITSUNDAY_HE2_2,3/11/2012,2012,2012,HE2,2,9,8,24,5,4.8,Exposed
2012_WHITSUNDAY_HE2_3,3/11/2012,2012,2012,HE2,3,9,8,23,4.6,5,Exposed
2012_WHITSUNDAY_HE2_4,3/11/2012,2012,2012,HE2,4,7,8,21.12,4.4,4.8,Exposed
2012_WHITSUNDAY_HE2_5,3/11/2012,2012,2012,HE2,5,7,7,16.8,4,4.2,Exposed
2012_WHITSUNDAY_HE3_1,26/10/2012,2012,2012,HE3,1,7,8,17.6,4,4.4,Exposed
2012_WHITSUNDAY_HE3_2,26/10/2012,2012,2012,HE3,2,7,9,12.92,3.4,3.8,Exposed
2012_WHITSUNDAY_HE3_3,26/10/2012,2012,2012,HE3,3,7,8,17.48,3.8,4.6,Exposed
2012_WHITSUNDAY_HE3_4,26/10/2012,2012,2012,HE3,4,8,8,18.48,4.2,4.4,Exposed
2012_WHITSUNDAY_HE3_5,26/10/2012,2012,2012,HE3,5,8,8,15.2,3.8,4,Exposed
2012_WHITSUNDAY_HY1_1,23/10/2012,2012,2012,HY1,1,8,7,21,5,4.2,Semi-exposed
2012_WHITSUNDAY_HY1_2,23/10/2012,2012,2012,HY1,2,7,8,21,4.2,5,Semi-exposed
2012_WHITSUNDAY_HY1_3,23/10/2012,2012,2012,HY1,3,7,8,18.48,4.2,4.4,Semi-exposed
2012_WHITSUNDAY_HY1_4,23/10/2012,2012,2012,HY1,4,8,7,20.16,4.8,4.2,Semi-exposed
2012_WHITSUNDAY_HY1_5,23/10/2012,2012,2012,HY1,5,9,7,14.08,3.2,4.4,Semi-exposed
2012_WHITSUNDAY_HY2_1,23/10/2012,2012,2012,HY2,1,7,7,13.68,3.6,3.8,Semi-exposed
2012_WHITSUNDAY_HY2_2,23/10/2012,2012,2012,HY2,2,7,8,7.2,2.4,3,Semi-exposed
2012_WHITSUNDAY_HY2_3,23/10/2012,2012,2012,HY2,3,7,6,4.8,2,2.4,Semi-exposed
2012_WHITSUNDAY_HY2_4,23/10/2012,2012,2012,HY2,4,7,7,9.12,2.4,3.8,Semi-exposed
2012_WHITSUNDAY_HY2_5,23/10/2012,2012,2012,HY2,5,6,8,14.96,3.4,4.4,Semi-exposed
2012_WHITSUNDAY_HY3_1,23/10/2012,2012,2012,HY3,1,7,8,11.52,3.2,3.6,Sheltered
2012_WHITSUNDAY_HY3_2,23/10/2012,2012,2012,HY3,2,7,6,12.16,3.8,3.2,Sheltered
2012_WHITSUNDAY_HY3_3,23/10/2012,2012,2012,HY3,3,6,7,10.2,3.4,3,Sheltered
2012_WHITSUNDAY_HY3_4,23/10/2012,2012,2012,HY3,4,6,7,12.96,3.6,3.6,Sheltered
2012_WHITSUNDAY_HY3_5,23/10/2012,2012,2012,HY3,5,6,7,12.16,3.2,3.8,Sheltered
2013_KEPPEL_GK1_1,24/05/2013,2013,2013,GK1,1,7,8,5.76,2.4,2.4,Semi-exposed
2013_KEPPEL_GK1_2,24/05/2013,2013,2013,GK1,2,7,8,5.72,2.2,2.6,Semi-exposed
2013_KEPPEL_GK1_3,24/05/2013,2013,2013,GK1,3,7,7,4,2,2,Semi-exposed
2013_KEPPEL_GK1_4,24/05/2013,2013,2013,GK1,4,8,9,6.24,2.4,2.6,Semi-exposed
2013_KEPPEL_GK1_5,24/05/2013,2013,2013,GK1,5,9,10,6.6,3,2.2,Semi-exposed
2013_KEPPEL_GK2_1,23/05/2013,2013,2013,GK2,1,10,9,5.2,2,2.6,Exposed
2013_KEPPEL_GK2_2,23/05/2013,2013,2013,GK2,2,8,8,4.4,2,2.2,Exposed
2013_KEPPEL_GK2_3,23/05/2013,2013,2013,GK2,3,8,8,8.4,2,4.2,Exposed
2013_KEPPEL_GK2_4,23/05/2013,2013,2013,GK2,4,7,8,5.6,2,2.8,Exposed
2013_KEPPEL_GK2_5,23/05/2013,2013,2013,GK2,5,7,8,7.28,2.8,2.6,Exposed
2013_KEPPEL_GK3_1,23/05/2013,2013,2013,GK3,1,7,8,4,2,2,Semi-exposed
2013_KEPPEL_GK3_2,23/05/2013,2013,2013,GK3,2,8,8,4,2,2,Semi-exposed
2013_KEPPEL_GK3_3,23/05/2013,2013,2013,GK3,3,8,9,3.6,1.8,2,Semi-exposed
2013_KEPPEL_GK3_4,23/05/2013,2013,2013,GK3,4,7,8,3.2,1.6,2,Semi-exposed
2013_KEPPEL_GK3_5,23/05/2013,2013,2013,GK3,5,8,8,3.6,1.8,2,Semi-exposed
2013_KEPPEL_GK4_1,22/05/2013,2013,2013,GK4,1,9,8,4.8,2,2.4,Exposed
2013_KEPPEL_GK4_2,22/05/2013,2013,2013,GK4,2,9,9,5.6,2,2.8,Exposed
2013_KEPPEL_GK4_3,22/05/2013,2013,2013,GK4,3,10,10,5.28,2.2,2.4,Exposed
2013_KEPPEL_GK4_4,22/05/2013,2013,2013,GK4,4,10,7,4.8,2,2.4,Exposed
2013_KEPPEL_GK4_5,22/05/2013,2013,2013,GK4,5,10,6,5.2,2,2.6,Exposed
2013_KEPPEL_GK7_1,21/05/2013,2013,2013,GK7,1,9,6,3.6,1.8,2,Exposed
2013_KEPPEL_GK7_2,21/05/2013,2013,2013,GK7,2,8,6,4.84,2.2,2.2,Exposed
2013_KEPPEL_GK7_3,21/05/2013,2013,2013,GK7,3,9,6,7.28,2.6,2.8,Exposed
2013_KEPPEL_GK7_4,21/05/2013,2013,2013,GK7,4,7,8,4,2,2,Exposed
2013_KEPPEL_GK7_5,21/05/2013,2013,2013,GK7,5,7,8,3.6,2,1.8,Exposed
2013_KEPPEL_GK8_1,23/05/2013,2013,2013,GK8,1,7,5,4,2,2,Semi-exposed
2013_KEPPEL_GK8_2,23/05/2013,2013,2013,GK8,2,7,5,2.88,1.8,1.6,Semi-exposed
2013_KEPPEL_GK8_3,23/05/2013,2013,2013,GK8,3,7,5,3.6,1.8,2,Semi-exposed
2013_KEPPEL_GK8_4,23/05/2013,2013,2013,GK8,4,8,4,4,2,2,Semi-exposed
2013_KEPPEL_GK8_5,23/05/2013,2013,2013,GK8,5,7,4,4.4,2.2,2,Semi-exposed
2013_KEPPEL_H3_1,29/05/2013,2013,2013,H3,1,2,8,4,2,2,Sheltered
2013_KEPPEL_H3_2,29/05/2013,2013,2013,H3,2,2,7,4,2,2,Sheltered
2013_KEPPEL_H3_3,29/05/2013,2013,2013,H3,3,2,9,5.6,2.8,2,Sheltered
2013_KEPPEL_H3_4,29/05/2013,2013,2013,H3,4,2,8,4,2,2,Sheltered
2013_KEPPEL_H3_5,29/05/2013,2013,2013,H3,5,2,8,4.8,2,2.4,Sheltered
2013_KEPPEL_MI1_1,26/05/2013,2013,2013,MI1,1,6,9,4,2,2,Semi-exposed
2013_KEPPEL_MI1_2,26/05/2013,2013,2013,MI1,2,6,7,3.96,1.8,2.2,Semi-exposed
2013_KEPPEL_MI1_3,26/05/2013,2013,2013,MI1,3,6,8,5.28,2.4,2.2,Semi-exposed
2013_KEPPEL_MI1_4,26/05/2013,2013,2013,MI1,4,5,8,4.8,2,2.4,Semi-exposed
2013_KEPPEL_MI1_5,26/05/2013,2013,2013,MI1,5,5,8,4,2,2,Semi-exposed
2013_KEPPEL_MI2_1,26/05/2013,2013,2013,MI2,1,5,10,6.24,2.4,2.6,Exposed
2013_KEPPEL_MI2_2,26/05/2013,2013,2013,MI2,2,5,9,5.76,2.4,2.4,Exposed
2013_KEPPEL_MI2_3,26/05/2013,2013,2013,MI2,3,5,10,4.4,2.2,2,Exposed
2013_KEPPEL_MI2_4,26/05/2013,2013,2013,MI2,4,6,10,6.72,2.4,2.8,Exposed
2013_KEPPEL_MI2_5,26/05/2013,2013,2013,MI2,5,6,9,6.16,2.8,2.2,Exposed
2013_KEPPEL_NK3_1,28/05/2013,2013,2013,NK3,1,5,5,3.2,2,1.6,Semi-exposed
2013_KEPPEL_NK3_2,28/05/2013,2013,2013,NK3,2,5,4,3.92,1.4,2.8,Semi-exposed
2013_KEPPEL_NK3_3,28/05/2013,2013,2013,NK3,3,5,4,3.12,1.2,2.6,Semi-exposed
2013_KEPPEL_NK3_4,28/05/2013,2013,2013,NK3,4,4,5,3.6,2,1.8,Semi-exposed
2013_KEPPEL_NK3_5,28/05/2013,2013,2013,NK3,5,4,5,2.56,1.6,1.6,Semi-exposed
2013_KEPPEL_NK8_1,24/05/2013,2013,2013,NK8,1,6,10,4.4,2,2.2,Exposed
2013_KEPPEL_NK8_2,24/05/2013,2013,2013,NK8,2,6,9,6.6,2.2,3,Exposed
2013_KEPPEL_NK8_3,24/05/2013,2013,2013,NK8,3,6,9,5.28,2.2,2.4,Exposed
2013_KEPPEL_NK8_4,24/05/2013,2013,2013,NK8,4,8,9,8.32,2.6,3.2,Exposed
2013_KEPPEL_NK8_5,24/05/2013,2013,2013,NK8,5,8,8,6.16,2.8,2.2,Exposed
2013_KEPPEL_GK5_1,27/05/2013,2013,2013,GK5,1,5,10,5.28,2.4,2.2,Semi-exposed
2013_KEPPEL_GK5_2,27/05/2013,2013,2013,GK5,2,5,10,3.92,2.8,1.4,Semi-exposed
2013_KEPPEL_GK5_3,27/05/2013,2013,2013,GK5,3,5,10,4.48,3.2,1.4,Semi-exposed
2013_KEPPEL_GK5_4,27/05/2013,2013,2013,GK5,4,5,10,4.68,2.6,1.8,Semi-exposed
2013_KEPPEL_GK5_5,27/05/2013,2013,2013,GK5,5,5,10,5.04,2.8,1.8,Semi-exposed
2013_KEPPEL_GK6_1,27/05/2013,2013,2013,GK6,1,5,10,4.4,2,2.2,Semi-exposed
2013_KEPPEL_GK6_2,27/05/2013,2013,2013,GK6,2,5,9,4.84,2.2,2.2,Semi-exposed
2013_KEPPEL_GK6_3,27/05/2013,2013,2013,GK6,3,5,9,3.6,2,1.8,Semi-exposed
2013_KEPPEL_GK6_4,27/05/2013,2013,2013,GK6,4,5,10,4,2,2,Semi-exposed
2013_KEPPEL_GK6_5,27/05/2013,2013,2013,GK6,5,5,9,3.6,1.8,2,Semi-exposed
2013_KEPPEL_GK9_1,29/05/2013,2013,2013,GK9,1,3,5,4,2,2,Sheltered
2013_KEPPEL_GK9_2,29/05/2013,2013,2013,GK9,2,3,5,4.4,2,2.2,Sheltered
2013_KEPPEL_GK9_3,29/05/2013,2013,2013,GK9,3,3,5,3.6,2,1.8,Sheltered
2013_KEPPEL_GK9_4,29/05/2013,2013,2013,GK9,4,2,4,6.24,2.6,2.4,Sheltered
2013_KEPPEL_GK9_5,29/05/2013,2013,2013,GK9,5,4,5,6.16,2.8,2.2,Sheltered
2013_KEPPEL_H1_1,22/05/2013,2013,2013,H1,1,10,8,3.52,1.6,2.2,Exposed
2013_KEPPEL_H1_2,22/05/2013,2013,2013,H1,2,9,9,3.84,1.6,2.4,Exposed
2013_KEPPEL_H1_3,22/05/2013,2013,2013,H1,3,9,9,4.4,2,2.2,Exposed
2013_KEPPEL_H1_4,22/05/2013,2013,2013,H1,4,9,6,3.6,1.8,2,Exposed
2013_KEPPEL_H1_5,22/05/2013,2013,2013,H1,5,10,7,4.16,1.6,2.6,Exposed
2013_KEPPEL_H2_1,22/05/2013,2013,2013,H2,1,8,10,5.72,2.2,2.6,Exposed
2013_KEPPEL_H2_2,22/05/2013,2013,2013,H2,2,8,11,4.8,2,2.4,Exposed
2013_KEPPEL_H2_3,22/05/2013,2013,2013,H2,3,8,12,4.8,2,2.4,Exposed
2013_KEPPEL_H2_4,22/05/2013,2013,2013,H2,4,9,10,4.4,2,2.2,Exposed
2013_KEPPEL_H2_5,22/05/2013,2013,2013,H2,5,9,10,3.96,1.8,2.2,Exposed
2013_KEPPEL_M1_1,26/05/2013,2013,2013,M1,1,7,3,2.8,2,1.4,Sheltered
2013_KEPPEL_M1_2,26/05/2013,2013,2013,M1,2,7,2,2.52,1.8,1.4,Sheltered
2013_KEPPEL_M1_3,26/05/2013,2013,2013,M1,3,7,2,3.6,1.8,2,Sheltered
2013_KEPPEL_M1_4,26/05/2013,2013,2013,M1,4,5,2,2.88,1.8,1.6,Sheltered
2013_KEPPEL_M1_5,26/05/2013,2013,2013,M1,5,5,2,3.2,2,1.6,Sheltered
2013_KEPPEL_M2_1,27/05/2013,2013,2013,M2,1,4,5,2.88,1.8,1.6,Semi-exposed
2013_KEPPEL_M2_2,27/05/2013,2013,2013,M2,2,4,4,3.6,2,1.8,Semi-exposed
2013_KEPPEL_M2_3,27/05/2013,2013,2013,M2,3,4,4,4.32,1.8,2.4,Semi-exposed
2013_KEPPEL_M2_4,27/05/2013,2013,2013,M2,4,4,4,3.2,2,1.6,Semi-exposed
2013_KEPPEL_M2_5,27/05/2013,2013,2013,M2,5,4,4,3.64,1.4,2.6,Semi-exposed
2013_KEPPEL_M3_1,26/05/2013,2013,2013,M3,1,5,6,4.8,2.4,2,Semi-exposed
2013_KEPPEL_M3_2,26/05/2013,2013,2013,M3,2,5,7,4,2,2,Semi-exposed
2013_KEPPEL_M3_3,26/05/2013,2013,2013,M3,3,5,7,3.6,2,1.8,Semi-exposed
2013_KEPPEL_M3_4,26/05/2013,2013,2013,M3,4,5,6,3.6,1.8,2,Semi-exposed
2013_KEPPEL_M3_5,26/05/2013,2013,2013,M3,5,5,5,3.6,1.8,2,Semi-exposed
2013_KEPPEL_M4_1,27/05/2013,2013,2013,M4,1,5,4,4.4,2.2,2,Sheltered
2013_KEPPEL_M4_2,27/05/2013,2013,2013,M4,2,5,3,5.2,2.6,2,Sheltered
2013_KEPPEL_M4_3,27/05/2013,2013,2013,M4,3,4,3,3.96,2.2,1.8,Sheltered
2013_KEPPEL_M4_4,27/05/2013,2013,2013,M4,4,4,3,5.72,2.6,2.2,Sheltered
2013_KEPPEL_M4_5,27/05/2013,2013,2013,M4,5,4,3,6.16,2.8,2.2,Sheltered
2013_KEPPEL_NK1_1,28/05/2013,2013,2013,NK1,1,4,6,2.16,1.8,1.2,Sheltered
2013_KEPPEL_NK1_2,28/05/2013,2013,2013,NK1,2,4,5,2.8,2,1.4,Sheltered
2013_KEPPEL_NK1_3,28/05/2013,2013,2013,NK1,3,4,5,3.6,2,1.8,Sheltered
2013_KEPPEL_NK1_4,28/05/2013,2013,2013,NK1,4,4,5,2.52,1.8,1.4,Sheltered
2013_KEPPEL_NK1_5,28/05/2013,2013,2013,NK1,5,4,5,3.6,1.8,2,Sheltered
2013_KEPPEL_NK5_1,24/05/2013,2013,2013,NK5,1,8,7,6,2,3,Exposed
2013_KEPPEL_NK5_2,24/05/2013,2013,2013,NK5,2,8,6,8.4,2,4.2,Exposed
2013_KEPPEL_NK5_3,24/05/2013,2013,2013,NK5,3,8,7,9.6,3,3.2,Exposed
2013_KEPPEL_NK5_4,24/05/2013,2013,2013,NK5,4,7,7,4,2,2,Exposed
2013_KEPPEL_NK5_5,24/05/2013,2013,2013,NK5,5,6,7,11.4,3.8,3,Exposed
2014_PALM_C4_1,17/10/2014,2014,2014,C4,1,6,8,13.68,3.6,3.8,Semi-exposed
2014_PALM_C4_2,17/10/2014,2014,2014,C4,2,6,8,15.2,3.8,4,Semi-exposed
2014_PALM_C4_3,17/10/2014,2014,2014,C4,3,6,8,15.12,3.6,4.2,Semi-exposed
2014_PALM_C4_4,17/10/2014,2014,2014,C4,4,6,8,15.96,3.8,4.2,Semi-exposed
2014_PALM_C4_5,17/10/2014,2014,2014,C4,5,6,7,9,3,3,Semi-exposed
2014_PALM_C5_1,14/10/2014,2014,2014,C5,1,6,7,8.4,2.8,3,Semi-exposed
2014_PALM_C5_2,14/10/2014,2014,2014,C5,2,5,8,8.32,2.6,3.2,Semi-exposed
2014_PALM_C5_3,14/10/2014,2014,2014,C5,3,6,6,6.24,2.6,2.4,Semi-exposed
2014_PALM_C5_4,14/10/2014,2014,2014,C5,4,5,7,6.76,2.6,2.6,Semi-exposed
2014_PALM_C5_5,14/10/2014,2014,2014,C5,5,5,6,5.72,2.2,2.6,Semi-exposed
2014_PALM_C6_1,14/10/2014,2014,2014,C6,1,6,6,3.6,2,1.8,Sheltered
2014_PALM_C6_2,14/10/2014,2014,2014,C6,2,6,6,1.92,1.6,1.2,Sheltered
2014_PALM_C6_3,14/10/2014,2014,2014,C6,3,6,6,5.2,2.6,2,Sheltered
2014_PALM_C6_4,14/10/2014,2014,2014,C6,4,6,6,5.04,2.8,1.8,Sheltered
2014_PALM_C6_5,14/10/2014,2014,2014,C6,5,6,6,7.8,3,2.6,Sheltered
2014_PALM_PE1_1,11/10/2014,2014,2014,PE1,1,7,8,10.8,3,3.6,Exposed
2014_PALM_PE1_2,11/10/2014,2014,2014,PE1,2,7,8,7.8,3,2.6,Exposed
2014_PALM_PE1_3,11/10/2014,2014,2014,PE1,3,6,8,8.84,3.4,2.6,Exposed
2014_PALM_PE1_4,11/10/2014,2014,2014,PE1,4,7,7,11.56,3.4,3.4,Exposed
2014_PALM_PE1_5,11/10/2014,2014,2014,PE1,5,6,8,12.92,3.4,3.8,Exposed
2014_PALM_PE2_1,8/10/2014,2014,2014,PE2,1,6,9,12.24,3.4,3.6,Exposed
2014_PALM_PE2_2,8/10/2014,2014,2014,PE2,2,6,8,13.6,3.4,4,Exposed
2014_PALM_PE2_3,8/10/2014,2014,2014,PE2,3,7,9,20.16,4.2,4.8,Exposed
2014_PALM_PE2_4,8/10/2014,2014,2014,PE2,4,7,8,10.2,3,3.4,Exposed
2014_PALM_PE2_5,8/10/2014,2014,2014,PE2,5,7,8,8.4,2.8,3,Exposed
2014_PALM_PE3_1,8/10/2014,2014,2014,PE3,1,6,9,13.6,3.4,4,Exposed
2014_PALM_PE3_2,8/10/2014,2014,2014,PE3,2,7,9,16.8,4,4.2,Exposed
2014_PALM_PE3_3,8/10/2014,2014,2014,PE3,3,7,9,16.8,4,4.2,Exposed
2014_PALM_PE3_4,8/10/2014,2014,2014,PE3,4,7,9,18.48,4.2,4.4,Exposed
2014_PALM_PE3_5,8/10/2014,2014,2014,PE3,5,6,9,15.12,3.6,4.2,Exposed
2014_PALM_PE4_1,9/10/2014,2014,2014,PE4,1,7,9,13.6,3.4,4,Exposed
2014_PALM_PE4_2,9/10/2014,2014,2014,PE4,2,6,9,16,4,4,Exposed
2014_PALM_PE4_3,9/10/2014,2014,2014,PE4,3,6,9,18.48,4.4,4.2,Exposed
2014_PALM_PE4_4,9/10/2014,2014,2014,PE4,4,6,8,12.16,3.2,3.8,Exposed
2014_PALM_PE4_5,9/10/2014,2014,2014,PE4,5,7,8,12.24,3.4,3.6,Exposed
2014_PALM_PE5_1,9/10/2014,2014,2014,PE5,1,7,7,18.48,4.4,4.2,Exposed
2014_PALM_PE5_2,9/10/2014,2014,2014,PE5,2,7,8,21.16,4.6,4.6,Exposed
2014_PALM_PE5_3,9/10/2014,2014,2014,PE5,3,7,8,18.48,4.2,4.4,Exposed
2014_PALM_PE5_4,9/10/2014,2014,2014,PE5,4,7,8,22.08,4.6,4.8,Exposed
2014_PALM_PE5_5,9/10/2014,2014,2014,PE5,5,7,8,19.32,4.2,4.6,Exposed
2014_PALM_PE6_1,16/10/2014,2014,2014,PE6,1,6,8,15.2,3.8,4,Exposed
2014_PALM_PE6_2,16/10/2014,2014,2014,PE6,2,7,8,10.88,3.2,3.4,Exposed
2014_PALM_PE6_3,16/10/2014,2014,2014,PE6,3,7,8,12.16,3.2,3.8,Exposed
2014_PALM_PE6_4,16/10/2014,2014,2014,PE6,4,8,7,11.52,3.2,3.6,Exposed
2014_PALM_PE6_5,16/10/2014,2014,2014,PE6,5,8,7,15.96,3.8,4.2,Exposed
2014_PALM_PS1_1,12/10/2014,2014,2014,PS1,1,6,7,7.04,3.2,2.2,Sheltered
2014_PALM_PS1_2,12/10/2014,2014,2014,PS1,2,5,8,10.88,3.2,3.4,Sheltered
2014_PALM_PS1_3,12/10/2014,2014,2014,PS1,3,5,9,9,3,3,Sheltered
2014_PALM_PS1_4,12/10/2014,2014,2014,PS1,4,6,8,6.12,3.4,1.8,Sheltered
2014_PALM_PS1_5,12/10/2014,2014,2014,PS1,5,6,8,7.48,3.4,2.2,Sheltered
2014_PALM_PS2_1,12/10/2014,2014,2014,PS2,1,5,7,10.24,3.2,3.2,Sheltered
2014_PALM_PS2_2,12/10/2014,2014,2014,PS2,2,5,7,8.4,3,2.8,Sheltered
2014_PALM_PS2_3,12/10/2014,2014,2014,PS2,3,5,7,10.88,3.2,3.4,Sheltered
2014_PALM_PS2_4,12/10/2014,2014,2014,PS2,4,5,6,9,3,3,Sheltered
2014_PALM_PS2_5,12/10/2014,2014,2014,PS2,5,5,7,9.6,3,3.2,Sheltered
2014_PALM_PS3_1,13/10/2014,2014,2014,PS3,1,6,7,12.24,3.6,3.4,Sheltered
2014_PALM_PS3_2,13/10/2014,2014,2014,PS3,2,6,7,11.52,3.6,3.2,Sheltered
2014_PALM_PS3_3,13/10/2014,2014,2014,PS3,3,6,8,15.2,4,3.8,Sheltered
2014_PALM_PS3_4,13/10/2014,2014,2014,PS3,4,6,8,17.64,4.2,4.2,Sheltered
2014_PALM_PS3_5,13/10/2014,2014,2014,PS3,5,6,7,11.56,3.4,3.4,Sheltered
2014_PALM_PS4_1,18/10/2014,2014,2014,PS4,1,6,5,3.6,2,1.8,Sheltered
2014_PALM_PS4_2,18/10/2014,2014,2014,PS4,2,6,4,6.24,2.4,2.6,Sheltered
2014_PALM_PS4_3,18/10/2014,2014,2014,PS4,3,5,3,3.2,2,1.6,Sheltered
2014_PALM_PS4_4,18/10/2014,2014,2014,PS4,4,6,5,8.4,2.8,3,Sheltered
2014_PALM_PS4_5,18/10/2014,2014,2014,PS4,5,6,5,6.24,2.4,2.6,Sheltered
2014_PALM_PS5_1,18/10/2014,2014,2014,PS5,1,7,8,13.44,3.2,4.2,Sheltered
2014_PALM_PS5_2,18/10/2014,2014,2014,PS5,2,7,7,16.8,4,4.2,Sheltered
2014_PALM_PS5_3,18/10/2014,2014,2014,PS5,3,7,8,12.16,3.2,3.8,Sheltered
2014_PALM_PS5_4,18/10/2014,2014,2014,PS5,4,7,8,12.24,3.4,3.6,Sheltered
2014_PALM_PS5_5,18/10/2014,2014,2014,PS5,5,7,7,12.24,3.4,3.6,Sheltered
2014_PALM_PS6_1,7/10/2014,2014,2014,PS6,1,4,9,15.2,3.8,4,Semi-exposed
2014_PALM_PS6_2,7/10/2014,2014,2014,PS6,2,4,8,13.68,3.6,3.8,Semi-exposed
2014_PALM_PS6_3,7/10/2014,2014,2014,PS6,3,4,8,15.2,3.8,4,Semi-exposed
2014_PALM_PS6_4,7/10/2014,2014,2014,PS6,4,5,8,15.2,4,3.8,Semi-exposed
2014_PALM_PS6_5,7/10/2014,2014,2014,PS6,5,4,8,16,4,4,Semi-exposed
2014_PALM_C1_1,14/10/2014,2014,2014,C1,1,6,7,10.2,3.4,3,Sheltered
2014_PALM_C1_2,14/10/2014,2014,2014,C1,2,6,6,10.64,3.8,2.8,Sheltered
2014_PALM_C1_3,14/10/2014,2014,2014,C1,3,6,6,10.4,4,2.6,Sheltered
2014_PALM_C1_4,14/10/2014,2014,2014,C1,4,6,8,10.88,3.4,3.2,Sheltered
2014_PALM_C1_5,14/10/2014,2014,2014,C1,5,6,8,10.8,3.6,3,Sheltered
2014_PALM_C2_1,16/10/2014,2014,2014,C2,1,5,7,9.6,3.2,3,Sheltered
2014_PALM_C2_2,16/10/2014,2014,2014,C2,2,5,7,10.88,3.4,3.2,Sheltered
2014_PALM_C2_3,16/10/2014,2014,2014,C2,3,5,7,11.52,3.6,3.2,Sheltered
2014_PALM_C2_4,16/10/2014,2014,2014,C2,4,5,7,9.52,3.4,2.8,Sheltered
2014_PALM_C2_5,16/10/2014,2014,2014,C2,5,5,7,10.8,3.6,3,Sheltered
2014_PALM_C3_1,17/10/2014,2014,2014,C3,1,6,6,8.96,3.2,2.8,Sheltered
2014_PALM_C3_2,17/10/2014,2014,2014,C3,2,6,7,8.4,3,2.8,Sheltered
2014_PALM_C3_3,17/10/2014,2014,2014,C3,3,6,6,12.24,3.6,3.4,Sheltered
2014_PALM_C3_4,17/10/2014,2014,2014,C3,4,6,6,11.56,3.4,3.4,Sheltered
2014_PALM_C3_5,17/10/2014,2014,2014,C3,5,7,7,9.6,3.2,3,Sheltered
2014_PALM_OE1_1,16/10/2014,2014,2014,OE1,1,6,7,7.2,2.4,3,Exposed
2014_PALM_OE1_2,16/10/2014,2014,2014,OE1,2,6,7,5.76,2.4,2.4,Exposed
2014_PALM_OE1_3,16/10/2014,2014,2014,OE1,3,5,6,5.28,2.2,2.4,Exposed
2014_PALM_OE1_4,16/10/2014,2014,2014,OE1,4,5,7,6.24,2.4,2.6,Exposed
2014_PALM_OE1_5,16/10/2014,2014,2014,OE1,5,6,6,15.12,3.6,4.2,Exposed
2014_PALM_OE2_1,11/10/2014,2014,2014,OE2,1,6,7,5.76,2.4,2.4,Exposed
2014_PALM_OE2_2,11/10/2014,2014,2014,OE2,2,6,6,12.92,3.4,3.8,Exposed
2014_PALM_OE2_3,11/10/2014,2014,2014,OE2,3,6,6,7.28,2.6,2.8,Exposed
2014_PALM_OE2_4,11/10/2014,2014,2014,OE2,4,6,7,8.4,3,2.8,Exposed
2014_PALM_OE2_5,11/10/2014,2014,2014,OE2,5,6,7,7.2,2.4,3,Exposed
2014_PALM_OE3_1,11/10/2014,2014,2014,OE3,1,7,7,6.76,2.6,2.6,Exposed
2014_PALM_OE3_2,11/10/2014,2014,2014,OE3,2,6,8,7.28,2.8,2.6,Exposed
2014_PALM_OE3_3,11/10/2014,2014,2014,OE3,3,6,8,6.24,2.4,2.6,Exposed
2014_PALM_OE3_4,11/10/2014,2014,2014,OE3,4,6,7,5.76,2.4,2.4,Exposed
2014_PALM_OE3_5,11/10/2014,2014,2014,OE3,5,6,7,8.4,2.8,3,Exposed
2014_PALM_OE4_1,8/10/2014,2014,2014,OE4,1,8,7,22.08,4.8,4.6,Exposed
2014_PALM_OE4_2,8/10/2014,2014,2014,OE4,2,8,7,22.08,4.8,4.6,Exposed
2014_PALM_OE4_3,8/10/2014,2014,2014,OE4,3,5,8,23,5,4.6,Exposed
2014_PALM_OE4_4,8/10/2014,2014,2014,OE4,4,6,7,17.64,4.2,4.2,Exposed
2014_PALM_OE4_5,8/10/2014,2014,2014,OE4,5,5,7,20.24,4.6,4.4,Exposed
2014_PALM_OE5_1,9/10/2014,2014,2014,OE5,1,7,6,14.44,3.8,3.8,Exposed
2014_PALM_OE5_2,9/10/2014,2014,2014,OE5,2,7,7,13.68,3.6,3.8,Exposed
2014_PALM_OE5_3,9/10/2014,2014,2014,OE5,3,7,6,14.4,3.6,4,Exposed
2014_PALM_OE5_4,9/10/2014,2014,2014,OE5,4,7,6,16.8,4,4.2,Exposed
2014_PALM_OE5_5,9/10/2014,2014,2014,OE5,5,7,6,11.56,3.4,3.4,Exposed
2014_PALM_OE6_1,7/10/2014,2014,2014,OE6,1,6,7,18.48,4.4,4.2,Exposed
2014_PALM_OE6_2,7/10/2014,2014,2014,OE6,2,5,7,19.32,4.6,4.2,Exposed
2014_PALM_OE6_3,7/10/2014,2014,2014,OE6,3,5,7,15.2,4,3.8,Exposed
2014_PALM_OE6_4,7/10/2014,2014,2014,OE6,4,5,7,18.48,4.2,4.4,Exposed
2014_PALM_OE6_5,7/10/2014,2014,2014,OE6,5,4,7,15.2,3.8,4,Exposed
2014_PALM_OS1_1,17/10/2014,2014,2014,OS1,1,5,6,8.32,2.6,3.2,Sheltered
2014_PALM_OS1_2,17/10/2014,2014,2014,OS1,2,5,6,10.8,3,3.6,Sheltered
2014_PALM_OS1_3,17/10/2014,2014,2014,OS1,3,5,6,13.6,3.4,4,Sheltered
2014_PALM_OS1_4,17/10/2014,2014,2014,OS1,4,6,6,10.88,3.2,3.4,Sheltered
2014_PALM_OS1_5,17/10/2014,2014,2014,OS1,5,6,6,9.6,3,3.2,Sheltered
2014_PALM_OS2_1,13/10/2014,2014,2014,OS2,1,6,6,9,3,3,Sheltered
2014_PALM_OS2_2,13/10/2014,2014,2014,OS2,2,5,6,10.8,3,3.6,Sheltered
2014_PALM_OS2_3,13/10/2014,2014,2014,OS2,3,6,6,11.56,3.4,3.4,Sheltered
2014_PALM_OS2_4,13/10/2014,2014,2014,OS2,4,5,7,12.24,3.4,3.6,Sheltered
2014_PALM_OS2_5,13/10/2014,2014,2014,OS2,5,5,7,12.96,3.6,3.6,Sheltered
2014_PALM_OS3_1,13/10/2014,2014,2014,OS3,1,6,7,10.24,3.2,3.2,Sheltered
2014_PALM_OS3_2,13/10/2014,2014,2014,OS3,2,6,7,8.96,3.2,2.8,Sheltered
2014_PALM_OS3_3,13/10/2014,2014,2014,OS3,3,6,5,9,3,3,Sheltered
2014_PALM_OS3_4,13/10/2014,2014,2014,OS3,4,6,7,6.24,2.4,2.6,Sheltered
2014_PALM_OS3_5,13/10/2014,2014,2014,OS3,5,6,6,6.16,2.2,2.8,Sheltered
2014_PALM_OS4_1,12/10/2014,2014,2014,OS4,1,5,4,6.6,2.2,3,Sheltered
2014_PALM_OS4_2,12/10/2014,2014,2014,OS4,2,5,5,5.2,2,2.6,Sheltered
2014_PALM_OS4_3,12/10/2014,2014,2014,OS4,3,5,6,5.2,2,2.6,Sheltered
2014_PALM_OS4_4,12/10/2014,2014,2014,OS4,4,5,4,5.2,2,2.6,Sheltered
2014_PALM_OS4_5,12/10/2014,2014,2014,OS4,5,5,6,6.4,2,3.2,Sheltered
2014_PALM_OS5_1,18/10/2014,2014,2014,OS5,1,7,7,10.88,3.4,3.2,Sheltered
2014_PALM_OS5_2,18/10/2014,2014,2014,OS5,2,8,7,10.2,3,3.4,Sheltered
2014_PALM_OS5_3,18/10/2014,2014,2014,OS5,3,7,8,7.8,3,2.6,Sheltered
2014_PALM_OS5_4,18/10/2014,2014,2014,OS5,4,7,7,9.6,3,3.2,Sheltered
2014_PALM_OS5_5,18/10/2014,2014,2014,OS5,5,7,8,7.28,2.6,2.8,Sheltered
2014_PALM_OS6_1,7/10/2014,2014,2014,OS6,1,7,5,6.72,2.4,2.8,Semi-exposed
2014_PALM_OS6_2,7/10/2014,2014,2014,OS6,2,6,5,4.4,2,2.2,Semi-exposed
2014_PALM_OS6_3,7/10/2014,2014,2014,OS6,3,6,6,4.8,2,2.4,Semi-exposed
2014_PALM_OS6_4,7/10/2014,2014,2014,OS6,4,6,5,4.8,2,2.4,Semi-exposed
2014_PALM_OS6_5,7/10/2014,2014,2014,OS6,5,6,5,6.72,2.4,2.8,Semi-exposed
2014_WHITSUNDAY_HB1_1,16/09/2014,2014,2014,HB1,1,6,6,17.64,4.2,4.2,Exposed
2014_WHITSUNDAY_HB1_2,16/09/2014,2014,2014,HB1,2,6,6,16.56,3.6,4.6,Exposed
2014_WHITSUNDAY_HB1_3,16/09/2014,2014,2014,HB1,3,5,6,9.36,2.6,3.6,Exposed
2014_WHITSUNDAY_HB1_4,16/09/2014,2014,2014,HB1,4,6,6,16,4,4,Exposed
2014_WHITSUNDAY_HB1_5,16/09/2014,2014,2014,HB1,5,6,5,13.6,3.4,4,Exposed
2014_WHITSUNDAY_HB2_1,16/09/2014,2014,2014,HB2,1,8,7,25,5,5,Exposed
2014_WHITSUNDAY_HB2_2,16/09/2014,2014,2014,HB2,2,7,7,25,5,5,Exposed
2014_WHITSUNDAY_HB2_3,16/09/2014,2014,2014,HB2,3,8,7,25,5,5,Exposed
2014_WHITSUNDAY_HB2_4,16/09/2014,2014,2014,HB2,4,8,7,23.04,4.8,4.8,Exposed
2014_WHITSUNDAY_HB2_5,16/09/2014,2014,2014,HB2,5,7,7,24,5,4.8,Exposed
2014_WHITSUNDAY_HB3_1,12/09/2014,2014,2014,HB3,1,6,7,12.24,3.4,3.6,Sheltered
2014_WHITSUNDAY_HB3_2,12/09/2014,2014,2014,HB3,2,6,8,14.44,3.8,3.8,Sheltered
2014_WHITSUNDAY_HB3_3,12/09/2014,2014,2014,HB3,3,6,7,17.6,4.4,4,Sheltered
2014_WHITSUNDAY_HB3_4,12/09/2014,2014,2014,HB3,4,7,7,10.88,3.4,3.2,Sheltered
2014_WHITSUNDAY_HB3_5,12/09/2014,2014,2014,HB3,5,7,7,8.32,2.6,3.2,Sheltered
2014_WHITSUNDAY_HB4_1,12/09/2014,2014,2014,HB4,1,6,7,22,5,4.4,Exposed
2014_WHITSUNDAY_HB4_2,12/09/2014,2014,2014,HB4,2,6,8,20.16,4.8,4.2,Exposed
2014_WHITSUNDAY_HB4_3,12/09/2014,2014,2014,HB4,3,6,8,18.48,4.4,4.2,Exposed
2014_WHITSUNDAY_HB4_4,12/09/2014,2014,2014,HB4,4,6,7,23,5,4.6,Exposed
2014_WHITSUNDAY_HB4_5,12/09/2014,2014,2014,HB4,5,6,7,25,5,5,Exposed
2014_WHITSUNDAY_HB5_1,11/09/2014,2014,2014,HB5,1,5,8,15.12,4.2,3.6,Exposed
2014_WHITSUNDAY_HB5_2,11/09/2014,2014,2014,HB5,2,5,9,18.24,4.8,3.8,Exposed
2014_WHITSUNDAY_HB5_3,11/09/2014,2014,2014,HB5,3,5,8,10.8,3.6,3,Exposed
2014_WHITSUNDAY_HB5_4,11/09/2014,2014,2014,HB5,4,5,7,9.6,3.2,3,Exposed
2014_WHITSUNDAY_HB5_5,11/09/2014,2014,2014,HB5,5,6,9,7.2,3,2.4,Exposed
2014_WHITSUNDAY_HB7_1,16/09/2014,2014,2014,HB7,1,8,6,10.88,3.2,3.4,Exposed
2014_WHITSUNDAY_HB7_2,16/09/2014,2014,2014,HB7,2,8,6,6.24,2.6,2.4,Exposed
2014_WHITSUNDAY_HB7_3,16/09/2014,2014,2014,HB7,3,8,7,5.72,2.2,2.6,Exposed
2014_WHITSUNDAY_HB7_4,16/09/2014,2014,2014,HB7,4,8,8,13.68,3.6,3.8,Exposed
2014_WHITSUNDAY_HB7_5,16/09/2014,2014,2014,HB7,5,8,8,17.64,4.2,4.2,Exposed
2014_WHITSUNDAY_W1_1,27/09/2014,2014,2014,W1,1,5,6,18.4,4.6,4,Semi-exposed
2014_WHITSUNDAY_W1_2,27/09/2014,2014,2014,W1,2,6,6,9.6,3.2,3,Semi-exposed
2014_WHITSUNDAY_W1_3,27/09/2014,2014,2014,W1,3,5,6,15.2,4,3.8,Semi-exposed
2014_WHITSUNDAY_W1_4,27/09/2014,2014,2014,W1,4,6,6,16.72,4.4,3.8,Semi-exposed
2014_WHITSUNDAY_W1_5,27/09/2014,2014,2014,W1,5,5,7,19.36,4.4,4.4,Semi-exposed
2014_WHITSUNDAY_W2_1,18/09/2014,2014,2014,W2,1,8,6,12.24,3.6,3.4,Semi-exposed
2014_WHITSUNDAY_W2_2,18/09/2014,2014,2014,W2,2,8,7,12.96,3.6,3.6,Semi-exposed
2014_WHITSUNDAY_W2_3,18/09/2014,2014,2014,W2,3,8,7,11.4,3.8,3,Semi-exposed
2014_WHITSUNDAY_W2_4,18/09/2014,2014,2014,W2,4,9,6,12.96,3.6,3.6,Semi-exposed
2014_WHITSUNDAY_W2_5,18/09/2014,2014,2014,W2,5,9,6,14.4,3.6,4,Semi-exposed
2014_WHITSUNDAY_W3_1,10/09/2014,2014,2014,W3,1,4,7,10.2,3.4,3,Semi-exposed
2014_WHITSUNDAY_W3_2,10/09/2014,2014,2014,W3,2,4,7,10.8,3.6,3,Semi-exposed
2014_WHITSUNDAY_W3_3,10/09/2014,2014,2014,W3,3,4,7,11.56,3.4,3.4,Semi-exposed
2014_WHITSUNDAY_W3_4,10/09/2014,2014,2014,W3,4,4,7,12.8,4,3.2,Semi-exposed
2014_WHITSUNDAY_W3_5,10/09/2014,2014,2014,W3,5,4,7,10.8,3.6,3,Semi-exposed
2014_WHITSUNDAY_W4_1,13/09/2014,2014,2014,W4,1,5,6,9.52,2.8,3.4,Semi-exposed
2014_WHITSUNDAY_W4_2,13/09/2014,2014,2014,W4,2,6,7,8.96,2.8,3.2,Semi-exposed
2014_WHITSUNDAY_W4_3,13/09/2014,2014,2014,W4,3,6,7,9.6,3.2,3,Semi-exposed
2014_WHITSUNDAY_W4_4,13/09/2014,2014,2014,W4,4,5,6,11.52,3.2,3.6,Semi-exposed
2014_WHITSUNDAY_W4_5,13/09/2014,2014,2014,W4,5,5,6,10.2,3.4,3,Semi-exposed
2014_WHITSUNDAY_W5_1,18/09/2014,2014,2014,W5,1,6,6,9,3,3,Semi-exposed
2014_WHITSUNDAY_W5_2,18/09/2014,2014,2014,W5,2,6,6,10.2,3.4,3,Semi-exposed
2014_WHITSUNDAY_W5_3,18/09/2014,2014,2014,W5,3,6,6,10.2,3.4,3,Semi-exposed
2014_WHITSUNDAY_W5_4,18/09/2014,2014,2014,W5,4,7,6,11.56,3.4,3.4,Semi-exposed
2014_WHITSUNDAY_W5_5,18/09/2014,2014,2014,W5,5,7,7,10.2,3,3.4,Semi-exposed
2014_WHITSUNDAY_W6_1,18/09/2014,2014,2014,W6,1,6,6,11.56,3.4,3.4,Semi-exposed
2014_WHITSUNDAY_W6_2,18/09/2014,2014,2014,W6,2,5,7,10.2,3,3.4,Semi-exposed
2014_WHITSUNDAY_W6_3,18/09/2014,2014,2014,W6,3,5,7,13.6,3.4,4,Semi-exposed
2014_WHITSUNDAY_W6_4,18/09/2014,2014,2014,W6,4,6,6,11.56,3.4,3.4,Semi-exposed
2014_WHITSUNDAY_W6_5,18/09/2014,2014,2014,W6,5,6,5,13.68,3.6,3.8,Semi-exposed
2014_WHITSUNDAY_W8_1,13/09/2014,2014,2014,W8,1,5,6,12.92,3.4,3.8,Semi-exposed
2014_WHITSUNDAY_W8_2,13/09/2014,2014,2014,W8,2,5,8,8.84,2.6,3.4,Semi-exposed
2014_WHITSUNDAY_W8_3,13/09/2014,2014,2014,W8,3,5,8,12.92,3.4,3.8,Semi-exposed
2014_WHITSUNDAY_W8_4,13/09/2014,2014,2014,W8,4,5,6,13.68,3.8,3.6,Semi-exposed
2014_WHITSUNDAY_W8_5,13/09/2014,2014,2014,W8,5,5,5,12.24,3.4,3.6,Semi-exposed
2014_WHITSUNDAY_W9_1,19/09/2014,2014,2014,W9,1,7,4,2.88,1.6,1.8,Semi-exposed
2014_WHITSUNDAY_W9_2,19/09/2014,2014,2014,W9,2,7,4,9.6,3,3.2,Semi-exposed
2014_WHITSUNDAY_W9_3,19/09/2014,2014,2014,W9,3,7,5,14.44,3.8,3.8,Semi-exposed
2014_WHITSUNDAY_W9_4,19/09/2014,2014,2014,W9,4,7,5,10.24,3.2,3.2,Semi-exposed
2014_WHITSUNDAY_W9_5,19/09/2014,2014,2014,W9,5,6,6,10.88,3.4,3.2,Semi-exposed
2014_WHITSUNDAY_B1_1,20/09/2014,2014,2014,B1,1,8,8,7.8,2.6,3,Sheltered
2014_WHITSUNDAY_B1_2,20/09/2014,2014,2014,B1,2,7,7,10.24,3.2,3.2,Sheltered
2014_WHITSUNDAY_B1_3,20/09/2014,2014,2014,B1,3,8,7,10.8,3,3.6,Sheltered
2014_WHITSUNDAY_B1_4,20/09/2014,2014,2014,B1,4,7,7,5.2,2,2.6,Sheltered
2014_WHITSUNDAY_B1_5,20/09/2014,2014,2014,B1,5,7,7,10.8,3,3.6,Sheltered
2014_WHITSUNDAY_B2_1,19/09/2014,2014,2014,B2,1,8,7,8.96,2.8,3.2,Sheltered
2014_WHITSUNDAY_B2_2,19/09/2014,2014,2014,B2,2,8,6,7.8,3,2.6,Sheltered
2014_WHITSUNDAY_B2_3,19/09/2014,2014,2014,B2,3,8,7,9,3,3,Sheltered
2014_WHITSUNDAY_B2_4,19/09/2014,2014,2014,B2,4,7,6,7.8,3,2.6,Sheltered
2014_WHITSUNDAY_B2_5,19/09/2014,2014,2014,B2,5,8,6,9.6,3,3.2,Sheltered
2014_WHITSUNDAY_B3_1,13/09/2014,2014,2014,B3,1,5,7,13.68,3.8,3.6,Exposed
2014_WHITSUNDAY_B3_2,13/09/2014,2014,2014,B3,2,5,8,12.96,3.6,3.6,Exposed
2014_WHITSUNDAY_B3_3,13/09/2014,2014,2014,B3,3,5,8,14.4,3.6,4,Exposed
2014_WHITSUNDAY_B3_4,13/09/2014,2014,2014,B3,4,6,7,19.32,4.6,4.2,Exposed
2014_WHITSUNDAY_B3_5,13/09/2014,2014,2014,B3,5,6,8,17.64,4.2,4.2,Exposed
2014_WHITSUNDAY_B4_1,10/09/2014,2014,2014,B4,1,4,9,18.48,4.4,4.2,Exposed
2014_WHITSUNDAY_B4_2,10/09/2014,2014,2014,B4,2,4,8,15.12,4.2,3.6,Exposed
2014_WHITSUNDAY_B4_3,10/09/2014,2014,2014,B4,3,4,6,10.88,3.4,3.2,Exposed
2014_WHITSUNDAY_B4_4,10/09/2014,2014,2014,B4,4,4,8,11.56,3.4,3.4,Exposed
2014_WHITSUNDAY_B4_5,10/09/2014,2014,2014,B4,5,4,8,12.24,3.6,3.4,Exposed
2014_WHITSUNDAY_B5_1,10/09/2014,2014,2014,B5,1,4,7,9,3,3,Semi-exposed
2014_WHITSUNDAY_B5_2,10/09/2014,2014,2014,B5,2,4,7,10.2,3.4,3,Semi-exposed
2014_WHITSUNDAY_B5_3,10/09/2014,2014,2014,B5,3,4,7,15.2,4,3.8,Semi-exposed
2014_WHITSUNDAY_B5_4,10/09/2014,2014,2014,B5,4,4,7,6.76,2.6,2.6,Semi-exposed
2014_WHITSUNDAY_B5_5,10/09/2014,2014,2014,B5,5,4,7,6.72,2.4,2.8,Semi-exposed
2014_WHITSUNDAY_B6_1,20/09/2014,2014,2014,B6,1,8,7,15.2,4,3.8,Semi-exposed
2014_WHITSUNDAY_B6_2,20/09/2014,2014,2014,B6,2,8,6,23,5,4.6,Semi-exposed
2014_WHITSUNDAY_B6_3,20/09/2014,2014,2014,B6,3,8,7,17.6,4.4,4,Semi-exposed
2014_WHITSUNDAY_B6_4,20/09/2014,2014,2014,B6,4,8,7,12.96,3.6,3.6,Semi-exposed
2014_WHITSUNDAY_B6_5,20/09/2014,2014,2014,B6,5,8,8,16.8,4,4.2,Semi-exposed
2014_WHITSUNDAY_BL1_1,14/09/2014,2014,2014,BL1,1,7,7,13.68,3.6,3.8,Semi-exposed
2014_WHITSUNDAY_BL1_2,14/09/2014,2014,2014,BL1,2,7,7,16.8,4.2,4,Semi-exposed
2014_WHITSUNDAY_BL1_3,14/09/2014,2014,2014,BL1,3,6,7,17.6,4,4.4,Semi-exposed
2014_WHITSUNDAY_BL1_4,14/09/2014,2014,2014,BL1,4,6,7,12.92,3.8,3.4,Semi-exposed
2014_WHITSUNDAY_BL1_5,14/09/2014,2014,2014,BL1,5,7,7,14.4,4,3.6,Semi-exposed
2014_WHITSUNDAY_BL2_1,22/09/2014,2014,2014,BL2,1,8,7,13.6,3.4,4,Sheltered
2014_WHITSUNDAY_BL2_2,22/09/2014,2014,2014,BL2,2,8,7,16.8,4,4.2,Sheltered
2014_WHITSUNDAY_BL2_3,22/09/2014,2014,2014,BL2,3,8,7,15.96,3.8,4.2,Sheltered
2014_WHITSUNDAY_BL2_4,22/09/2014,2014,2014,BL2,4,7,7,12.8,3.2,4,Sheltered
2014_WHITSUNDAY_BL2_5,22/09/2014,2014,2014,BL2,5,7,8,15.84,3.6,4.4,Sheltered
2014_WHITSUNDAY_DB1_1,20/09/2014,2014,2014,DB1,1,7,7,6,2,3,Semi-exposed
2014_WHITSUNDAY_DB1_2,20/09/2014,2014,2014,DB1,2,7,7,6.6,2.2,3,Semi-exposed
2014_WHITSUNDAY_DB1_3,20/09/2014,2014,2014,DB1,3,7,5,8.32,2.6,3.2,Semi-exposed
2014_WHITSUNDAY_DB1_4,20/09/2014,2014,2014,DB1,4,7,6,4.4,2,2.2,Semi-exposed
2014_WHITSUNDAY_DB1_5,20/09/2014,2014,2014,DB1,5,7,5,6.24,2.4,2.6,Semi-exposed
2014_WHITSUNDAY_DB2_1,17/09/2014,2014,2014,DB2,1,8,7,10.2,3.4,3,Semi-exposed
2014_WHITSUNDAY_DB2_2,17/09/2014,2014,2014,DB2,2,8,7,9,3,3,Semi-exposed
2014_WHITSUNDAY_DB2_3,17/09/2014,2014,2014,DB2,3,9,7,10.24,3.2,3.2,Semi-exposed
2014_WHITSUNDAY_DB2_4,17/09/2014,2014,2014,DB2,4,9,7,12.92,3.8,3.4,Semi-exposed
2014_WHITSUNDAY_DB2_5,17/09/2014,2014,2014,DB2,5,8,6,6.72,2.4,2.8,Semi-exposed
2014_WHITSUNDAY_ESK1_1,17/09/2014,2014,2014,ESK1,1,6,6,10.2,3,3.4,Exposed
2014_WHITSUNDAY_ESK1_2,17/09/2014,2014,2014,ESK1,2,6,8,15.2,3.8,4,Exposed
2014_WHITSUNDAY_ESK1_3,17/09/2014,2014,2014,ESK1,3,6,8,17.6,4,4.4,Exposed
2014_WHITSUNDAY_ESK1_4,17/09/2014,2014,2014,ESK1,4,7,7,10.88,3.2,3.4,Exposed
2014_WHITSUNDAY_ESK1_5,17/09/2014,2014,2014,ESK1,5,7,7,9,3,3,Exposed
2014_WHITSUNDAY_HG1_1,24/09/2014,2014,2014,HG1,1,7,7,17.6,4,4.4,Semi-exposed
2014_WHITSUNDAY_HG1_2,24/09/2014,2014,2014,HG1,2,7,8,18.4,4,4.6,Semi-exposed
2014_WHITSUNDAY_HG1_3,24/09/2014,2014,2014,HG1,3,7,7,20.24,4.4,4.6,Semi-exposed
2014_WHITSUNDAY_HG1_4,24/09/2014,2014,2014,HG1,4,8,7,15.96,3.8,4.2,Semi-exposed
2014_WHITSUNDAY_HG1_5,24/09/2014,2014,2014,HG1,5,7,7,17.6,4,4.4,Semi-exposed
2014_WHITSUNDAY_HG2_1,24/09/2014,2014,2014,HG2,1,10,8,16,4,4,Semi-exposed
2014_WHITSUNDAY_HG2_2,24/09/2014,2014,2014,HG2,2,10,7,17.6,4,4.4,Semi-exposed
2014_WHITSUNDAY_HG2_3,24/09/2014,2014,2014,HG2,3,12,8,15.96,3.8,4.2,Semi-exposed
2014_WHITSUNDAY_HG2_4,24/09/2014,2014,2014,HG2,4,8,7,16.8,4,4.2,Semi-exposed
2014_WHITSUNDAY_HG2_5,24/09/2014,2014,2014,HG2,5,10,8,12.92,3.4,3.8,Semi-exposed
2014_WHITSUNDAY_HG3_1,24/09/2014,2014,2014,HG3,1,7,8,16,4,4,Semi-exposed
2014_WHITSUNDAY_HG3_2,24/09/2014,2014,2014,HG3,2,7,8,25,5,5,Semi-exposed
2014_WHITSUNDAY_HG3_3,24/09/2014,2014,2014,HG3,3,8,9,21.16,4.6,4.6,Semi-exposed
2014_WHITSUNDAY_HG3_4,24/09/2014,2014,2014,HG3,4,7,8,20.24,4.4,4.6,Semi-exposed
2014_WHITSUNDAY_HG3_5,24/09/2014,2014,2014,HG3,5,7,8,12.96,3.6,3.6,Semi-exposed
2014_WHITSUNDAY_HG4_1,23/09/2014,2014,2014,HG4,1,7,7,10.2,3,3.4,Semi-exposed
2014_WHITSUNDAY_HG4_2,23/09/2014,2014,2014,HG4,2,8,6,16.72,3.8,4.4,Semi-exposed
2014_WHITSUNDAY_HG4_3,23/09/2014,2014,2014,HG4,3,7,7,19.36,4.4,4.4,Semi-exposed
2014_WHITSUNDAY_HG4_4,23/09/2014,2014,2014,HG4,4,7,8,9,3,3,Semi-exposed
2014_WHITSUNDAY_HG4_5,23/09/2014,2014,2014,HG4,5,7,8,11.52,3.2,3.6,Semi-exposed
2014_WHITSUNDAY_HG5_1,23/09/2014,2014,2014,HG5,1,7,7,23.04,4.8,4.8,Semi-exposed
2014_WHITSUNDAY_HG5_2,23/09/2014,2014,2014,HG5,2,7,7,21.12,4.8,4.4,Semi-exposed
2014_WHITSUNDAY_HG5_3,23/09/2014,2014,2014,HG5,3,7,7,15.2,4,3.8,Semi-exposed
2014_WHITSUNDAY_HG5_4,23/09/2014,2014,2014,HG5,4,7,7,21.16,4.6,4.6,Semi-exposed
2014_WHITSUNDAY_HG5_5,23/09/2014,2014,2014,HG5,5,7,8,12.92,3.4,3.8,Semi-exposed
2014_WHITSUNDAY_HG6_1,23/09/2014,2014,2014,HG6,1,10,8,19.32,4.2,4.6,Semi-exposed
2014_WHITSUNDAY_HG6_2,23/09/2014,2014,2014,HG6,2,10,8,22.08,4.8,4.6,Semi-exposed
2014_WHITSUNDAY_HG6_3,23/09/2014,2014,2014,HG6,3,10,8,24,5,4.8,Semi-exposed
2014_WHITSUNDAY_HG6_4,23/09/2014,2014,2014,HG6,4,8,7,9,3,3,Semi-exposed
2014_WHITSUNDAY_HG6_5,23/09/2014,2014,2014,HG6,5,8,8,11.44,4.4,2.6,Semi-exposed
2014_WHITSUNDAY_HG7_1,15/09/2014,2014,2014,HG7,1,8,7,15.96,3.8,4.2,Exposed
2014_WHITSUNDAY_HG7_2,15/09/2014,2014,2014,HG7,2,8,8,16.8,4,4.2,Exposed
2014_WHITSUNDAY_HG7_3,15/09/2014,2014,2014,HG7,3,8,8,15.96,3.8,4.2,Exposed
2014_WHITSUNDAY_HG7_4,15/09/2014,2014,2014,HG7,4,8,7,15.96,3.8,4.2,Exposed
2014_WHITSUNDAY_HG7_5,15/09/2014,2014,2014,HG7,5,8,8,14.44,3.8,3.8,Exposed
2014_WHITSUNDAY_HW1_1,25/09/2014,2014,2014,HW1,1,7,8,19.36,4.4,4.4,Sheltered
2014_WHITSUNDAY_HW1_2,25/09/2014,2014,2014,HW1,2,7,7,15.12,3.6,4.2,Sheltered
2014_WHITSUNDAY_HW1_3,25/09/2014,2014,2014,HW1,3,7,8,18.48,4.2,4.4,Sheltered
2014_WHITSUNDAY_HW1_4,25/09/2014,2014,2014,HW1,4,7,7,12,3,4,Sheltered
2014_WHITSUNDAY_HW1_5,25/09/2014,2014,2014,HW1,5,8,8,14.96,3.4,4.4,Sheltered
2014_WHITSUNDAY_HW2_1,25/09/2014,2014,2014,HW2,1,8,6,10.8,3,3.6,Sheltered
2014_WHITSUNDAY_HW2_2,25/09/2014,2014,2014,HW2,2,10,7,16.72,3.8,4.4,Sheltered
2014_WHITSUNDAY_HW2_3,25/09/2014,2014,2014,HW2,3,10,7,14.28,3.4,4.2,Sheltered
2014_WHITSUNDAY_HW2_4,25/09/2014,2014,2014,HW2,4,8,5,8.4,2.8,3,Sheltered
2014_WHITSUNDAY_HW2_5,25/09/2014,2014,2014,HW2,5,8,6,11.52,3.2,3.6,Sheltered
2014_WHITSUNDAY_HW3_1,25/09/2014,2014,2014,HW3,1,10,7,20.24,4.4,4.6,Sheltered
2014_WHITSUNDAY_HW3_2,25/09/2014,2014,2014,HW3,2,8,8,12.16,3.2,3.8,Sheltered
2014_WHITSUNDAY_HW3_3,25/09/2014,2014,2014,HW3,3,10,8,14.96,3.4,4.4,Sheltered
2014_WHITSUNDAY_HW3_4,25/09/2014,2014,2014,HW3,4,10,8,15.12,3.6,4.2,Sheltered
2014_WHITSUNDAY_HW3_5,25/09/2014,2014,2014,HW3,5,8,8,21.16,4.6,4.6,Sheltered
2014_WHITSUNDAY_L1_1,14/09/2014,2014,2014,L1,1,6,7,12.8,3.2,4,Sheltered
2014_WHITSUNDAY_L1_2,14/09/2014,2014,2014,L1,2,5,7,10.24,3.2,3.2,Sheltered
2014_WHITSUNDAY_L1_3,14/09/2014,2014,2014,L1,3,5,8,7.8,2.6,3,Sheltered
2014_WHITSUNDAY_L1_4,14/09/2014,2014,2014,L1,4,6,7,13.6,3.4,4,Sheltered
2014_WHITSUNDAY_L1_5,14/09/2014,2014,2014,L1,5,6,8,16,4,4,Sheltered
2014_WHITSUNDAY_DE1_1,19/09/2014,2014,2014,DE1,1,8,8,7.84,2.8,2.8,Exposed
2014_WHITSUNDAY_DE1_2,19/09/2014,2014,2014,DE1,2,7,8,7.8,3,2.6,Exposed
2014_WHITSUNDAY_DE1_3,19/09/2014,2014,2014,DE1,3,8,8,7.28,2.8,2.6,Exposed
2014_WHITSUNDAY_DE1_4,19/09/2014,2014,2014,DE1,4,7,8,13.6,4,3.4,Exposed
2014_WHITSUNDAY_DE1_5,19/09/2014,2014,2014,DE1,5,8,9,17.6,4,4.4,Exposed
2014_WHITSUNDAY_HE1_1,15/09/2014,2014,2014,HE1,1,8,6,15.2,3.8,4,Exposed
2014_WHITSUNDAY_HE1_2,15/09/2014,2014,2014,HE1,2,8,7,12.96,3.6,3.6,Exposed
2014_WHITSUNDAY_HE1_3,15/09/2014,2014,2014,HE1,3,8,6,10.88,3.4,3.2,Exposed
2014_WHITSUNDAY_HE1_4,15/09/2014,2014,2014,HE1,4,8,9,16.8,4,4.2,Exposed
2014_WHITSUNDAY_HE1_5,15/09/2014,2014,2014,HE1,5,8,8,18.48,4.4,4.2,Exposed
2014_WHITSUNDAY_HE2_1,11/09/2014,2014,2014,HE2,1,5,8,25,5,5,Exposed
2014_WHITSUNDAY_HE2_2,11/09/2014,2014,2014,HE2,2,5,8,25,5,5,Exposed
2014_WHITSUNDAY_HE2_3,11/09/2014,2014,2014,HE2,3,5,7,24,5,4.8,Exposed
2014_WHITSUNDAY_HE2_4,11/09/2014,2014,2014,HE2,4,6,7,22.08,4.8,4.6,Exposed
2014_WHITSUNDAY_HE2_5,11/09/2014,2014,2014,HE2,5,6,7,17.48,4.6,3.8,Exposed
2014_WHITSUNDAY_HE3_1,15/09/2014,2014,2014,HE3,1,7,7,15.84,3.6,4.4,Exposed
2014_WHITSUNDAY_HE3_2,15/09/2014,2014,2014,HE3,2,8,8,13.6,3.4,4,Exposed
2014_WHITSUNDAY_HE3_3,15/09/2014,2014,2014,HE3,3,10,8,16,4,4,Exposed
2014_WHITSUNDAY_HE3_4,15/09/2014,2014,2014,HE3,4,8,7,13.68,3.6,3.8,Exposed
2014_WHITSUNDAY_HE3_5,15/09/2014,2014,2014,HE3,5,7,7,11.52,3.2,3.6,Exposed
2014_WHITSUNDAY_HY1_1,26/09/2014,2014,2014,HY1,1,7,7,25,5,5,Semi-exposed
2014_WHITSUNDAY_HY1_2,26/09/2014,2014,2014,HY1,2,7,7,23.04,4.8,4.8,Semi-exposed
2014_WHITSUNDAY_HY1_3,26/09/2014,2014,2014,HY1,3,7,7,16.8,4.2,4,Semi-exposed
2014_WHITSUNDAY_HY1_4,26/09/2014,2014,2014,HY1,4,7,7,24,5,4.8,Semi-exposed
2014_WHITSUNDAY_HY1_5,26/09/2014,2014,2014,HY1,5,6,7,24,5,4.8,Semi-exposed
2014_WHITSUNDAY_HY2_1,22/09/2014,2014,2014,HY2,1,7,7,10.88,3.2,3.4,Semi-exposed
2014_WHITSUNDAY_HY2_2,22/09/2014,2014,2014,HY2,2,6,8,8.4,2.8,3,Semi-exposed
2014_WHITSUNDAY_HY2_3,22/09/2014,2014,2014,HY2,3,7,7,7.28,2.6,2.8,Semi-exposed
2014_WHITSUNDAY_HY2_4,22/09/2014,2014,2014,HY2,4,7,7,10.88,3.2,3.4,Semi-exposed
2014_WHITSUNDAY_HY2_5,22/09/2014,2014,2014,HY2,5,7,7,7.28,2.6,2.8,Semi-exposed
2014_WHITSUNDAY_HY3_1,14/09/2014,2014,2014,HY3,1,7,7,12.92,3.4,3.8,Sheltered
2014_WHITSUNDAY_HY3_2,14/09/2014,2014,2014,HY3,2,6,7,9.6,3,3.2,Sheltered
2014_WHITSUNDAY_HY3_3,14/09/2014,2014,2014,HY3,3,6,7,10.2,3,3.4,Sheltered
2014_WHITSUNDAY_HY3_4,14/09/2014,2014,2014,HY3,4,6,7,11.52,3.6,3.2,Sheltered
2014_WHITSUNDAY_HY3_5,14/09/2014,2014,2014,HY3,5,7,8,12.24,3.4,3.6,Sheltered
2015_KEPPEL_GK1_1,17/10/2015,2015,2015,GK1,1,7,7,8.4,3,2.8,Semi-exposed
2015_KEPPEL_GK1_2,17/10/2015,2015,2015,GK1,2,7,8,8.4,3,2.8,Semi-exposed
2015_KEPPEL_GK1_3,17/10/2015,2015,2015,GK1,3,7,5,2.88,1.8,1.6,Semi-exposed
2015_KEPPEL_GK1_4,17/10/2015,2015,2015,GK1,4,7,8,7.84,2.8,2.8,Semi-exposed
2015_KEPPEL_GK1_5,17/10/2015,2015,2015,GK1,5,7,10,0,0,2.6,Semi-exposed
2015_KEPPEL_GK2_1,12/10/2015,2015,2015,GK2,1,8,7,5.72,2.2,2.6,Exposed
2015_KEPPEL_GK2_2,12/10/2015,2015,2015,GK2,2,8,7,4.8,2,2.4,Exposed
2015_KEPPEL_GK2_3,12/10/2015,2015,2015,GK2,3,8,8,8.64,2.4,3.6,Exposed
2015_KEPPEL_GK2_4,12/10/2015,2015,2015,GK2,4,7,7,11.56,3.4,3.4,Exposed
2015_KEPPEL_GK2_5,12/10/2015,2015,2015,GK2,5,6,8,10.88,3.2,3.4,Exposed
2015_KEPPEL_GK3_1,14/10/2015,2015,2015,GK3,1,7,8,4.4,2,2.2,Semi-exposed
2015_KEPPEL_GK3_2,14/10/2015,2015,2015,GK3,2,7,7,4,2,2,Semi-exposed
2015_KEPPEL_GK3_3,14/10/2015,2015,2015,GK3,3,7,7,3.96,1.8,2.2,Semi-exposed
2015_KEPPEL_GK3_4,14/10/2015,2015,2015,GK3,4,7,7,4.84,2.2,2.2,Semi-exposed
2015_KEPPEL_GK3_5,14/10/2015,2015,2015,GK3,5,7,7,5.28,2.2,2.4,Semi-exposed
2015_KEPPEL_GK4_1,12/10/2015,2015,2015,GK4,1,5,7,6.72,2.4,2.8,Exposed
2015_KEPPEL_GK4_2,12/10/2015,2015,2015,GK4,2,5,7,5.76,2.4,2.4,Exposed
2015_KEPPEL_GK4_3,12/10/2015,2015,2015,GK4,3,5,7,5.28,2.2,2.4,Exposed
2015_KEPPEL_GK4_4,12/10/2015,2015,2015,GK4,4,5,6,5.72,2.2,2.6,Exposed
2015_KEPPEL_GK4_5,12/10/2015,2015,2015,GK4,5,5,6,5.72,2.2,2.6,Exposed
2015_KEPPEL_GK7_1,20/10/2015,2015,2015,GK7,1,7,6,4.4,2,2.2,Exposed
2015_KEPPEL_GK7_2,20/10/2015,2015,2015,GK7,2,7,6,4.4,2.2,2,Exposed
2015_KEPPEL_GK7_3,20/10/2015,2015,2015,GK7,3,6,5,3.52,1.6,2.2,Exposed
2015_KEPPEL_GK7_4,20/10/2015,2015,2015,GK7,4,6,7,3.6,1.8,2,Exposed
2015_KEPPEL_GK7_5,20/10/2015,2015,2015,GK7,5,6,7,2.88,1.6,1.8,Exposed
2015_KEPPEL_GK8_1,14/10/2015,2015,2015,GK8,1,7,4,4.32,1.8,2.4,Semi-exposed
2015_KEPPEL_GK8_2,14/10/2015,2015,2015,GK8,2,7,4,1.96,1.4,1.4,Semi-exposed
2015_KEPPEL_GK8_3,14/10/2015,2015,2015,GK8,3,7,5,4.84,2.2,2.2,Semi-exposed
2015_KEPPEL_GK8_4,14/10/2015,2015,2015,GK8,4,7,3,4.84,2.2,2.2,Semi-exposed
2015_KEPPEL_GK8_5,14/10/2015,2015,2015,GK8,5,7,3,7.2,2.4,3,Semi-exposed
2015_KEPPEL_H3_1,15/10/2015,2015,2015,H3,1,7,7,2.88,1.6,1.8,Sheltered
2015_KEPPEL_H3_2,15/10/2015,2015,2015,H3,2,7,7,3.6,1.8,2,Sheltered
2015_KEPPEL_H3_3,15/10/2015,2015,2015,H3,3,7,7,5.2,2.6,2,Sheltered
2015_KEPPEL_H3_4,15/10/2015,2015,2015,H3,4,6,6,3.2,1.6,2,Sheltered
2015_KEPPEL_H3_5,15/10/2015,2015,2015,H3,5,6,6,3.6,1.8,2,Sheltered
2015_KEPPEL_MI1_1,17/10/2015,2015,2015,MI1,1,5,9,3.08,2.2,1.4,Semi-exposed
2015_KEPPEL_MI1_2,17/10/2015,2015,2015,MI1,2,5,9,6.72,2.4,2.8,Semi-exposed
2015_KEPPEL_MI1_3,17/10/2015,2015,2015,MI1,3,5,9,6.72,2.4,2.8,Semi-exposed
2015_KEPPEL_MI1_4,17/10/2015,2015,2015,MI1,4,5,8,2.56,1.6,1.6,Semi-exposed
2015_KEPPEL_MI1_5,17/10/2015,2015,2015,MI1,5,5,8,3.6,2,1.8,Semi-exposed
2015_KEPPEL_MI2_1,17/10/2015,2015,2015,MI2,1,6,10,4.8,2.4,2,Exposed
2015_KEPPEL_MI2_2,17/10/2015,2015,2015,MI2,2,6,8,5.2,2.6,2,Exposed
2015_KEPPEL_MI2_3,17/10/2015,2015,2015,MI2,3,6,8,5.28,2.4,2.2,Exposed
2015_KEPPEL_MI2_4,17/10/2015,2015,2015,MI2,4,6,9,7.8,3,2.6,Exposed
2015_KEPPEL_MI2_5,17/10/2015,2015,2015,MI2,5,6,9,6.6,3,2.2,Exposed
2015_KEPPEL_MW1_1,13/10/2015,2015,2015,MW1,1,8,8,4.4,2,2.2,Exposed
2015_KEPPEL_MW1_2,13/10/2015,2015,2015,MW1,2,8,7,7.28,2.6,2.8,Exposed
2015_KEPPEL_MW1_3,13/10/2015,2015,2015,MW1,3,8,8,9,3,3,Exposed
2015_KEPPEL_MW1_4,13/10/2015,2015,2015,MW1,4,8,8,4,2,2,Exposed
2015_KEPPEL_MW1_5,13/10/2015,2015,2015,MW1,5,8,6,4,2,2,Exposed
2015_KEPPEL_NK2_1,22/10/2015,2015,2015,NK2,1,6,5,5.6,2,2.8,Sheltered
2015_KEPPEL_NK2_2,22/10/2015,2015,2015,NK2,2,6,4,4.8,2,2.4,Sheltered
2015_KEPPEL_NK2_3,22/10/2015,2015,2015,NK2,3,6,4,4.16,1.6,2.6,Sheltered
2015_KEPPEL_NK2_4,22/10/2015,2015,2015,NK2,4,5,5,4.8,2,2.4,Sheltered
2015_KEPPEL_NK2_5,22/10/2015,2015,2015,NK2,5,5,5,3.2,1.6,2,Sheltered
2015_KEPPEL_NK3_1,22/10/2015,2015,2015,NK3,1,6,4,4.4,2,2.2,Semi-exposed
2015_KEPPEL_NK3_2,22/10/2015,2015,2015,NK3,2,6,4,6,2,3,Semi-exposed
2015_KEPPEL_NK3_3,22/10/2015,2015,2015,NK3,3,6,4,5.4,1.8,3,Semi-exposed
2015_KEPPEL_NK3_4,22/10/2015,2015,2015,NK3,4,6,3,3.24,1.8,1.8,Semi-exposed
2015_KEPPEL_NK3_5,22/10/2015,2015,2015,NK3,5,6,4,4.8,2,2.4,Semi-exposed
2015_KEPPEL_NK8_1,21/10/2015,2015,2015,NK8,1,6,7,5.72,2.2,2.6,Exposed
2015_KEPPEL_NK8_2,21/10/2015,2015,2015,NK8,2,6,8,6.6,2.2,3,Exposed
2015_KEPPEL_NK8_3,21/10/2015,2015,2015,NK8,3,6,8,7.8,2.6,3,Exposed
2015_KEPPEL_NK8_4,21/10/2015,2015,2015,NK8,4,6,8,9,3,3,Exposed
2015_KEPPEL_NK8_5,21/10/2015,2015,2015,NK8,5,6,8,8.4,2.8,3,Exposed
2015_KEPPEL_BA1_1,12/10/2015,2015,2015,BA1,1,10,9,9,3,3,Exposed
2015_KEPPEL_BA1_2,12/10/2015,2015,2015,BA1,2,10,9,9,3,3,Exposed
2015_KEPPEL_BA1_3,12/10/2015,2015,2015,BA1,3,10,9,7.8,2.6,3,Exposed
2015_KEPPEL_BA1_4,12/10/2015,2015,2015,BA1,4,10,8,9,3,3,Exposed
2015_KEPPEL_BA1_5,12/10/2015,2015,2015,BA1,5,10,8,10.88,3.2,3.4,Exposed
2015_KEPPEL_BA2_1,13/10/2015,2015,2015,BA2,1,10,9,3.6,1.8,2,Semi-exposed
2015_KEPPEL_BA2_2,13/10/2015,2015,2015,BA2,2,10,9,3.52,1.6,2.2,Semi-exposed
2015_KEPPEL_BA2_3,13/10/2015,2015,2015,BA2,3,10,10,2.8,1.4,2,Semi-exposed
2015_KEPPEL_BA2_4,13/10/2015,2015,2015,BA2,4,10,9,6.16,2.2,2.8,Semi-exposed
2015_KEPPEL_BA2_5,13/10/2015,2015,2015,BA2,5,10,9,5.28,2.2,2.4,Semi-exposed
2015_KEPPEL_EGG1_1,13/10/2015,2015,2015,EGG1,1,10,17,3.92,1.4,2.8,Exposed
2015_KEPPEL_EGG1_2,13/10/2015,2015,2015,EGG1,2,10,16,5.4,1.8,3,Exposed
2015_KEPPEL_EGG1_3,13/10/2015,2015,2015,EGG1,3,10,14,11.52,3.6,3.2,Exposed
2015_KEPPEL_EGG1_4,13/10/2015,2015,2015,EGG1,4,12,13,19.2,4.8,4,Exposed
2015_KEPPEL_EGG1_5,13/10/2015,2015,2015,EGG1,5,10,12,19.2,4.8,4,Exposed
2015_KEPPEL_GK5_1,15/10/2015,2015,2015,GK5,1,8,10,5.4,3,1.8,Semi-exposed
2015_KEPPEL_GK5_2,15/10/2015,2015,2015,GK5,2,8,9,5.4,3,1.8,Semi-exposed
2015_KEPPEL_GK5_3,15/10/2015,2015,2015,GK5,3,8,9,5.4,3,1.8,Semi-exposed
2015_KEPPEL_GK5_4,15/10/2015,2015,2015,GK5,4,8,9,4.8,3,1.6,Semi-exposed
2015_KEPPEL_GK5_5,15/10/2015,2015,2015,GK5,5,8,8,5.44,3.4,1.6,Semi-exposed
2015_KEPPEL_GK6_1,11/10/2015,2015,2015,GK6,1,4,8,3.2,2,1.6,Semi-exposed
2015_KEPPEL_GK6_2,11/10/2015,2015,2015,GK6,2,4,7,2.88,1.8,1.6,Semi-exposed
2015_KEPPEL_GK6_3,11/10/2015,2015,2015,GK6,3,3,7,2.56,1.6,1.6,Semi-exposed
2015_KEPPEL_GK6_4,11/10/2015,2015,2015,GK6,4,4,8,4,2,2,Semi-exposed
2015_KEPPEL_GK6_5,11/10/2015,2015,2015,GK6,5,4,7,3.24,1.8,1.8,Semi-exposed
2015_KEPPEL_GK9_1,20/10/2015,2015,2015,GK9,1,6,4,3.2,2,1.6,Sheltered
2015_KEPPEL_GK9_2,20/10/2015,2015,2015,GK9,2,6,4,4,2,2,Sheltered
2015_KEPPEL_GK9_3,20/10/2015,2015,2015,GK9,3,6,4,4.4,2,2.2,Sheltered
2015_KEPPEL_GK9_4,20/10/2015,2015,2015,GK9,4,6,5,3.36,1.4,2.4,Sheltered
2015_KEPPEL_GK9_5,20/10/2015,2015,2015,GK9,5,6,5,5.76,2.4,2.4,Sheltered
2015_KEPPEL_H1_1,20/10/2015,2015,2015,H1,1,6,7,5.2,2,2.6,Exposed
2015_KEPPEL_H1_2,20/10/2015,2015,2015,H1,2,6,9,5.2,2,2.6,Exposed
2015_KEPPEL_H1_3,20/10/2015,2015,2015,H1,3,6,9,5.2,2,2.6,Exposed
2015_KEPPEL_H1_4,20/10/2015,2015,2015,H1,4,6,6,5.2,2,2.6,Exposed
2015_KEPPEL_H1_5,20/10/2015,2015,2015,H1,5,6,6,5.28,2.2,2.4,Exposed
2015_KEPPEL_H2_1,14/10/2015,2015,2015,H2,1,5,11,6.24,2.4,2.6,Exposed
2015_KEPPEL_H2_2,14/10/2015,2015,2015,H2,2,6,11,5.76,2.4,2.4,Exposed
2015_KEPPEL_H2_3,14/10/2015,2015,2015,H2,3,6,11,4.4,2,2.2,Exposed
2015_KEPPEL_H2_4,14/10/2015,2015,2015,H2,4,7,11,7.8,2.6,3,Exposed
2015_KEPPEL_H2_5,14/10/2015,2015,2015,H2,5,7,11,7.8,2.6,3,Exposed
2015_KEPPEL_M1_1,18/10/2015,2015,2015,M1,1,7,4,3.2,2,1.6,Sheltered
2015_KEPPEL_M1_2,18/10/2015,2015,2015,M1,2,7,4,2.8,2,1.4,Sheltered
2015_KEPPEL_M1_3,18/10/2015,2015,2015,M1,3,6,4,2.52,1.8,1.4,Sheltered
2015_KEPPEL_M1_4,18/10/2015,2015,2015,M1,4,7,5,2.8,2,1.4,Sheltered
2015_KEPPEL_M1_5,18/10/2015,2015,2015,M1,5,7,5,4,2,2,Sheltered
2015_KEPPEL_M2_1,18/10/2015,2015,2015,M2,1,7,4,4.48,2.8,1.6,Semi-exposed
2015_KEPPEL_M2_2,18/10/2015,2015,2015,M2,2,7,4,4.32,2.4,1.8,Semi-exposed
2015_KEPPEL_M2_3,18/10/2015,2015,2015,M2,3,7,4,3.96,2.2,1.8,Semi-exposed
2015_KEPPEL_M2_4,18/10/2015,2015,2015,M2,4,7,5,4.68,2.6,1.8,Semi-exposed
2015_KEPPEL_M2_5,18/10/2015,2015,2015,M2,5,6,5,3.84,2.4,1.6,Semi-exposed
2015_KEPPEL_M3_1,18/10/2015,2015,2015,M3,1,7,7,4.4,2,2.2,Semi-exposed
2015_KEPPEL_M3_2,18/10/2015,2015,2015,M3,2,6,7,3.2,2,1.6,Semi-exposed
2015_KEPPEL_M3_3,18/10/2015,2015,2015,M3,3,5,6,1.92,1.6,1.2,Semi-exposed
2015_KEPPEL_M3_4,18/10/2015,2015,2015,M3,4,6,5,5.2,2,2.6,Semi-exposed
2015_KEPPEL_M3_5,18/10/2015,2015,2015,M3,5,6,5,5.2,2,2.6,Semi-exposed
2015_KEPPEL_M4_1,23/10/2015,2015,2015,M4,1,7,4,3.2,2,1.6,Sheltered
2015_KEPPEL_M4_2,23/10/2015,2015,2015,M4,2,7,3,5.76,2.4,2.4,Sheltered
2015_KEPPEL_M4_3,23/10/2015,2015,2015,M4,3,7,4,5.28,2.2,2.4,Sheltered
2015_KEPPEL_M4_4,23/10/2015,2015,2015,M4,4,7,4,4,2,2,Sheltered
2015_KEPPEL_M4_5,23/10/2015,2015,2015,M4,5,7,3,7.28,2.6,2.8,Sheltered
2015_KEPPEL_NK1_1,21/10/2015,2015,2015,NK1,1,6,4,1.68,1.4,1.2,Sheltered
2015_KEPPEL_NK1_2,21/10/2015,2015,2015,NK1,2,6,4,2.24,1.4,1.6,Sheltered
2015_KEPPEL_NK1_3,21/10/2015,2015,2015,NK1,3,6,4,1.92,1.2,1.6,Sheltered
2015_KEPPEL_NK1_4,21/10/2015,2015,2015,NK1,4,6,4,1.96,1.4,1.4,Sheltered
2015_KEPPEL_NK1_5,21/10/2015,2015,2015,NK1,5,6,4,1.4,1,1.4,Sheltered
2015_KEPPEL_NK5_1,21/10/2015,2015,2015,NK5,1,5,7,7.2,2.4,3,Exposed
2015_KEPPEL_NK5_2,21/10/2015,2015,2015,NK5,2,5,8,10.8,3,3.6,Exposed
2015_KEPPEL_NK5_3,21/10/2015,2015,2015,NK5,3,5,8,10.8,3,3.6,Exposed
2015_KEPPEL_NK5_4,21/10/2015,2015,2015,NK5,4,5,7,5.6,2,2.8,Exposed
2015_KEPPEL_NK5_5,21/10/2015,2015,2015,NK5,5,5,6,10.88,3.2,3.4,Exposed
2015_KEPPEL_HU1_1,15/10/2015,2015,2015,HU1,1,6,5,3.2,2,1.6,Sheltered
2015_KEPPEL_HU1_2,15/10/2015,2015,2015,HU1,2,5,6,3.96,2.2,1.8,Sheltered
2015_KEPPEL_HU1_3,15/10/2015,2015,2015,HU1,3,5,6,3.2,2,1.6,Sheltered
2015_KEPPEL_HU1_4,15/10/2015,2015,2015,HU1,4,6,5,2.8,2,1.4,Sheltered
2015_KEPPEL_HU1_5,15/10/2015,2015,2015,HU1,5,6,6,5.28,2.4,2.2,Sheltered
2015_KEPPEL_HU2_1,23/10/2015,2015,2015,HU2,1,10,7,3.6,2,1.8,Exposed
2015_KEPPEL_HU2_2,23/10/2015,2015,2015,HU2,2,10,8,4.8,2,2.4,Exposed
2015_KEPPEL_HU2_3,23/10/2015,2015,2015,HU2,3,10,9,8.96,2.8,3.2,Exposed
2015_KEPPEL_HU2_4,23/10/2015,2015,2015,HU2,4,10,8,6.16,2.2,2.8,Exposed
2015_KEPPEL_HU2_5,23/10/2015,2015,2015,HU2,5,10,9,8.16,2.4,3.4,Exposed
2015_KEPPEL_OR1_1,22/10/2015,2015,2015,OR1,1,10,9,5.6,2,2.8,Semi-exposed
2015_KEPPEL_OR1_2,22/10/2015,2015,2015,OR1,2,10,10,3.36,1.4,2.4,Semi-exposed
2015_KEPPEL_OR1_3,22/10/2015,2015,2015,OR1,3,10,9,5.4,1.8,3,Semi-exposed
2015_KEPPEL_OR1_4,22/10/2015,2015,2015,OR1,4,10,9,6.72,2.4,2.8,Semi-exposed
2015_KEPPEL_OR1_5,22/10/2015,2015,2015,OR1,5,10,10,8.96,2.8,3.2,Semi-exposed
2016_PALM_C4_1,18/08/2016,2016,2016,C4,1,6,9,6.4,2,3.2,Semi-exposed
2016_PALM_C4_2,18/08/2016,2016,2016,C4,2,6,10,11.4,3,3.8,Semi-exposed
2016_PALM_C4_3,18/08/2016,2016,2016,C4,3,6,10,9.52,2.8,3.4,Semi-exposed
2016_PALM_C4_4,18/08/2016,2016,2016,C4,4,6,9,4.4,2,2.2,Semi-exposed
2016_PALM_C4_5,18/08/2016,2016,2016,C4,5,6,10,4.4,2,2.2,Semi-exposed
2016_PALM_C5_1,13/08/2016,2016,2016,C5,1,7,8,4,2,2,Semi-exposed
2016_PALM_C5_2,13/08/2016,2016,2016,C5,2,6,8,3.6,1.8,2,Semi-exposed
2016_PALM_C5_3,13/08/2016,2016,2016,C5,3,7,8,3.52,1.6,2.2,Semi-exposed
2016_PALM_C5_4,13/08/2016,2016,2016,C5,4,6,7,3.6,2,1.8,Semi-exposed
2016_PALM_C5_5,13/08/2016,2016,2016,C5,5,6,7,2.88,1.8,1.6,Semi-exposed
2016_PALM_C6_1,13/08/2016,2016,2016,C6,1,7,8,3.96,2.2,1.8,Sheltered
2016_PALM_C6_2,13/08/2016,2016,2016,C6,2,6,8,3.6,2,1.8,Sheltered
2016_PALM_C6_3,13/08/2016,2016,2016,C6,3,7,8,3.6,2,1.8,Sheltered
2016_PALM_C6_4,13/08/2016,2016,2016,C6,4,7,8,5.28,2.4,2.2,Sheltered
2016_PALM_C6_5,13/08/2016,2016,2016,C6,5,7,7,6.76,2.6,2.6,Sheltered
2016_PALM_PE1_1,22/08/2016,2016,2016,PE1,1,9,9,7.8,3,2.6,Exposed
2016_PALM_PE1_2,22/08/2016,2016,2016,PE1,2,9,9,7.8,3,2.6,Exposed
2016_PALM_PE1_3,22/08/2016,2016,2016,PE1,3,9,10,10.88,3.2,3.4,Exposed
2016_PALM_PE1_4,22/08/2016,2016,2016,PE1,4,10,9,6.24,2.4,2.6,Exposed
2016_PALM_PE1_5,22/08/2016,2016,2016,PE1,5,10,8,6.24,2.4,2.6,Exposed
2016_PALM_PE2_1,22/08/2016,2016,2016,PE2,1,12,8,11.2,2.8,4,Exposed
2016_PALM_PE2_2,22/08/2016,2016,2016,PE2,2,12,9,12.16,3.2,3.8,Exposed
2016_PALM_PE2_3,22/08/2016,2016,2016,PE2,3,12,9,14.28,3.4,4.2,Exposed
2016_PALM_PE2_4,22/08/2016,2016,2016,PE2,4,11,8,7.48,2.2,3.4,Exposed
2016_PALM_PE2_5,22/08/2016,2016,2016,PE2,5,11,8,6,2,3,Exposed
2016_PALM_PE3_1,22/08/2016,2016,2016,PE3,1,10,9,12.8,3.2,4,Exposed
2016_PALM_PE3_2,22/08/2016,2016,2016,PE3,2,10,9,12.8,3.2,4,Exposed
2016_PALM_PE3_3,22/08/2016,2016,2016,PE3,3,10,9,17.48,3.8,4.6,Exposed
2016_PALM_PE3_4,22/08/2016,2016,2016,PE3,4,10,9,13.44,3.2,4.2,Exposed
2016_PALM_PE3_5,22/08/2016,2016,2016,PE3,5,10,8,13.6,3.4,4,Exposed
2016_PALM_PE4_1,19/08/2016,2016,2016,PE4,1,8,9,8,2,4,Exposed
2016_PALM_PE4_2,19/08/2016,2016,2016,PE4,2,8,10,8,2,4,Exposed
2016_PALM_PE4_3,19/08/2016,2016,2016,PE4,3,8,10,7.2,2,3.6,Exposed
2016_PALM_PE4_4,19/08/2016,2016,2016,PE4,4,8,8,9.36,2.6,3.6,Exposed
2016_PALM_PE4_5,19/08/2016,2016,2016,PE4,5,8,8,10.08,2.4,4.2,Exposed
2016_PALM_PE5_1,20/08/2016,2016,2016,PE5,1,10,9,11.96,2.6,4.6,Exposed
2016_PALM_PE5_2,20/08/2016,2016,2016,PE5,2,10,9,12.6,3,4.2,Exposed
2016_PALM_PE5_3,20/08/2016,2016,2016,PE5,3,10,8,12.88,2.8,4.6,Exposed
2016_PALM_PE5_4,20/08/2016,2016,2016,PE5,4,10,8,13.2,3,4.4,Exposed
2016_PALM_PE5_5,20/08/2016,2016,2016,PE5,5,10,9,11.76,2.8,4.2,Exposed
2016_PALM_PE6_1,20/08/2016,2016,2016,PE6,1,9,9,9.68,2.2,4.4,Exposed
2016_PALM_PE6_2,20/08/2016,2016,2016,PE6,2,9,10,8,2,4,Exposed
2016_PALM_PE6_3,20/08/2016,2016,2016,PE6,3,9,10,8.4,2,4.2,Exposed
2016_PALM_PE6_4,20/08/2016,2016,2016,PE6,4,10,9,8.4,2,4.2,Exposed
2016_PALM_PE6_5,20/08/2016,2016,2016,PE6,5,10,9,11.04,2.4,4.6,Exposed
2016_PALM_PS1_1,20/08/2016,2016,2016,PS1,1,7,8,7.48,3.4,2.2,Sheltered
2016_PALM_PS1_2,20/08/2016,2016,2016,PS1,2,7,7,10.2,3.4,3,Sheltered
2016_PALM_PS1_3,20/08/2016,2016,2016,PS1,3,7,7,9,3,3,Sheltered
2016_PALM_PS1_4,20/08/2016,2016,2016,PS1,4,6,8,6.8,3.4,2,Sheltered
2016_PALM_PS1_5,20/08/2016,2016,2016,PS1,5,6,7,7.92,3.6,2.2,Sheltered
2016_PALM_PS2_1,14/08/2016,2016,2016,PS2,1,7,8,4.8,2,2.4,Sheltered
2016_PALM_PS2_2,14/08/2016,2016,2016,PS2,2,7,9,5.28,2.2,2.4,Sheltered
2016_PALM_PS2_3,14/08/2016,2016,2016,PS2,3,7,8,6.16,2.2,2.8,Sheltered
2016_PALM_PS2_4,14/08/2016,2016,2016,PS2,4,7,9,4.84,2.2,2.2,Sheltered
2016_PALM_PS2_5,14/08/2016,2016,2016,PS2,5,7,8,5.28,2.2,2.4,Sheltered
2016_PALM_PS3_1,19/08/2016,2016,2016,PS3,1,6,8,7.2,3,2.4,Sheltered
2016_PALM_PS3_2,19/08/2016,2016,2016,PS3,2,6,8,9,3,3,Sheltered
2016_PALM_PS3_3,19/08/2016,2016,2016,PS3,3,6,8,6.6,3,2.2,Sheltered
2016_PALM_PS3_4,19/08/2016,2016,2016,PS3,4,6,9,9,3,3,Sheltered
2016_PALM_PS3_5,19/08/2016,2016,2016,PS3,5,6,9,7.8,2.6,3,Sheltered
2016_PALM_PS4_1,17/08/2016,2016,2016,PS4,1,4,9,4.8,2,2.4,Sheltered
2016_PALM_PS4_2,17/08/2016,2016,2016,PS4,2,4,9,5.2,2,2.6,Sheltered
2016_PALM_PS4_3,17/08/2016,2016,2016,PS4,3,4,9,6.8,2,3.4,Sheltered
2016_PALM_PS4_4,17/08/2016,2016,2016,PS4,4,4,8,4.4,2,2.2,Sheltered
2016_PALM_PS4_5,17/08/2016,2016,2016,PS4,5,4,7,4.8,2,2.4,Sheltered
2016_PALM_PS5_1,15/08/2016,2016,2016,PS5,1,5,9,12.6,3,4.2,Sheltered
2016_PALM_PS5_2,15/08/2016,2016,2016,PS5,2,5,8,10.08,2.8,3.6,Sheltered
2016_PALM_PS5_3,15/08/2016,2016,2016,PS5,3,5,7,8.96,2.8,3.2,Sheltered
2016_PALM_PS5_4,15/08/2016,2016,2016,PS5,4,6,8,7.04,2.2,3.2,Sheltered
2016_PALM_PS5_5,15/08/2016,2016,2016,PS5,5,6,8,8.64,2.4,3.6,Sheltered
2016_PALM_PS6_1,15/08/2016,2016,2016,PS6,1,5,8,7.04,2.2,3.2,Semi-exposed
2016_PALM_PS6_2,15/08/2016,2016,2016,PS6,2,5,8,8.32,2.6,3.2,Semi-exposed
2016_PALM_PS6_3,15/08/2016,2016,2016,PS6,3,4,7,9.88,2.6,3.8,Semi-exposed
2016_PALM_PS6_4,15/08/2016,2016,2016,PS6,4,5,8,8.64,2.4,3.6,Semi-exposed
2016_PALM_PS6_5,15/08/2016,2016,2016,PS6,5,4,8,12.16,3.2,3.8,Semi-exposed
2016_PALM_C1_1,21/08/2016,2016,2016,C1,1,7,8,9,3,3,Sheltered
2016_PALM_C1_2,21/08/2016,2016,2016,C1,2,7,8,7.8,3,2.6,Sheltered
2016_PALM_C1_3,21/08/2016,2016,2016,C1,3,7,8,8.96,3.2,2.8,Sheltered
2016_PALM_C1_4,21/08/2016,2016,2016,C1,4,7,8,7.2,3,2.4,Sheltered
2016_PALM_C1_5,21/08/2016,2016,2016,C1,5,7,8,6.6,3,2.2,Sheltered
2016_PALM_C2_1,21/08/2016,2016,2016,C2,1,7,7,8.4,3,2.8,Sheltered
2016_PALM_C2_2,21/08/2016,2016,2016,C2,2,7,8,8.4,3,2.8,Sheltered
2016_PALM_C2_3,21/08/2016,2016,2016,C2,3,7,8,7.2,3,2.4,Sheltered
2016_PALM_C2_4,21/08/2016,2016,2016,C2,4,6,9,7.8,3,2.6,Sheltered
2016_PALM_C2_5,21/08/2016,2016,2016,C2,5,6,9,7.2,3,2.4,Sheltered
2016_PALM_C3_1,13/08/2016,2016,2016,C3,1,7,8,5.2,2.6,2,Sheltered
2016_PALM_C3_2,13/08/2016,2016,2016,C3,2,7,9,5.28,2.4,2.2,Sheltered
2016_PALM_C3_3,13/08/2016,2016,2016,C3,3,7,8,7.84,2.8,2.8,Sheltered
2016_PALM_C3_4,13/08/2016,2016,2016,C3,4,7,8,7.28,2.6,2.8,Sheltered
2016_PALM_C3_5,13/08/2016,2016,2016,C3,5,6,8,6.24,2.6,2.4,Sheltered
2016_PALM_OE1_1,18/08/2016,2016,2016,OE1,1,4,7,6.4,2,3.2,Exposed
2016_PALM_OE1_2,18/08/2016,2016,2016,OE1,2,4,7,5.6,2,2.8,Exposed
2016_PALM_OE1_3,18/08/2016,2016,2016,OE1,3,4,7,5.6,2,2.8,Exposed
2016_PALM_OE1_4,18/08/2016,2016,2016,OE1,4,4,7,7.04,2.2,3.2,Exposed
2016_PALM_OE1_5,18/08/2016,2016,2016,OE1,5,4,7,7.68,2.4,3.2,Exposed
2016_PALM_OE2_1,18/08/2016,2016,2016,OE2,1,6,6,5.2,2,2.6,Exposed
2016_PALM_OE2_2,18/08/2016,2016,2016,OE2,2,6,7,5.76,2.4,2.4,Exposed
2016_PALM_OE2_3,18/08/2016,2016,2016,OE2,3,6,7,4.4,2,2.2,Exposed
2016_PALM_OE2_4,18/08/2016,2016,2016,OE2,4,6,8,5.6,2,2.8,Exposed
2016_PALM_OE2_5,18/08/2016,2016,2016,OE2,5,6,8,5.2,2,2.6,Exposed
2016_PALM_OE3_1,21/08/2016,2016,2016,OE3,1,9,8,5.6,2,2.8,Exposed
2016_PALM_OE3_2,21/08/2016,2016,2016,OE3,2,9,9,6.72,2.4,2.8,Exposed
2016_PALM_OE3_3,21/08/2016,2016,2016,OE3,3,9,9,7.8,3,2.6,Exposed
2016_PALM_OE3_4,21/08/2016,2016,2016,OE3,4,10,8,7.2,2.4,3,Exposed
2016_PALM_OE3_5,21/08/2016,2016,2016,OE3,5,10,7,8.84,2.6,3.4,Exposed
2016_PALM_OE4_1,23/08/2016,2016,2016,OE4,1,8,9,15.96,3.8,4.2,Exposed
2016_PALM_OE4_2,23/08/2016,2016,2016,OE4,2,8,8,15.12,3.6,4.2,Exposed
2016_PALM_OE4_3,23/08/2016,2016,2016,OE4,3,8,9,16,4,4,Exposed
2016_PALM_OE4_4,23/08/2016,2016,2016,OE4,4,9,8,16.8,4,4.2,Exposed
2016_PALM_OE4_5,23/08/2016,2016,2016,OE4,5,9,9,16,4,4,Exposed
2016_PALM_OE5_1,23/08/2016,2016,2016,OE5,1,9,7,10.8,3,3.6,Exposed
2016_PALM_OE5_2,23/08/2016,2016,2016,OE5,2,9,8,11.2,2.8,4,Exposed
2016_PALM_OE5_3,23/08/2016,2016,2016,OE5,3,9,7,11.4,3,3.8,Exposed
2016_PALM_OE5_4,23/08/2016,2016,2016,OE5,4,9,9,14.28,3.4,4.2,Exposed
2016_PALM_OE5_5,23/08/2016,2016,2016,OE5,5,9,9,11.4,3,3.8,Exposed
2016_PALM_OE6_1,23/08/2016,2016,2016,OE6,1,9,9,13.44,3.2,4.2,Exposed
2016_PALM_OE6_2,23/08/2016,2016,2016,OE6,2,9,10,14.28,3.4,4.2,Exposed
2016_PALM_OE6_3,23/08/2016,2016,2016,OE6,3,9,10,12,3,4,Exposed
2016_PALM_OE6_4,23/08/2016,2016,2016,OE6,4,8,10,13.6,3.4,4,Exposed
2016_PALM_OE6_5,23/08/2016,2016,2016,OE6,5,8,10,13.6,3.4,4,Exposed
2016_PALM_OS1_1,17/08/2016,2016,2016,OS1,1,4,8,5.2,2,2.6,Sheltered
2016_PALM_OS1_2,17/08/2016,2016,2016,OS1,2,4,8,5.6,2,2.8,Sheltered
2016_PALM_OS1_3,17/08/2016,2016,2016,OS1,3,4,8,6,2,3,Sheltered
2016_PALM_OS1_4,17/08/2016,2016,2016,OS1,4,4,8,4,2,2,Sheltered
2016_PALM_OS1_5,17/08/2016,2016,2016,OS1,5,4,8,5.2,2,2.6,Sheltered
2016_PALM_OS2_1,17/08/2016,2016,2016,OS2,1,4,8,4.4,2,2.2,Sheltered
2016_PALM_OS2_2,17/08/2016,2016,2016,OS2,2,4,8,6.72,2.8,2.4,Sheltered
2016_PALM_OS2_3,17/08/2016,2016,2016,OS2,3,4,9,9.6,3,3.2,Sheltered
2016_PALM_OS2_4,17/08/2016,2016,2016,OS2,4,4,7,4.4,2,2.2,Sheltered
2016_PALM_OS2_5,17/08/2016,2016,2016,OS2,5,4,8,4.84,2.2,2.2,Sheltered
2016_PALM_OS3_1,15/08/2016,2016,2016,OS3,1,4,8,4,2,2,Sheltered
2016_PALM_OS3_2,15/08/2016,2016,2016,OS3,2,5,8,4.4,2,2.2,Sheltered
2016_PALM_OS3_3,15/08/2016,2016,2016,OS3,3,5,8,4.4,2,2.2,Sheltered
2016_PALM_OS3_4,15/08/2016,2016,2016,OS3,4,5,8,4.4,2,2.2,Sheltered
2016_PALM_OS3_5,15/08/2016,2016,2016,OS3,5,5,7,5.6,2,2.8,Sheltered
2016_PALM_OS4_1,14/08/2016,2016,2016,OS4,1,5,6,2,1,2,Sheltered
2016_PALM_OS4_2,14/08/2016,2016,2016,OS4,2,5,7,2,1,2,Sheltered
2016_PALM_OS4_3,14/08/2016,2016,2016,OS4,3,5,7,2,1,2,Sheltered
2016_PALM_OS4_4,14/08/2016,2016,2016,OS4,4,5,7,2.4,1,2.4,Sheltered
2016_PALM_OS4_5,14/08/2016,2016,2016,OS4,5,5,7,2.4,1,2.4,Sheltered
2016_PALM_OS5_1,14/08/2016,2016,2016,OS5,1,6,8,9.6,3,3.2,Sheltered
2016_PALM_OS5_2,14/08/2016,2016,2016,OS5,2,6,8,5.72,2.2,2.6,Sheltered
2016_PALM_OS5_3,14/08/2016,2016,2016,OS5,3,6,9,5.2,2,2.6,Sheltered
2016_PALM_OS5_4,14/08/2016,2016,2016,OS5,4,7,8,7.8,2.6,3,Sheltered
2016_PALM_OS5_5,14/08/2016,2016,2016,OS5,5,7,8,6.72,2.8,2.4,Sheltered
2016_PALM_OS6_1,23/08/2016,2016,2016,OS6,1,9,7,2,1,2,Semi-exposed
2016_PALM_OS6_2,23/08/2016,2016,2016,OS6,2,9,7,1.6,1,1.6,Semi-exposed
2016_PALM_OS6_3,23/08/2016,2016,2016,OS6,3,9,6,1.8,1,1.8,Semi-exposed
2016_PALM_OS6_4,23/08/2016,2016,2016,OS6,4,9,6,2.2,1,2.2,Semi-exposed
2016_PALM_OS6_5,23/08/2016,2016,2016,OS6,5,9,6,2.4,1,2.4,Semi-exposed
2016_WHITSUNDAY_HB1_1,25/09/2016,2016,2016,HB1,1,6,5,14.44,3.8,3.8,Exposed
2016_WHITSUNDAY_HB1_2,25/09/2016,2016,2016,HB1,2,5,6,12.24,3.6,3.4,Exposed
2016_WHITSUNDAY_HB1_3,25/09/2016,2016,2016,HB1,3,5,6,8.4,2.8,3,Exposed
2016_WHITSUNDAY_HB1_4,25/09/2016,2016,2016,HB1,4,5,5,16,4,4,Exposed
2016_WHITSUNDAY_HB1_5,25/09/2016,2016,2016,HB1,5,4,5,14.4,4,3.6,Exposed
2016_WHITSUNDAY_HB2_1,25/09/2016,2016,2016,HB2,1,6,8,25,5,5,Exposed
2016_WHITSUNDAY_HB2_2,25/09/2016,2016,2016,HB2,2,6,8,25,5,5,Exposed
2016_WHITSUNDAY_HB2_3,25/09/2016,2016,2016,HB2,3,6,8,25,5,5,Exposed
2016_WHITSUNDAY_HB2_4,25/09/2016,2016,2016,HB2,4,6,8,23.04,4.8,4.8,Exposed
2016_WHITSUNDAY_HB2_5,25/09/2016,2016,2016,HB2,5,6,8,24,5,4.8,Exposed
2016_WHITSUNDAY_HB3_1,18/09/2016,2016,2016,HB3,1,7,6,8.96,2.8,3.2,Sheltered
2016_WHITSUNDAY_HB3_2,18/09/2016,2016,2016,HB3,2,7,6,9.6,3,3.2,Sheltered
2016_WHITSUNDAY_HB3_3,18/09/2016,2016,2016,HB3,3,6,7,8.32,2.6,3.2,Sheltered
2016_WHITSUNDAY_HB3_4,18/09/2016,2016,2016,HB3,4,7,6,16.8,4,4.2,Sheltered
2016_WHITSUNDAY_HB3_5,18/09/2016,2016,2016,HB3,5,7,5,16.8,4,4.2,Sheltered
2016_WHITSUNDAY_HB4_1,18/09/2016,2016,2016,HB4,1,6,8,23,5,4.6,Exposed
2016_WHITSUNDAY_HB4_2,18/09/2016,2016,2016,HB4,2,6,9,25,5,5,Exposed
2016_WHITSUNDAY_HB4_3,18/09/2016,2016,2016,HB4,3,6,9,24,5,4.8,Exposed
2016_WHITSUNDAY_HB4_4,18/09/2016,2016,2016,HB4,4,7,7,23.04,4.8,4.8,Exposed
2016_WHITSUNDAY_HB4_5,18/09/2016,2016,2016,HB4,5,7,8,25,5,5,Exposed
2016_WHITSUNDAY_HB5_1,17/09/2016,2016,2016,HB5,1,7,7,7.84,2.8,2.8,Exposed
2016_WHITSUNDAY_HB5_2,17/09/2016,2016,2016,HB5,2,6,7,6.16,2.8,2.2,Exposed
2016_WHITSUNDAY_HB5_3,17/09/2016,2016,2016,HB5,3,6,7,11.52,3.6,3.2,Exposed
2016_WHITSUNDAY_HB5_4,17/09/2016,2016,2016,HB5,4,7,6,6.76,2.6,2.6,Exposed
2016_WHITSUNDAY_HB5_5,17/09/2016,2016,2016,HB5,5,7,7,7.84,2.8,2.8,Exposed
2016_WHITSUNDAY_HB7_1,18/09/2016,2016,2016,HB7,1,6,8,10.2,3.4,3,Exposed
2016_WHITSUNDAY_HB7_2,18/09/2016,2016,2016,HB7,2,6,7,12.24,3.6,3.4,Exposed
2016_WHITSUNDAY_HB7_3,18/09/2016,2016,2016,HB7,3,6,7,14.96,4.4,3.4,Exposed
2016_WHITSUNDAY_HB7_4,18/09/2016,2016,2016,HB7,4,6,8,10.64,3.8,2.8,Exposed
2016_WHITSUNDAY_HB7_5,18/09/2016,2016,2016,HB7,5,7,8,15.96,4.2,3.8,Exposed
2016_WHITSUNDAY_W1_1,29/09/2016,2016,2016,W1,1,4,5,19.36,4.4,4.4,Semi-exposed
2016_WHITSUNDAY_W1_2,29/09/2016,2016,2016,W1,2,5,6,11.52,3.2,3.6,Semi-exposed
2016_WHITSUNDAY_W1_3,29/09/2016,2016,2016,W1,3,5,6,15.96,4.2,3.8,Semi-exposed
2016_WHITSUNDAY_W1_4,29/09/2016,2016,2016,W1,4,4,6,13.68,3.6,3.8,Semi-exposed
2016_WHITSUNDAY_W1_5,29/09/2016,2016,2016,W1,5,5,6,18.48,4.4,4.2,Semi-exposed
2016_WHITSUNDAY_W2_1,19/09/2016,2016,2016,W2,1,5,7,14.4,3.6,4,Semi-exposed
2016_WHITSUNDAY_W2_2,19/09/2016,2016,2016,W2,2,6,8,9.6,3,3.2,Semi-exposed
2016_WHITSUNDAY_W2_3,19/09/2016,2016,2016,W2,3,6,8,12.24,3.4,3.6,Semi-exposed
2016_WHITSUNDAY_W2_4,19/09/2016,2016,2016,W2,4,5,7,9,3,3,Semi-exposed
2016_WHITSUNDAY_W2_5,19/09/2016,2016,2016,W2,5,6,7,11.56,3.4,3.4,Semi-exposed
2016_WHITSUNDAY_W3_1,16/09/2016,2016,2016,W3,1,6,7,10.88,3.2,3.4,Semi-exposed
2016_WHITSUNDAY_W3_2,16/09/2016,2016,2016,W3,2,5,7,10.08,3.6,2.8,Semi-exposed
2016_WHITSUNDAY_W3_3,16/09/2016,2016,2016,W3,3,6,7,9.6,3.2,3,Semi-exposed
2016_WHITSUNDAY_W3_4,16/09/2016,2016,2016,W3,4,5,7,7.8,2.6,3,Semi-exposed
2016_WHITSUNDAY_W3_5,16/09/2016,2016,2016,W3,5,6,8,8.4,2.8,3,Semi-exposed
2016_WHITSUNDAY_W4_1,29/09/2016,2016,2016,W4,1,5,5,9.6,3,3.2,Semi-exposed
2016_WHITSUNDAY_W4_2,29/09/2016,2016,2016,W4,2,5,5,10.88,3.2,3.4,Semi-exposed
2016_WHITSUNDAY_W4_3,29/09/2016,2016,2016,W4,3,5,6,10.88,3.2,3.4,Semi-exposed
2016_WHITSUNDAY_W4_4,29/09/2016,2016,2016,W4,4,6,5,6.76,2.6,2.6,Semi-exposed
2016_WHITSUNDAY_W4_5,29/09/2016,2016,2016,W4,5,5,5,6.16,2.2,2.8,Semi-exposed
2016_WHITSUNDAY_W5_1,17/09/2016,2016,2016,W5,1,7,7,9.6,3,3.2,Semi-exposed
2016_WHITSUNDAY_W5_2,17/09/2016,2016,2016,W5,2,6,7,6.24,2.6,2.4,Semi-exposed
2016_WHITSUNDAY_W5_3,17/09/2016,2016,2016,W5,3,7,7,8.4,3,2.8,Semi-exposed
2016_WHITSUNDAY_W5_4,17/09/2016,2016,2016,W5,4,6,6,11.52,3.2,3.6,Semi-exposed
2016_WHITSUNDAY_W5_5,17/09/2016,2016,2016,W5,5,6,7,10.88,3.2,3.4,Semi-exposed
2016_WHITSUNDAY_W6_1,29/09/2016,2016,2016,W6,1,6,6,9,3,3,Semi-exposed
2016_WHITSUNDAY_W6_2,29/09/2016,2016,2016,W6,2,6,6,3.96,1.8,2.2,Semi-exposed
2016_WHITSUNDAY_W6_3,29/09/2016,2016,2016,W6,3,5,5,5.28,2.2,2.4,Semi-exposed
2016_WHITSUNDAY_W6_4,29/09/2016,2016,2016,W6,4,6,6,11.56,3.4,3.4,Semi-exposed
2016_WHITSUNDAY_W6_5,29/09/2016,2016,2016,W6,5,5,6,21.12,4.8,4.4,Semi-exposed
2016_WHITSUNDAY_W8_1,24/09/2016,2016,2016,W8,1,7,4,7.8,2.6,3,Semi-exposed
2016_WHITSUNDAY_W8_2,24/09/2016,2016,2016,W8,2,7,5,10.88,3.2,3.4,Semi-exposed
2016_WHITSUNDAY_W8_3,24/09/2016,2016,2016,W8,3,7,6,10.2,3,3.4,Semi-exposed
2016_WHITSUNDAY_W8_4,24/09/2016,2016,2016,W8,4,5,4,6.72,2.4,2.8,Semi-exposed
2016_WHITSUNDAY_W8_5,24/09/2016,2016,2016,W8,5,6,4,6.72,2.4,2.8,Semi-exposed
2016_WHITSUNDAY_W9_1,25/09/2016,2016,2016,W9,1,6,5,7.28,2.6,2.8,Semi-exposed
2016_WHITSUNDAY_W9_2,25/09/2016,2016,2016,W9,2,7,6,8.96,2.8,3.2,Semi-exposed
2016_WHITSUNDAY_W9_3,25/09/2016,2016,2016,W9,3,6,6,13.68,3.8,3.6,Semi-exposed
2016_WHITSUNDAY_W9_4,25/09/2016,2016,2016,W9,4,6,5,6.72,2.4,2.8,Semi-exposed
2016_WHITSUNDAY_W9_5,25/09/2016,2016,2016,W9,5,6,6,10.88,3.2,3.4,Semi-exposed
2016_WHITSUNDAY_B1_1,22/09/2016,2016,2016,B1,1,6,6,4.4,2,2.2,Sheltered
2016_WHITSUNDAY_B1_2,22/09/2016,2016,2016,B1,2,6,7,8.96,2.8,3.2,Sheltered
2016_WHITSUNDAY_B1_3,22/09/2016,2016,2016,B1,3,6,7,8.96,2.8,3.2,Sheltered
2016_WHITSUNDAY_B1_4,22/09/2016,2016,2016,B1,4,6,7,9,3,3,Sheltered
2016_WHITSUNDAY_B1_5,22/09/2016,2016,2016,B1,5,6,8,8.16,2.4,3.4,Sheltered
2016_WHITSUNDAY_B2_1,17/09/2016,2016,2016,B2,1,7,6,6.76,2.6,2.6,Sheltered
2016_WHITSUNDAY_B2_2,17/09/2016,2016,2016,B2,2,7,6,8.4,3,2.8,Sheltered
2016_WHITSUNDAY_B2_3,17/09/2016,2016,2016,B2,3,6,8,8.96,3.2,2.8,Sheltered
2016_WHITSUNDAY_B2_4,17/09/2016,2016,2016,B2,4,6,7,7.84,2.8,2.8,Sheltered
2016_WHITSUNDAY_B2_5,17/09/2016,2016,2016,B2,5,6,8,7.8,3,2.6,Sheltered
2016_WHITSUNDAY_B3_1,16/09/2016,2016,2016,B3,1,6,8,16.72,4.4,3.8,Exposed
2016_WHITSUNDAY_B3_2,16/09/2016,2016,2016,B3,2,6,8,17.64,4.2,4.2,Exposed
2016_WHITSUNDAY_B3_3,16/09/2016,2016,2016,B3,3,6,8,20.24,4.6,4.4,Exposed
2016_WHITSUNDAY_B3_4,16/09/2016,2016,2016,B3,4,6,7,16,4,4,Exposed
2016_WHITSUNDAY_B3_5,16/09/2016,2016,2016,B3,5,6,8,13.6,4,3.4,Exposed
2016_WHITSUNDAY_B4_1,16/09/2016,2016,2016,B4,1,7,6,17.6,4.4,4,Exposed
2016_WHITSUNDAY_B4_2,16/09/2016,2016,2016,B4,2,7,7,20.24,4.4,4.6,Exposed
2016_WHITSUNDAY_B4_3,16/09/2016,2016,2016,B4,3,6,8,17.64,4.2,4.2,Exposed
2016_WHITSUNDAY_B4_4,16/09/2016,2016,2016,B4,4,6,7,15.2,4,3.8,Exposed
2016_WHITSUNDAY_B4_5,16/09/2016,2016,2016,B4,5,6,7,17.6,4.4,4,Exposed
2016_WHITSUNDAY_B5_1,22/09/2016,2016,2016,B5,1,6,6,5.76,2.4,2.4,Semi-exposed
2016_WHITSUNDAY_B5_2,22/09/2016,2016,2016,B5,2,6,7,7.8,3,2.6,Semi-exposed
2016_WHITSUNDAY_B5_3,22/09/2016,2016,2016,B5,3,6,7,16,4,4,Semi-exposed
2016_WHITSUNDAY_B5_4,22/09/2016,2016,2016,B5,4,6,5,3.52,2.2,1.6,Semi-exposed
2016_WHITSUNDAY_B5_5,22/09/2016,2016,2016,B5,5,6,9,2.24,1.6,1.4,Semi-exposed
2016_WHITSUNDAY_B6_1,22/09/2016,2016,2016,B6,1,7,4,10.24,3.2,3.2,Semi-exposed
2016_WHITSUNDAY_B6_2,22/09/2016,2016,2016,B6,2,6,6,15.2,4,3.8,Semi-exposed
2016_WHITSUNDAY_B6_3,22/09/2016,2016,2016,B6,3,6,6,19.32,4.6,4.2,Semi-exposed
2016_WHITSUNDAY_B6_4,22/09/2016,2016,2016,B6,4,5,4,7.84,2.8,2.8,Semi-exposed
2016_WHITSUNDAY_B6_5,22/09/2016,2016,2016,B6,5,6,6,9,3,3,Semi-exposed
2016_WHITSUNDAY_BL1_1,21/09/2016,2016,2016,BL1,1,7,7,18.48,4.2,4.4,Semi-exposed
2016_WHITSUNDAY_BL1_2,21/09/2016,2016,2016,BL1,2,6,8,12.24,3.4,3.6,Semi-exposed
2016_WHITSUNDAY_BL1_3,21/09/2016,2016,2016,BL1,3,6,8,15.12,3.6,4.2,Semi-exposed
2016_WHITSUNDAY_BL1_4,21/09/2016,2016,2016,BL1,4,6,7,10.2,3,3.4,Semi-exposed
2016_WHITSUNDAY_BL1_5,21/09/2016,2016,2016,BL1,5,7,8,7.2,2.4,3,Semi-exposed
2016_WHITSUNDAY_BL2_1,26/09/2016,2016,2016,BL2,1,9,8,14.28,3.4,4.2,Sheltered
2016_WHITSUNDAY_BL2_2,26/09/2016,2016,2016,BL2,2,8,7,13.6,3.4,4,Sheltered
2016_WHITSUNDAY_BL2_3,26/09/2016,2016,2016,BL2,3,8,7,13.6,3.4,4,Sheltered
2016_WHITSUNDAY_BL2_4,26/09/2016,2016,2016,BL2,4,8,8,14.28,3.4,4.2,Sheltered
2016_WHITSUNDAY_BL2_5,26/09/2016,2016,2016,BL2,5,8,8,14.4,3.6,4,Sheltered
2016_WHITSUNDAY_DB1_1,24/09/2016,2016,2016,DB1,1,7,6,20.16,4.2,4.8,Semi-exposed
2016_WHITSUNDAY_DB1_2,24/09/2016,2016,2016,DB1,2,7,6,15.84,3.6,4.4,Semi-exposed
2016_WHITSUNDAY_DB1_3,24/09/2016,2016,2016,DB1,3,8,7,13.6,3.4,4,Semi-exposed
2016_WHITSUNDAY_DB1_4,24/09/2016,2016,2016,DB1,4,7,6,21.16,4.6,4.6,Semi-exposed
2016_WHITSUNDAY_DB1_5,24/09/2016,2016,2016,DB1,5,8,7,21.16,4.6,4.6,Semi-exposed
2016_WHITSUNDAY_DB2_1,24/09/2016,2016,2016,DB2,1,7,7,9.6,3,3.2,Semi-exposed
2016_WHITSUNDAY_DB2_2,24/09/2016,2016,2016,DB2,2,7,8,13.68,3.6,3.8,Semi-exposed
2016_WHITSUNDAY_DB2_3,24/09/2016,2016,2016,DB2,3,7,7,10.88,3.4,3.2,Semi-exposed
2016_WHITSUNDAY_DB2_4,24/09/2016,2016,2016,DB2,4,7,7,8.96,3.2,2.8,Semi-exposed
2016_WHITSUNDAY_DB2_5,24/09/2016,2016,2016,DB2,5,6,7,11.56,3.4,3.4,Semi-exposed
2016_WHITSUNDAY_ESK1_1,19/09/2016,2016,2016,ESK1,1,5,7,21.16,4.6,4.6,Exposed
2016_WHITSUNDAY_ESK1_2,19/09/2016,2016,2016,ESK1,2,5,8,19.36,4.4,4.4,Exposed
2016_WHITSUNDAY_ESK1_3,19/09/2016,2016,2016,ESK1,3,5,7,10.8,3,3.6,Exposed
2016_WHITSUNDAY_ESK1_4,19/09/2016,2016,2016,ESK1,4,5,8,17.64,4.2,4.2,Exposed
2016_WHITSUNDAY_ESK1_5,19/09/2016,2016,2016,ESK1,5,4,8,17.6,4,4.4,Exposed
2016_WHITSUNDAY_HG1_1,27/09/2016,2016,2016,HG1,1,12,6,14.28,3.4,4.2,Semi-exposed
2016_WHITSUNDAY_HG1_2,27/09/2016,2016,2016,HG1,2,12,6,24,4.8,5,Semi-exposed
2016_WHITSUNDAY_HG1_3,27/09/2016,2016,2016,HG1,3,11,7,19.36,4.4,4.4,Semi-exposed
2016_WHITSUNDAY_HG1_4,27/09/2016,2016,2016,HG1,4,12,6,13.68,3.6,3.8,Semi-exposed
2016_WHITSUNDAY_HG1_5,27/09/2016,2016,2016,HG1,5,11,6,7.28,2.6,2.8,Semi-exposed
2016_WHITSUNDAY_HG2_1,27/09/2016,2016,2016,HG2,1,12,8,14.4,4,3.6,Semi-exposed
2016_WHITSUNDAY_HG2_2,27/09/2016,2016,2016,HG2,2,12,8,14.4,4,3.6,Semi-exposed
2016_WHITSUNDAY_HG2_3,27/09/2016,2016,2016,HG2,3,10,8,14.4,4,3.6,Semi-exposed
2016_WHITSUNDAY_HG2_4,27/09/2016,2016,2016,HG2,4,12,8,14.4,4,3.6,Semi-exposed
2016_WHITSUNDAY_HG2_5,27/09/2016,2016,2016,HG2,5,12,9,13.6,4,3.4,Semi-exposed
2016_WHITSUNDAY_HG3_1,27/09/2016,2016,2016,HG3,1,9,8,12.16,3.2,3.8,Semi-exposed
2016_WHITSUNDAY_HG3_2,27/09/2016,2016,2016,HG3,2,9,7,11.4,3,3.8,Semi-exposed
2016_WHITSUNDAY_HG3_3,27/09/2016,2016,2016,HG3,3,9,8,12,3,4,Semi-exposed
2016_WHITSUNDAY_HG3_4,27/09/2016,2016,2016,HG3,4,10,8,12.92,3.4,3.8,Semi-exposed
2016_WHITSUNDAY_HG3_5,27/09/2016,2016,2016,HG3,5,10,8,10.8,3,3.6,Semi-exposed
2016_WHITSUNDAY_HG4_1,28/09/2016,2016,2016,HG4,1,8,8,5.2,2,2.6,Semi-exposed
2016_WHITSUNDAY_HG4_2,28/09/2016,2016,2016,HG4,2,8,8,5.76,2.4,2.4,Semi-exposed
2016_WHITSUNDAY_HG4_3,28/09/2016,2016,2016,HG4,3,10,8,8.96,2.8,3.2,Semi-exposed
2016_WHITSUNDAY_HG4_4,28/09/2016,2016,2016,HG4,4,8,7,6.24,2.4,2.6,Semi-exposed
2016_WHITSUNDAY_HG4_5,28/09/2016,2016,2016,HG4,5,10,8,3.6,1.8,2,Semi-exposed
2016_WHITSUNDAY_HG5_1,28/09/2016,2016,2016,HG5,1,9,7,7.8,3,2.6,Semi-exposed
2016_WHITSUNDAY_HG5_2,28/09/2016,2016,2016,HG5,2,8,8,9,3,3,Semi-exposed
2016_WHITSUNDAY_HG5_3,28/09/2016,2016,2016,HG5,3,8,8,10.24,3.2,3.2,Semi-exposed
2016_WHITSUNDAY_HG5_4,28/09/2016,2016,2016,HG5,4,10,8,9.6,3.2,3,Semi-exposed
2016_WHITSUNDAY_HG5_5,28/09/2016,2016,2016,HG5,5,12,8,7.8,2.6,3,Semi-exposed
2016_WHITSUNDAY_HG6_1,26/09/2016,2016,2016,HG6,1,7,6,14.44,3.8,3.8,Semi-exposed
2016_WHITSUNDAY_HG6_2,26/09/2016,2016,2016,HG6,2,7,6,18.4,4,4.6,Semi-exposed
2016_WHITSUNDAY_HG6_3,26/09/2016,2016,2016,HG6,3,7,8,18.48,4.2,4.4,Semi-exposed
2016_WHITSUNDAY_HG6_4,26/09/2016,2016,2016,HG6,4,8,8,19.32,4.2,4.6,Semi-exposed
2016_WHITSUNDAY_HG6_5,26/09/2016,2016,2016,HG6,5,7,7,15.2,3.8,4,Semi-exposed
2016_WHITSUNDAY_HG7_1,21/09/2016,2016,2016,HG7,1,7,8,13.6,3.4,4,Exposed
2016_WHITSUNDAY_HG7_2,21/09/2016,2016,2016,HG7,2,7,8,15.96,3.8,4.2,Exposed
2016_WHITSUNDAY_HG7_3,21/09/2016,2016,2016,HG7,3,7,8,17.6,4,4.4,Exposed
2016_WHITSUNDAY_HG7_4,21/09/2016,2016,2016,HG7,4,7,8,15.96,3.8,4.2,Exposed
2016_WHITSUNDAY_HG7_5,21/09/2016,2016,2016,HG7,5,7,8,15.12,3.6,4.2,Exposed
2016_WHITSUNDAY_HW1_1,2/10/2016,2016,2016,HW1,1,8,7,16,4,4,Sheltered
2016_WHITSUNDAY_HW1_2,2/10/2016,2016,2016,HW1,2,8,8,10.24,3.2,3.2,Sheltered
2016_WHITSUNDAY_HW1_3,2/10/2016,2016,2016,HW1,3,8,8,10.2,3,3.4,Sheltered
2016_WHITSUNDAY_HW1_4,2/10/2016,2016,2016,HW1,4,8,8,12.24,3.4,3.6,Sheltered
2016_WHITSUNDAY_HW1_5,2/10/2016,2016,2016,HW1,5,8,8,9.52,2.8,3.4,Sheltered
2016_WHITSUNDAY_HW2_1,1/10/2016,2016,2016,HW2,1,7,5,15.96,3.8,4.2,Sheltered
2016_WHITSUNDAY_HW2_2,1/10/2016,2016,2016,HW2,2,6,6,21.16,4.6,4.6,Sheltered
2016_WHITSUNDAY_HW2_3,1/10/2016,2016,2016,HW2,3,6,8,20.24,4.4,4.6,Sheltered
2016_WHITSUNDAY_HW2_4,1/10/2016,2016,2016,HW2,4,6,8,19.36,4.4,4.4,Sheltered
2016_WHITSUNDAY_HW2_5,1/10/2016,2016,2016,HW2,5,6,7,12.96,3.6,3.6,Sheltered
2016_WHITSUNDAY_HW3_1,21/09/2016,2016,2016,HW3,1,6,8,14.4,3.6,4,Sheltered
2016_WHITSUNDAY_HW3_2,21/09/2016,2016,2016,HW3,2,5,8,13.68,3.6,3.8,Sheltered
2016_WHITSUNDAY_HW3_3,21/09/2016,2016,2016,HW3,3,5,8,15.12,3.6,4.2,Sheltered
2016_WHITSUNDAY_HW3_4,21/09/2016,2016,2016,HW3,4,6,7,12.24,3.4,3.6,Sheltered
2016_WHITSUNDAY_HW3_5,21/09/2016,2016,2016,HW3,5,5,8,10.88,3.2,3.4,Sheltered
2016_WHITSUNDAY_L1_1,26/09/2016,2016,2016,L1,1,8,8,14.44,3.8,3.8,Sheltered
2016_WHITSUNDAY_L1_2,26/09/2016,2016,2016,L1,2,7,8,10.88,3.2,3.4,Sheltered
2016_WHITSUNDAY_L1_3,26/09/2016,2016,2016,L1,3,7,8,20.24,4.6,4.4,Sheltered
2016_WHITSUNDAY_L1_4,26/09/2016,2016,2016,L1,4,7,8,15.12,3.6,4.2,Sheltered
2016_WHITSUNDAY_L1_5,26/09/2016,2016,2016,L1,5,7,7,22.08,4.6,4.8,Sheltered
2016_WHITSUNDAY_DE1_1,19/09/2016,2016,2016,DE1,1,7,7,24,5,4.8,Exposed
2016_WHITSUNDAY_DE1_2,19/09/2016,2016,2016,DE1,2,6,8,25,5,5,Exposed
2016_WHITSUNDAY_DE1_3,19/09/2016,2016,2016,DE1,3,5,8,23.04,4.8,4.8,Exposed
2016_WHITSUNDAY_DE1_4,19/09/2016,2016,2016,DE1,4,6,8,21.16,4.6,4.6,Exposed
2016_WHITSUNDAY_DE1_5,19/09/2016,2016,2016,DE1,5,6,8,22.08,4.6,4.8,Exposed
2016_WHITSUNDAY_HE1_1,20/09/2016,2016,2016,HE1,1,8,7,11.52,3.2,3.6,Exposed
2016_WHITSUNDAY_HE1_2,20/09/2016,2016,2016,HE1,2,8,7,14.4,3.6,4,Exposed
2016_WHITSUNDAY_HE1_3,20/09/2016,2016,2016,HE1,3,8,7,15.96,3.8,4.2,Exposed
2016_WHITSUNDAY_HE1_4,20/09/2016,2016,2016,HE1,4,7,8,12.16,3.2,3.8,Exposed
2016_WHITSUNDAY_HE1_5,20/09/2016,2016,2016,HE1,5,6,8,17.6,4,4.4,Exposed
2016_WHITSUNDAY_HE2_1,20/09/2016,2016,2016,HE2,1,7,7,21.16,4.6,4.6,Exposed
2016_WHITSUNDAY_HE2_2,20/09/2016,2016,2016,HE2,2,7,8,18.4,4,4.6,Exposed
2016_WHITSUNDAY_HE2_3,20/09/2016,2016,2016,HE2,3,8,8,17.64,4.2,4.2,Exposed
2016_WHITSUNDAY_HE2_4,20/09/2016,2016,2016,HE2,4,7,7,23.04,4.8,4.8,Exposed
2016_WHITSUNDAY_HE2_5,20/09/2016,2016,2016,HE2,5,8,8,16.8,4,4.2,Exposed
2016_WHITSUNDAY_HE3_1,20/09/2016,2016,2016,HE3,1,6,8,12.24,3.6,3.4,Exposed
2016_WHITSUNDAY_HE3_2,20/09/2016,2016,2016,HE3,2,7,8,9,3,3,Exposed
2016_WHITSUNDAY_HE3_3,20/09/2016,2016,2016,HE3,3,8,9,6.72,2.4,2.8,Exposed
2016_WHITSUNDAY_HE3_4,20/09/2016,2016,2016,HE3,4,8,8,9.52,2.8,3.4,Exposed
2016_WHITSUNDAY_HE3_5,20/09/2016,2016,2016,HE3,5,8,8,10.2,3,3.4,Exposed
2016_WHITSUNDAY_HY1_1,28/09/2016,2016,2016,HY1,1,12,8,12.96,3.6,3.6,Semi-exposed
2016_WHITSUNDAY_HY1_2,28/09/2016,2016,2016,HY1,2,12,8,9.6,3,3.2,Semi-exposed
2016_WHITSUNDAY_HY1_3,28/09/2016,2016,2016,HY1,3,10,8,10.2,3,3.4,Semi-exposed
2016_WHITSUNDAY_HY1_4,28/09/2016,2016,2016,HY1,4,10,8,10.88,3.2,3.4,Semi-exposed
2016_WHITSUNDAY_HY1_5,28/09/2016,2016,2016,HY1,5,10,8,11.52,3.2,3.6,Semi-exposed
2016_WHITSUNDAY_HY2_1,1/10/2016,2016,2016,HY2,1,6,7,12.16,3.2,3.8,Semi-exposed
2016_WHITSUNDAY_HY2_2,1/10/2016,2016,2016,HY2,2,7,7,14.44,3.8,3.8,Semi-exposed
2016_WHITSUNDAY_HY2_3,1/10/2016,2016,2016,HY2,3,7,7,15.2,4,3.8,Semi-exposed
2016_WHITSUNDAY_HY2_4,1/10/2016,2016,2016,HY2,4,7,6,7.28,2.6,2.8,Semi-exposed
2016_WHITSUNDAY_HY2_5,1/10/2016,2016,2016,HY2,5,7,8,5.76,2.4,2.4,Semi-exposed
2016_WHITSUNDAY_HY3_1,2/10/2016,2016,2016,HY3,1,8,7,11.52,3.2,3.6,Sheltered
2016_WHITSUNDAY_HY3_2,2/10/2016,2016,2016,HY3,2,8,6,10.88,3.2,3.4,Sheltered
2016_WHITSUNDAY_HY3_3,2/10/2016,2016,2016,HY3,3,8,6,8.84,3.4,2.6,Sheltered
2016_WHITSUNDAY_HY3_4,2/10/2016,2016,2016,HY3,4,6,7,12.24,3.4,3.6,Sheltered
2016_WHITSUNDAY_HY3_5,2/10/2016,2016,2016,HY3,5,6,7,11.56,3.4,3.4,Sheltered
2016_MAGNETIC_AW1_1,30/11/2016,2016,2016,AW1,1,5,6,12.24,3.6,3.4,Exposed
2016_MAGNETIC_AW1_2,30/11/2016,2016,2016,AW1,2,5,5,7.8,2.6,3,Exposed
2016_MAGNETIC_AW1_3,30/11/2016,2016,2016,AW1,3,6,6,6.76,2.6,2.6,Exposed
2016_MAGNETIC_AW1_4,30/11/2016,2016,2016,AW1,4,5,7,9.6,3.2,3,Exposed
2016_MAGNETIC_AW1_5,30/11/2016,2016,2016,AW1,5,5,6,7.84,2.8,2.8,Exposed
2016_MAGNETIC_AW2_1,1/12/2016,2016,2016,AW2,1,5,6,4.4,2,2.2,Exposed
2016_MAGNETIC_AW2_2,1/12/2016,2016,2016,AW2,2,5,5,6.24,2.4,2.6,Exposed
2016_MAGNETIC_AW2_3,1/12/2016,2016,2016,AW2,3,5,6,13.68,3.6,3.8,Exposed
2016_MAGNETIC_AW2_4,1/12/2016,2016,2016,AW2,4,5,5,3.96,1.8,2.2,Exposed
2016_MAGNETIC_AW2_5,1/12/2016,2016,2016,AW2,5,5,5,4.4,2,2.2,Exposed
2016_MAGNETIC_NB1_1,1/12/2016,2016,2016,NB1,1,6,5,3.2,1.6,2,Exposed
2016_MAGNETIC_NB1_2,1/12/2016,2016,2016,NB1,2,5,5,2.64,1.2,2.2,Exposed
2016_MAGNETIC_NB1_3,1/12/2016,2016,2016,NB1,3,6,5,2,1,2,Exposed
2016_MAGNETIC_NB1_4,1/12/2016,2016,2016,NB1,4,5,5,3.52,1.6,2.2,Exposed
2016_MAGNETIC_NB1_5,1/12/2016,2016,2016,NB1,5,5,5,3.2,1.6,2,Exposed
2016_MAGNETIC_WC1_1,30/11/2016,2016,2016,WC1,1,5,4,4.32,1.8,2.4,Exposed
2016_MAGNETIC_WC1_2,30/11/2016,2016,2016,WC1,2,5,5,5.76,2.4,2.4,Exposed
2016_MAGNETIC_WC1_3,30/11/2016,2016,2016,WC1,3,5,6,6,3,2,Exposed
2016_MAGNETIC_WC1_4,30/11/2016,2016,2016,WC1,4,5,4,3.52,1.6,2.2,Exposed
2016_MAGNETIC_WC1_5,30/11/2016,2016,2016,WC1,5,5,5,7.2,3,2.4,Exposed
2016_MAGNETIC_FB1_1,30/11/2016,2016,2016,FB1,1,5,5,4.4,2.2,2,Exposed
2016_MAGNETIC_FB1_2,30/11/2016,2016,2016,FB1,2,5,5,3.2,2,1.6,Exposed
2016_MAGNETIC_FB1_3,30/11/2016,2016,2016,FB1,3,5,6,3.6,1.8,2,Exposed
2016_MAGNETIC_FB1_4,30/11/2016,2016,2016,FB1,4,5,6,4,2,2,Exposed
2016_MAGNETIC_FB1_5,30/11/2016,2016,2016,FB1,5,5,5,4,2,2,Exposed
2016_MAGNETIC_GB1_1,1/12/2016,2016,2016,GB1,1,5,6,2.88,1.8,1.6,Exposed
2016_MAGNETIC_GB1_2,1/12/2016,2016,2016,GB1,2,5,6,3.6,2,1.8,Exposed
2016_MAGNETIC_GB1_3,1/12/2016,2016,2016,GB1,3,5,6,3.6,1.8,2,Exposed
2016_MAGNETIC_GB1_4,1/12/2016,2016,2016,GB1,4,5,6,4,2,2,Exposed
2016_MAGNETIC_GB1_5,1/12/2016,2016,2016,GB1,5,5,6,3.24,1.8,1.8,Exposed
2016_MAGNETIC_GB2_1,1/12/2016,2016,2016,GB2,1,5,6,4.4,2,2.2,Exposed
2016_MAGNETIC_GB2_2,1/12/2016,2016,2016,GB2,2,5,6,3.96,1.8,2.2,Exposed
2016_MAGNETIC_GB2_3,1/12/2016,2016,2016,GB2,3,5,6,4.4,2,2.2,Exposed
2016_MAGNETIC_GB2_4,1/12/2016,2016,2016,GB2,4,5,6,3.08,1.4,2.2,Exposed
2016_MAGNETIC_GB2_5,1/12/2016,2016,2016,GB2,5,4,6,2.8,1.4,2,Exposed
2016_MAGNETIC_GOW1_1,30/11/2016,2016,2016,GOW1,1,5,5,4.4,2,2.2,Exposed
2016_MAGNETIC_GOW1_2,30/11/2016,2016,2016,GOW1,2,5,4,5.72,2.2,2.6,Exposed
2016_MAGNETIC_GOW1_3,30/11/2016,2016,2016,GOW1,3,5,5,4,2,2,Exposed
2016_MAGNETIC_GOW1_4,30/11/2016,2016,2016,GOW1,4,5,5,4.8,2.4,2,Exposed
2016_MAGNETIC_GOW1_5,30/11/2016,2016,2016,GOW1,5,5,5,5.72,2.2,2.6,Exposed
2017_KEPPEL_GK1_1,12/10/2017,2017,2017,GK1,1,8,7,9,3,3,Semi-exposed
2017_KEPPEL_GK1_2,12/10/2017,2017,2017,GK1,2,8,6,5.2,2,2.6,Semi-exposed
2017_KEPPEL_GK1_3,12/10/2017,2017,2017,GK1,3,8,4,5.2,2,2.6,Semi-exposed
2017_KEPPEL_GK1_4,12/10/2017,2017,2017,GK1,4,9,7,7.8,3,2.6,Semi-exposed
2017_KEPPEL_GK1_5,12/10/2017,2017,2017,GK1,5,8,8,6.72,2.8,2.4,Semi-exposed
2017_KEPPEL_GK2_1,6/10/2017,2017,2017,GK2,1,8,9,4,2,2,Exposed
2017_KEPPEL_GK2_2,6/10/2017,2017,2017,GK2,2,10,9,4.84,2.2,2.2,Exposed
2017_KEPPEL_GK2_3,6/10/2017,2017,2017,GK2,3,10,9,16.72,3.8,4.4,Exposed
2017_KEPPEL_GK2_4,6/10/2017,2017,2017,GK2,4,8,8,6.72,2.4,2.8,Exposed
2017_KEPPEL_GK2_5,6/10/2017,2017,2017,GK2,5,9,9,5.28,2.2,2.4,Exposed
2017_KEPPEL_GK3_1,6/10/2017,2017,2017,GK3,1,7,9,4.4,2,2.2,Semi-exposed
2017_KEPPEL_GK3_2,6/10/2017,2017,2017,GK3,2,7,9,4.4,2,2.2,Semi-exposed
2017_KEPPEL_GK3_3,6/10/2017,2017,2017,GK3,3,7,9,4.8,2,2.4,Semi-exposed
2017_KEPPEL_GK3_4,6/10/2017,2017,2017,GK3,4,8,9,4.4,2,2.2,Semi-exposed
2017_KEPPEL_GK3_5,6/10/2017,2017,2017,GK3,5,7,9,4.4,2,2.2,Semi-exposed
2017_KEPPEL_GK4_1,7/10/2017,2017,2017,GK4,1,8,10,8.4,2.8,3,Exposed
2017_KEPPEL_GK4_2,7/10/2017,2017,2017,GK4,2,8,10,7.28,2.8,2.6,Exposed
2017_KEPPEL_GK4_3,7/10/2017,2017,2017,GK4,3,8,11,5.72,2.2,2.6,Exposed
2017_KEPPEL_GK4_4,7/10/2017,2017,2017,GK4,4,10,10,5.72,2.2,2.6,Exposed
2017_KEPPEL_GK4_5,7/10/2017,2017,2017,GK4,5,9,9,7.28,2.6,2.8,Exposed
2017_KEPPEL_GK7_1,8/10/2017,2017,2017,GK7,1,9,7,3.24,1.8,1.8,Exposed
2017_KEPPEL_GK7_2,8/10/2017,2017,2017,GK7,2,8,7,3.24,1.8,1.8,Exposed
2017_KEPPEL_GK7_3,8/10/2017,2017,2017,GK7,3,8,7,4,2,2,Exposed
2017_KEPPEL_GK7_4,8/10/2017,2017,2017,GK7,4,8,7,3.6,2,1.8,Exposed
2017_KEPPEL_GK7_5,8/10/2017,2017,2017,GK7,5,8,8,1.96,1.4,1.4,Exposed
2017_KEPPEL_GK8_1,6/10/2017,2017,2017,GK8,1,8,5,5.28,2.2,2.4,Semi-exposed
2017_KEPPEL_GK8_2,6/10/2017,2017,2017,GK8,2,7,6,4.4,2,2.2,Semi-exposed
2017_KEPPEL_GK8_3,6/10/2017,2017,2017,GK8,3,7,6,8.4,2.8,3,Semi-exposed
2017_KEPPEL_GK8_4,6/10/2017,2017,2017,GK8,4,7,5,5.28,2.2,2.4,Semi-exposed
2017_KEPPEL_GK8_5,6/10/2017,2017,2017,GK8,5,7,4,3.6,1.8,2,Semi-exposed
2017_KEPPEL_H3_1,8/10/2017,2017,2017,H3,1,8,8,1.96,1.4,1.4,Sheltered
2017_KEPPEL_H3_2,8/10/2017,2017,2017,H3,2,7,8,3.2,2,1.6,Sheltered
2017_KEPPEL_H3_3,8/10/2017,2017,2017,H3,3,7,8,4.2,3,1.4,Sheltered
2017_KEPPEL_H3_4,8/10/2017,2017,2017,H3,4,7,8,4.8,2,2.4,Sheltered
2017_KEPPEL_H3_5,8/10/2017,2017,2017,H3,5,7,7,3.2,1.6,2,Sheltered
2017_KEPPEL_MI1_1,14/10/2017,2017,2017,MI1,1,7,6,2.24,1.6,1.4,Semi-exposed
2017_KEPPEL_MI1_2,14/10/2017,2017,2017,MI1,2,7,7,1.68,1.4,1.2,Semi-exposed
2017_KEPPEL_MI1_3,14/10/2017,2017,2017,MI1,3,7,7,3.2,2,1.6,Semi-exposed
2017_KEPPEL_MI1_4,14/10/2017,2017,2017,MI1,4,6,7,3.36,2.4,1.4,Semi-exposed
2017_KEPPEL_MI1_5,14/10/2017,2017,2017,MI1,5,7,8,8.4,3,2.8,Semi-exposed
2017_KEPPEL_MI2_1,12/10/2017,2017,2017,MI2,1,8,8,7.28,2.6,2.8,Exposed
2017_KEPPEL_MI2_2,12/10/2017,2017,2017,MI2,2,7,8,5.28,2.4,2.2,Exposed
2017_KEPPEL_MI2_3,12/10/2017,2017,2017,MI2,3,7,8,4.4,2,2.2,Exposed
2017_KEPPEL_MI2_4,12/10/2017,2017,2017,MI2,4,8,8,7.8,2.6,3,Exposed
2017_KEPPEL_MI2_5,12/10/2017,2017,2017,MI2,5,8,8,7.2,3,2.4,Exposed
2017_KEPPEL_MW1_1,12/10/2017,2017,2017,MW1,1,7,9,3.24,1.8,1.8,Exposed
2017_KEPPEL_MW1_2,12/10/2017,2017,2017,MW1,2,7,7,3.24,1.8,1.8,Exposed
2017_KEPPEL_MW1_3,12/10/2017,2017,2017,MW1,3,7,8,3.6,1.8,2,Exposed
2017_KEPPEL_MW1_4,12/10/2017,2017,2017,MW1,4,7,9,2.52,1.8,1.4,Exposed
2017_KEPPEL_MW1_5,12/10/2017,2017,2017,MW1,5,7,9,6,2,3,Exposed
2017_KEPPEL_NK2_1,10/10/2017,2017,2017,NK2,1,6,5,4,2,2,Sheltered
2017_KEPPEL_NK2_2,10/10/2017,2017,2017,NK2,2,6,5,3.2,1.6,2,Sheltered
2017_KEPPEL_NK2_3,10/10/2017,2017,2017,NK2,3,6,4,4.4,2,2.2,Sheltered
2017_KEPPEL_NK2_4,10/10/2017,2017,2017,NK2,4,6,5,2.52,1.4,1.8,Sheltered
2017_KEPPEL_NK2_5,10/10/2017,2017,2017,NK2,5,6,5,2.24,1.4,1.6,Sheltered
2017_KEPPEL_NK3_1,9/10/2017,2017,2017,NK3,1,7,5,2.52,1.8,1.4,Semi-exposed
2017_KEPPEL_NK3_2,9/10/2017,2017,2017,NK3,2,7,5,3.64,1.4,2.6,Semi-exposed
2017_KEPPEL_NK3_3,9/10/2017,2017,2017,NK3,3,7,5,4.8,1.6,3,Semi-exposed
2017_KEPPEL_NK3_4,9/10/2017,2017,2017,NK3,4,7,5,2.56,1.6,1.6,Semi-exposed
2017_KEPPEL_NK3_5,9/10/2017,2017,2017,NK3,5,7,6,1.68,1.2,1.4,Semi-exposed
2017_KEPPEL_NK8_1,10/10/2017,2017,2017,NK8,1,7,8,6.24,2.4,2.6,Exposed
2017_KEPPEL_NK8_2,10/10/2017,2017,2017,NK8,2,6,9,8.4,3,2.8,Exposed
2017_KEPPEL_NK8_3,10/10/2017,2017,2017,NK8,3,6,9,9,3,3,Exposed
2017_KEPPEL_NK8_4,10/10/2017,2017,2017,NK8,4,7,8,7.84,2.8,2.8,Exposed
2017_KEPPEL_NK8_5,10/10/2017,2017,2017,NK8,5,7,8,9.6,3.2,3,Exposed
2017_KEPPEL_BA1_1,13/10/2017,2017,2017,BA1,1,8,12,5.6,2,2.8,Exposed
2017_KEPPEL_BA1_2,13/10/2017,2017,2017,BA1,2,8,12,5.2,2,2.6,Exposed
2017_KEPPEL_BA1_3,13/10/2017,2017,2017,BA1,3,8,9,12.8,3.2,4,Exposed
2017_KEPPEL_BA1_4,13/10/2017,2017,2017,BA1,4,7,9,7.28,2.8,2.6,Exposed
2017_KEPPEL_BA1_5,13/10/2017,2017,2017,BA1,5,7,8,7.28,2.8,2.6,Exposed
2017_KEPPEL_BA2_1,13/10/2017,2017,2017,BA2,1,8,9,6.76,2.6,2.6,Semi-exposed
2017_KEPPEL_BA2_2,13/10/2017,2017,2017,BA2,2,8,9,6.76,2.6,2.6,Semi-exposed
2017_KEPPEL_BA2_3,13/10/2017,2017,2017,BA2,3,8,9,7.8,3,2.6,Semi-exposed
2017_KEPPEL_BA2_4,13/10/2017,2017,2017,BA2,4,8,9,5.2,2,2.6,Semi-exposed
2017_KEPPEL_BA2_5,13/10/2017,2017,2017,BA2,5,8,9,5.2,2,2.6,Semi-exposed
2017_KEPPEL_EGG1_1,13/10/2017,2017,2017,EGG1,1,10,15,5.2,2,2.6,Exposed
2017_KEPPEL_EGG1_2,13/10/2017,2017,2017,EGG1,2,10,13,7.2,2.4,3,Exposed
2017_KEPPEL_EGG1_3,13/10/2017,2017,2017,EGG1,3,10,13,12.96,3.6,3.6,Exposed
2017_KEPPEL_EGG1_4,13/10/2017,2017,2017,EGG1,4,9,13,15.12,4.2,3.6,Exposed
2017_KEPPEL_EGG1_5,13/10/2017,2017,2017,EGG1,5,9,12,22,5,4.4,Exposed
2017_KEPPEL_GK5_1,8/10/2017,2017,2017,GK5,1,8,9,3,3,1,Semi-exposed
2017_KEPPEL_GK5_2,8/10/2017,2017,2017,GK5,2,8,8,3.6,3,1.2,Semi-exposed
2017_KEPPEL_GK5_3,8/10/2017,2017,2017,GK5,3,8,9,4.2,3,1.4,Semi-exposed
2017_KEPPEL_GK5_4,8/10/2017,2017,2017,GK5,4,8,8,4.8,3,1.6,Semi-exposed
2017_KEPPEL_GK5_5,8/10/2017,2017,2017,GK5,5,8,9,3.6,3,1.2,Semi-exposed
2017_KEPPEL_GK6_1,11/10/2017,2017,2017,GK6,1,8,8,3.2,2,1.6,Semi-exposed
2017_KEPPEL_GK6_2,11/10/2017,2017,2017,GK6,2,8,8,2.8,2,1.4,Semi-exposed
2017_KEPPEL_GK6_3,11/10/2017,2017,2017,GK6,3,7,8,3.36,2.4,1.4,Semi-exposed
2017_KEPPEL_GK6_4,11/10/2017,2017,2017,GK6,4,8,9,2.8,2,1.4,Semi-exposed
2017_KEPPEL_GK6_5,11/10/2017,2017,2017,GK6,5,7,9,5.2,2.6,2,Semi-exposed
2017_KEPPEL_GK9_1,15/10/2017,2017,2017,GK9,1,6,3,4.84,2.2,2.2,Sheltered
2017_KEPPEL_GK9_2,15/10/2017,2017,2017,GK9,2,6,2,4.8,2,2.4,Sheltered
2017_KEPPEL_GK9_3,15/10/2017,2017,2017,GK9,3,6,2,5.2,2,2.6,Sheltered
2017_KEPPEL_GK9_4,15/10/2017,2017,2017,GK9,4,6,2,7.84,2.8,2.8,Sheltered
2017_KEPPEL_GK9_5,15/10/2017,2017,2017,GK9,5,6,3,7.8,3,2.6,Sheltered
2017_KEPPEL_H1_1,7/10/2017,2017,2017,H1,1,6,7,1.56,2.6,0.6,Exposed
2017_KEPPEL_H1_2,7/10/2017,2017,2017,H1,2,8,8,4.4,2,2.2,Exposed
2017_KEPPEL_H1_3,7/10/2017,2017,2017,H1,3,8,8,5.72,2.2,2.6,Exposed
2017_KEPPEL_H1_4,7/10/2017,2017,2017,H1,4,8,7,7.28,2.6,2.8,Exposed
2017_KEPPEL_H1_5,7/10/2017,2017,2017,H1,5,8,8,5.72,2.2,2.6,Exposed
2017_KEPPEL_H2_1,7/10/2017,2017,2017,H2,1,8,10,8.4,3,2.8,Exposed
2017_KEPPEL_H2_2,7/10/2017,2017,2017,H2,2,8,9,7.28,2.8,2.6,Exposed
2017_KEPPEL_H2_3,7/10/2017,2017,2017,H2,3,8,10,6.76,2.6,2.6,Exposed
2017_KEPPEL_H2_4,7/10/2017,2017,2017,H2,4,8,9,7.28,2.6,2.8,Exposed
2017_KEPPEL_H2_5,7/10/2017,2017,2017,H2,5,8,9,5.2,2.6,2,Exposed
2017_KEPPEL_M1_1,15/10/2017,2017,2017,M1,1,7,3,2,2,1,Sheltered
2017_KEPPEL_M1_2,15/10/2017,2017,2017,M1,2,7,3,2.4,2,1.2,Sheltered
2017_KEPPEL_M1_3,15/10/2017,2017,2017,M1,3,7,3,3.08,2.2,1.4,Sheltered
2017_KEPPEL_M1_4,15/10/2017,2017,2017,M1,4,7,3,3.2,2,1.6,Sheltered
2017_KEPPEL_M1_5,15/10/2017,2017,2017,M1,5,7,3,5.6,2.8,2,Sheltered
2017_KEPPEL_M2_1,14/10/2017,2017,2017,M2,1,8,3,4.2,3,1.4,Semi-exposed
2017_KEPPEL_M2_2,14/10/2017,2017,2017,M2,2,8,3,3.6,3,1.2,Semi-exposed
2017_KEPPEL_M2_3,14/10/2017,2017,2017,M2,3,8,3,3.36,2.8,1.2,Semi-exposed
2017_KEPPEL_M2_4,14/10/2017,2017,2017,M2,4,8,3,3.6,3,1.2,Semi-exposed
2017_KEPPEL_M2_5,14/10/2017,2017,2017,M2,5,7,3,3.6,3,1.2,Semi-exposed
2017_KEPPEL_M3_1,14/10/2017,2017,2017,M3,1,8,5,4.4,2,2.2,Semi-exposed
2017_KEPPEL_M3_2,14/10/2017,2017,2017,M3,2,8,5,2.8,2,1.4,Semi-exposed
2017_KEPPEL_M3_3,14/10/2017,2017,2017,M3,3,8,4,2.8,2,1.4,Semi-exposed
2017_KEPPEL_M3_4,14/10/2017,2017,2017,M3,4,8,4,3.96,1.8,2.2,Semi-exposed
2017_KEPPEL_M3_5,14/10/2017,2017,2017,M3,5,7,3,4.8,2,2.4,Semi-exposed
2017_KEPPEL_M4_1,15/10/2017,2017,2017,M4,1,8,3,2.8,2,1.4,Sheltered
2017_KEPPEL_M4_2,15/10/2017,2017,2017,M4,2,8,3,2.16,1.8,1.2,Sheltered
2017_KEPPEL_M4_3,15/10/2017,2017,2017,M4,3,7,3,5.2,2,2.6,Sheltered
2017_KEPPEL_M4_4,15/10/2017,2017,2017,M4,4,7,3,3.96,1.8,2.2,Sheltered
2017_KEPPEL_M4_5,15/10/2017,2017,2017,M4,5,7,3,5.28,2.2,2.4,Sheltered
2017_KEPPEL_NK1_1,9/10/2017,2017,2017,NK1,1,7,4,1.68,1.4,1.2,Sheltered
2017_KEPPEL_NK1_2,9/10/2017,2017,2017,NK1,2,7,4,2.24,1.6,1.4,Sheltered
2017_KEPPEL_NK1_3,9/10/2017,2017,2017,NK1,3,7,4,1.96,1.4,1.4,Sheltered
2017_KEPPEL_NK1_4,9/10/2017,2017,2017,NK1,4,6,5,1.68,1.4,1.2,Sheltered
2017_KEPPEL_NK1_5,9/10/2017,2017,2017,NK1,5,6,4,1.2,1.2,1,Sheltered
2017_KEPPEL_NK5_1,9/10/2017,2017,2017,NK5,1,7,9,4.48,1.6,2.8,Exposed
2017_KEPPEL_NK5_2,9/10/2017,2017,2017,NK5,2,7,7,7.2,2.4,3,Exposed
2017_KEPPEL_NK5_3,9/10/2017,2017,2017,NK5,3,6,7,16,4,4,Exposed
2017_KEPPEL_NK5_4,9/10/2017,2017,2017,NK5,4,7,9,11.52,3.2,3.6,Exposed
2017_KEPPEL_NK5_5,9/10/2017,2017,2017,NK5,5,7,9,14.4,3.6,4,Exposed
2017_KEPPEL_HU1_1,11/10/2017,2017,2017,HU1,1,8,4,2.8,2,1.4,Sheltered
2017_KEPPEL_HU1_2,11/10/2017,2017,2017,HU1,2,7,4,3.2,2,1.6,Sheltered
2017_KEPPEL_HU1_3,11/10/2017,2017,2017,HU1,3,7,4,2.8,2,1.4,Sheltered
2017_KEPPEL_HU1_4,11/10/2017,2017,2017,HU1,4,7,5,2.8,2,1.4,Sheltered
2017_KEPPEL_HU1_5,11/10/2017,2017,2017,HU1,5,7,6,2.16,1.8,1.2,Sheltered
2017_KEPPEL_HU2_1,11/10/2017,2017,2017,HU2,1,9,8,4,2,2,Exposed
2017_KEPPEL_HU2_2,11/10/2017,2017,2017,HU2,2,9,9,3.96,2.2,1.8,Exposed
2017_KEPPEL_HU2_3,11/10/2017,2017,2017,HU2,3,9,9,8.4,3,2.8,Exposed
2017_KEPPEL_HU2_4,11/10/2017,2017,2017,HU2,4,9,8,4.8,2,2.4,Exposed
2017_KEPPEL_HU2_5,11/10/2017,2017,2017,HU2,5,9,8,7.8,2.6,3,Exposed
2017_KEPPEL_OR1_1,10/10/2017,2017,2017,OR1,1,8,9,4.4,2,2.2,Semi-exposed
2017_KEPPEL_OR1_2,10/10/2017,2017,2017,OR1,2,8,10,4.8,2,2.4,Semi-exposed
2017_KEPPEL_OR1_3,10/10/2017,2017,2017,OR1,3,8,9,6,2,3,Semi-exposed
2017_KEPPEL_OR1_4,10/10/2017,2017,2017,OR1,4,8,8,5.6,2,2.8,Semi-exposed
2017_KEPPEL_OR1_5,10/10/2017,2017,2017,OR1,5,8,9,6.4,3.2,2,Semi-exposed
2017_WHITSUNDAY_HB1_1,17/11/2017,2017,2017,HB1,1,5,6,11.56,3.4,3.4,Exposed
2017_WHITSUNDAY_HB1_2,17/11/2017,2017,2017,HB1,2,5,7,15.96,4.2,3.8,Exposed
2017_WHITSUNDAY_HB1_3,17/11/2017,2017,2017,HB1,3,5,7,23,5,4.6,Exposed
2017_WHITSUNDAY_HB1_4,17/11/2017,2017,2017,HB1,4,5,6,8.4,2.8,3,Exposed
2017_WHITSUNDAY_HB1_5,17/11/2017,2017,2017,HB1,5,5,7,7.28,2.6,2.8,Exposed
2017_WHITSUNDAY_HB2_1,24/11/2017,2017,2017,HB2,1,7,8,25,5,5,Exposed
2017_WHITSUNDAY_HB2_2,24/11/2017,2017,2017,HB2,2,7,8,25,5,5,Exposed
2017_WHITSUNDAY_HB2_3,24/11/2017,2017,2017,HB2,3,8,8,25,5,5,Exposed
2017_WHITSUNDAY_HB2_4,24/11/2017,2017,2017,HB2,4,7,8,25,5,5,Exposed
2017_WHITSUNDAY_HB2_5,24/11/2017,2017,2017,HB2,5,7,8,24,5,4.8,Exposed
2017_WHITSUNDAY_HB3_1,17/11/2017,2017,2017,HB3,1,5,8,11.56,3.4,3.4,Sheltered
2017_WHITSUNDAY_HB3_2,17/11/2017,2017,2017,HB3,2,5,8,16,4,4,Sheltered
2017_WHITSUNDAY_HB3_3,17/11/2017,2017,2017,HB3,3,5,8,15.96,4.2,3.8,Sheltered
2017_WHITSUNDAY_HB3_4,17/11/2017,2017,2017,HB3,4,5,7,10.88,3.4,3.2,Sheltered
2017_WHITSUNDAY_HB3_5,17/11/2017,2017,2017,HB3,5,5,6,7.28,2.6,2.8,Sheltered
2017_WHITSUNDAY_HB4_1,19/11/2017,2017,2017,HB4,1,5,8,24,5,4.8,Exposed
2017_WHITSUNDAY_HB4_2,19/11/2017,2017,2017,HB4,2,5,9,23,5,4.6,Exposed
2017_WHITSUNDAY_HB4_3,19/11/2017,2017,2017,HB4,3,6,9,19.36,4.4,4.4,Exposed
2017_WHITSUNDAY_HB4_4,19/11/2017,2017,2017,HB4,4,5,9,22,5,4.4,Exposed
2017_WHITSUNDAY_HB4_5,19/11/2017,2017,2017,HB4,5,5,8,22,5,4.4,Exposed
2017_WHITSUNDAY_HB5_1,19/11/2017,2017,2017,HB5,1,5,6,6.72,2.8,2.4,Exposed
2017_WHITSUNDAY_HB5_2,19/11/2017,2017,2017,HB5,2,5,7,10.88,3.4,3.2,Exposed
2017_WHITSUNDAY_HB5_3,19/11/2017,2017,2017,HB5,3,5,8,10.88,3.2,3.4,Exposed
2017_WHITSUNDAY_HB5_4,19/11/2017,2017,2017,HB5,4,5,7,5.72,2.6,2.2,Exposed
2017_WHITSUNDAY_HB5_5,19/11/2017,2017,2017,HB5,5,5,7,9,3,3,Exposed
2017_WHITSUNDAY_HB7_1,17/11/2017,2017,2017,HB7,1,5,7,10.2,3.4,3,Exposed
2017_WHITSUNDAY_HB7_2,17/11/2017,2017,2017,HB7,2,4,7,5.2,2.6,2,Exposed
2017_WHITSUNDAY_HB7_3,17/11/2017,2017,2017,HB7,3,4,7,3.96,2.2,1.8,Exposed
2017_WHITSUNDAY_HB7_4,17/11/2017,2017,2017,HB7,4,5,8,14.4,3.6,4,Exposed
2017_WHITSUNDAY_HB7_5,17/11/2017,2017,2017,HB7,5,5,8,21,5,4.2,Exposed
2017_WHITSUNDAY_W1_1,1/12/2017,2017,2017,W1,1,5,7,21.12,4.8,4.4,Semi-exposed
2017_WHITSUNDAY_W1_2,1/12/2017,2017,2017,W1,2,5,7,18.4,4.6,4,Semi-exposed
2017_WHITSUNDAY_W1_3,1/12/2017,2017,2017,W1,3,5,7,22.08,4.8,4.6,Semi-exposed
2017_WHITSUNDAY_W1_4,1/12/2017,2017,2017,W1,4,5,7,22.08,4.8,4.6,Semi-exposed
2017_WHITSUNDAY_W1_5,1/12/2017,2017,2017,W1,5,5,7,24,5,4.8,Semi-exposed
2017_WHITSUNDAY_W2_1,30/11/2017,2017,2017,W2,1,6,8,10.2,3.4,3,Semi-exposed
2017_WHITSUNDAY_W2_2,30/11/2017,2017,2017,W2,2,6,8,10.88,3.2,3.4,Semi-exposed
2017_WHITSUNDAY_W2_3,30/11/2017,2017,2017,W2,3,6,8,11.56,3.4,3.4,Semi-exposed
2017_WHITSUNDAY_W2_4,30/11/2017,2017,2017,W2,4,6,8,11.4,3.8,3,Semi-exposed
2017_WHITSUNDAY_W2_5,30/11/2017,2017,2017,W2,5,6,8,7.8,3,2.6,Semi-exposed
2017_WHITSUNDAY_W3_1,25/11/2017,2017,2017,W3,1,5,7,8.32,3.2,2.6,Semi-exposed
2017_WHITSUNDAY_W3_2,25/11/2017,2017,2017,W3,2,6,8,11.56,3.4,3.4,Semi-exposed
2017_WHITSUNDAY_W3_3,25/11/2017,2017,2017,W3,3,6,8,15.96,4.2,3.8,Semi-exposed
2017_WHITSUNDAY_W3_4,25/11/2017,2017,2017,W3,4,6,7,9.6,3.2,3,Semi-exposed
2017_WHITSUNDAY_W3_5,25/11/2017,2017,2017,W3,5,6,7,7.04,3.2,2.2,Semi-exposed
2017_WHITSUNDAY_W4_1,30/11/2017,2017,2017,W4,1,4,5,10.88,3.2,3.4,Semi-exposed
2017_WHITSUNDAY_W4_2,30/11/2017,2017,2017,W4,2,4,5,9.6,3.2,3,Semi-exposed
2017_WHITSUNDAY_W4_3,30/11/2017,2017,2017,W4,3,4,4,10.88,3.4,3.2,Semi-exposed
2017_WHITSUNDAY_W4_4,30/11/2017,2017,2017,W4,4,4,5,10.88,3.4,3.2,Semi-exposed
2017_WHITSUNDAY_W4_5,30/11/2017,2017,2017,W4,5,5,5,10.88,3.4,3.2,Semi-exposed
2017_WHITSUNDAY_W5_1,25/11/2017,2017,2017,W5,1,5,7,9,3,3,Semi-exposed
2017_WHITSUNDAY_W5_2,25/11/2017,2017,2017,W5,2,5,7,9.36,3.6,2.6,Semi-exposed
2017_WHITSUNDAY_W5_3,25/11/2017,2017,2017,W5,3,4,7,16.8,4.2,4,Semi-exposed
2017_WHITSUNDAY_W5_4,25/11/2017,2017,2017,W5,4,5,7,5.4,3,1.8,Semi-exposed
2017_WHITSUNDAY_W5_5,25/11/2017,2017,2017,W5,5,5,7,9.52,3.4,2.8,Semi-exposed
2017_WHITSUNDAY_W6_1,18/11/2017,2017,2017,W6,1,3,7,9.6,3.2,3,Semi-exposed
2017_WHITSUNDAY_W6_2,18/11/2017,2017,2017,W6,2,3,7,12.24,3.4,3.6,Semi-exposed
2017_WHITSUNDAY_W6_3,18/11/2017,2017,2017,W6,3,4,8,16,4,4,Semi-exposed
2017_WHITSUNDAY_W6_4,18/11/2017,2017,2017,W6,4,4,8,11.56,3.4,3.4,Semi-exposed
2017_WHITSUNDAY_W6_5,18/11/2017,2017,2017,W6,5,4,8,12.24,3.4,3.6,Semi-exposed
2017_WHITSUNDAY_W7_1,25/11/2017,2017,2017,W7,1,5,4,19.32,4.6,4.2,Semi-exposed
2017_WHITSUNDAY_W7_2,25/11/2017,2017,2017,W7,2,5,4,10.24,3.2,3.2,Semi-exposed
2017_WHITSUNDAY_W7_3,25/11/2017,2017,2017,W7,3,4,4,9.6,3,3.2,Semi-exposed
2017_WHITSUNDAY_W7_4,25/11/2017,2017,2017,W7,4,5,5,14.96,4.4,3.4,Semi-exposed
2017_WHITSUNDAY_W7_5,25/11/2017,2017,2017,W7,5,4,5,11.52,3.6,3.2,Semi-exposed
2017_WHITSUNDAY_W8_1,18/11/2017,2017,2017,W8,1,3,6,7.8,3,2.6,Semi-exposed
2017_WHITSUNDAY_W8_2,18/11/2017,2017,2017,W8,2,3,6,13.68,3.8,3.6,Semi-exposed
2017_WHITSUNDAY_W8_3,18/11/2017,2017,2017,W8,3,4,7,11.56,3.4,3.4,Semi-exposed
2017_WHITSUNDAY_W8_4,18/11/2017,2017,2017,W8,4,4,5,12.24,3.6,3.4,Semi-exposed
2017_WHITSUNDAY_W8_5,18/11/2017,2017,2017,W8,5,4,5,7.84,2.8,2.8,Semi-exposed
2017_WHITSUNDAY_W9_1,18/11/2017,2017,2017,W9,1,4,5,9,3,3,Semi-exposed
2017_WHITSUNDAY_W9_2,18/11/2017,2017,2017,W9,2,4,5,4.84,2.2,2.2,Semi-exposed
2017_WHITSUNDAY_W9_3,18/11/2017,2017,2017,W9,3,3,6,7.8,2.6,3,Semi-exposed
2017_WHITSUNDAY_W9_4,18/11/2017,2017,2017,W9,4,3,6,7.28,2.8,2.6,Semi-exposed
2017_WHITSUNDAY_W9_5,18/11/2017,2017,2017,W9,5,2,7,10.88,3.4,3.2,Semi-exposed
2017_WHITSUNDAY_B1_1,1/12/2017,2017,2017,B1,1,6,9,4.8,2.4,2,Sheltered
2017_WHITSUNDAY_B1_2,1/12/2017,2017,2017,B1,2,6,8,3.2,2,1.6,Sheltered
2017_WHITSUNDAY_B1_3,1/12/2017,2017,2017,B1,3,6,10,7.28,2.8,2.6,Sheltered
2017_WHITSUNDAY_B1_4,1/12/2017,2017,2017,B1,4,6,9,5.72,2.6,2.2,Sheltered
2017_WHITSUNDAY_B1_5,1/12/2017,2017,2017,B1,5,6,9,5.72,2.6,2.2,Sheltered
2017_WHITSUNDAY_B2_1,24/11/2017,2017,2017,B2,1,4,8,6.16,2.8,2.2,Sheltered
2017_WHITSUNDAY_B2_2,24/11/2017,2017,2017,B2,2,5,8,7.28,2.8,2.6,Sheltered
2017_WHITSUNDAY_B2_3,24/11/2017,2017,2017,B2,3,4,8,7.8,3,2.6,Sheltered
2017_WHITSUNDAY_B2_4,24/11/2017,2017,2017,B2,4,5,8,8.4,3,2.8,Sheltered
2017_WHITSUNDAY_B2_5,24/11/2017,2017,2017,B2,5,4,8,7.2,3,2.4,Sheltered
2017_WHITSUNDAY_B3_1,29/11/2017,2017,2017,B3,1,9,8,13.68,3.6,3.8,Exposed
2017_WHITSUNDAY_B3_2,29/11/2017,2017,2017,B3,2,9,7,14.4,4,3.6,Exposed
2017_WHITSUNDAY_B3_3,29/11/2017,2017,2017,B3,3,9,7,10.2,3,3.4,Exposed
2017_WHITSUNDAY_B3_4,29/11/2017,2017,2017,B3,4,8,7,17.64,4.2,4.2,Exposed
2017_WHITSUNDAY_B3_5,29/11/2017,2017,2017,B3,5,8,7,16.72,4.4,3.8,Exposed
2017_WHITSUNDAY_B4_1,29/11/2017,2017,2017,B4,1,8,7,8.84,3.4,2.6,Exposed
2017_WHITSUNDAY_B4_2,29/11/2017,2017,2017,B4,2,8,8,13.68,3.8,3.6,Exposed
2017_WHITSUNDAY_B4_3,29/11/2017,2017,2017,B4,3,8,8,18.48,4.4,4.2,Exposed
2017_WHITSUNDAY_B4_4,29/11/2017,2017,2017,B4,4,8,7,9.52,3.4,2.8,Exposed
2017_WHITSUNDAY_B4_5,29/11/2017,2017,2017,B4,5,8,6,21.16,4.6,4.6,Exposed
2017_WHITSUNDAY_B5_1,15/11/2017,2017,2017,B5,1,4,8,7.84,2.8,2.8,Semi-exposed
2017_WHITSUNDAY_B5_2,15/11/2017,2017,2017,B5,2,4,8,6.72,2.8,2.4,Semi-exposed
2017_WHITSUNDAY_B5_3,15/11/2017,2017,2017,B5,3,4,8,13.68,3.6,3.8,Semi-exposed
2017_WHITSUNDAY_B5_4,15/11/2017,2017,2017,B5,4,4,8,5.28,2.4,2.2,Semi-exposed
2017_WHITSUNDAY_B5_5,15/11/2017,2017,2017,B5,5,4,8,4.8,2.4,2,Semi-exposed
2017_WHITSUNDAY_B6_1,15/11/2017,2017,2017,B6,1,3,6,9.36,3.6,2.6,Semi-exposed
2017_WHITSUNDAY_B6_2,15/11/2017,2017,2017,B6,2,3,7,16.8,4,4.2,Semi-exposed
2017_WHITSUNDAY_B6_3,15/11/2017,2017,2017,B6,3,3,6,21.12,4.4,4.8,Semi-exposed
2017_WHITSUNDAY_B6_4,15/11/2017,2017,2017,B6,4,4,5,8.96,3.2,2.8,Semi-exposed
2017_WHITSUNDAY_B6_5,15/11/2017,2017,2017,B6,5,3,7,12.24,3.6,3.4,Semi-exposed
2017_WHITSUNDAY_BL1_1,27/11/2017,2017,2017,BL1,1,9,7,11.52,3.2,3.6,Semi-exposed
2017_WHITSUNDAY_BL1_2,27/11/2017,2017,2017,BL1,2,9,7,14.4,4,3.6,Semi-exposed
2017_WHITSUNDAY_BL1_3,27/11/2017,2017,2017,BL1,3,9,7,16,4,4,Semi-exposed
2017_WHITSUNDAY_BL1_4,27/11/2017,2017,2017,BL1,4,8,7,13.6,4,3.4,Semi-exposed
2017_WHITSUNDAY_BL1_5,27/11/2017,2017,2017,BL1,5,8,6,12,4,3,Semi-exposed
2017_WHITSUNDAY_BL2_1,27/11/2017,2017,2017,BL2,1,6,7,14.4,3.6,4,Sheltered
2017_WHITSUNDAY_BL2_2,27/11/2017,2017,2017,BL2,2,5,7,13.68,3.6,3.8,Sheltered
2017_WHITSUNDAY_BL2_3,27/11/2017,2017,2017,BL2,3,6,8,13.6,3.4,4,Sheltered
2017_WHITSUNDAY_BL2_4,27/11/2017,2017,2017,BL2,4,6,8,16,4,4,Sheltered
2017_WHITSUNDAY_BL2_5,27/11/2017,2017,2017,BL2,5,6,9,15.2,3.8,4,Sheltered
2017_WHITSUNDAY_DB1_1,1/12/2017,2017,2017,DB1,1,5,5,8.96,3.2,2.8,Semi-exposed
2017_WHITSUNDAY_DB1_2,1/12/2017,2017,2017,DB1,2,5,6,3.6,2,1.8,Semi-exposed
2017_WHITSUNDAY_DB1_3,1/12/2017,2017,2017,DB1,3,4,7,5.28,2.4,2.2,Semi-exposed
2017_WHITSUNDAY_DB1_4,1/12/2017,2017,2017,DB1,4,4,7,3.24,1.8,1.8,Semi-exposed
2017_WHITSUNDAY_DB1_5,1/12/2017,2017,2017,DB1,5,4,9,1.96,1.4,1.4,Semi-exposed
2017_WHITSUNDAY_DB2_1,24/11/2017,2017,2017,DB2,1,6,8,9.52,3.4,2.8,Semi-exposed
2017_WHITSUNDAY_DB2_2,24/11/2017,2017,2017,DB2,2,6,8,9.52,3.4,2.8,Semi-exposed
2017_WHITSUNDAY_DB2_3,24/11/2017,2017,2017,DB2,3,6,8,9,3,3,Semi-exposed
2017_WHITSUNDAY_DB2_4,24/11/2017,2017,2017,DB2,4,6,8,8.96,3.2,2.8,Semi-exposed
2017_WHITSUNDAY_DB2_5,24/11/2017,2017,2017,DB2,5,6,8,14.4,4,3.6,Semi-exposed
2017_WHITSUNDAY_ESK1_1,30/11/2017,2017,2017,ESK1,1,4,7,11.52,3.2,3.6,Exposed
2017_WHITSUNDAY_ESK1_2,30/11/2017,2017,2017,ESK1,2,3,8,9.6,3,3.2,Exposed
2017_WHITSUNDAY_ESK1_3,30/11/2017,2017,2017,ESK1,3,3,7,13.68,3.8,3.6,Exposed
2017_WHITSUNDAY_ESK1_4,30/11/2017,2017,2017,ESK1,4,4,7,12.96,3.6,3.6,Exposed
2017_WHITSUNDAY_ESK1_5,30/11/2017,2017,2017,ESK1,5,4,7,10.24,3.2,3.2,Exposed
2017_WHITSUNDAY_HG1_1,21/11/2017,2017,2017,HG1,1,5,7,14.44,3.8,3.8,Semi-exposed
2017_WHITSUNDAY_HG1_2,21/11/2017,2017,2017,HG1,2,5,7,16,4,4,Semi-exposed
2017_WHITSUNDAY_HG1_3,21/11/2017,2017,2017,HG1,3,5,8,21.12,4.4,4.8,Semi-exposed
2017_WHITSUNDAY_HG1_4,21/11/2017,2017,2017,HG1,4,5,7,16,4,4,Semi-exposed
2017_WHITSUNDAY_HG1_5,21/11/2017,2017,2017,HG1,5,5,7,21,5,4.2,Semi-exposed
2017_WHITSUNDAY_HG2_1,21/11/2017,2017,2017,HG2,1,5,8,15.2,3.8,4,Semi-exposed
2017_WHITSUNDAY_HG2_2,21/11/2017,2017,2017,HG2,2,5,8,17.6,4,4.4,Semi-exposed
2017_WHITSUNDAY_HG2_3,21/11/2017,2017,2017,HG2,3,5,8,12.24,3.4,3.6,Semi-exposed
2017_WHITSUNDAY_HG2_4,21/11/2017,2017,2017,HG2,4,5,8,13.68,3.8,3.6,Semi-exposed
2017_WHITSUNDAY_HG2_5,21/11/2017,2017,2017,HG2,5,5,8,15.2,3.8,4,Semi-exposed
2017_WHITSUNDAY_HG3_1,21/11/2017,2017,2017,HG3,1,6,8,17.64,4.2,4.2,Semi-exposed
2017_WHITSUNDAY_HG3_2,21/11/2017,2017,2017,HG3,2,5,8,21.16,4.6,4.6,Semi-exposed
2017_WHITSUNDAY_HG3_3,21/11/2017,2017,2017,HG3,3,5,8,23.04,4.8,4.8,Semi-exposed
2017_WHITSUNDAY_HG3_4,21/11/2017,2017,2017,HG3,4,6,7,18.48,4.4,4.2,Semi-exposed
2017_WHITSUNDAY_HG3_5,21/11/2017,2017,2017,HG3,5,5,8,12.96,3.6,3.6,Semi-exposed
2017_WHITSUNDAY_HG4_1,16/11/2017,2017,2017,HG4,1,5,7,10.24,3.2,3.2,Semi-exposed
2017_WHITSUNDAY_HG4_2,16/11/2017,2017,2017,HG4,2,5,8,12.96,3.6,3.6,Semi-exposed
2017_WHITSUNDAY_HG4_3,16/11/2017,2017,2017,HG4,3,5,8,17.6,4,4.4,Semi-exposed
2017_WHITSUNDAY_HG4_4,16/11/2017,2017,2017,HG4,4,5,8,9,3,3,Semi-exposed
2017_WHITSUNDAY_HG4_5,16/11/2017,2017,2017,HG4,5,5,8,8.32,3.2,2.6,Semi-exposed
2017_WHITSUNDAY_HG5_1,16/11/2017,2017,2017,HG5,1,5,7,19.36,4.4,4.4,Semi-exposed
2017_WHITSUNDAY_HG5_2,16/11/2017,2017,2017,HG5,2,5,8,15.2,3.8,4,Semi-exposed
2017_WHITSUNDAY_HG5_3,16/11/2017,2017,2017,HG5,3,5,7,21.16,4.6,4.6,Semi-exposed
2017_WHITSUNDAY_HG5_4,16/11/2017,2017,2017,HG5,4,5,8,18.48,4.4,4.2,Semi-exposed
2017_WHITSUNDAY_HG5_5,16/11/2017,2017,2017,HG5,5,5,8,11.52,3.6,3.2,Semi-exposed
2017_WHITSUNDAY_HG6_1,16/11/2017,2017,2017,HG6,1,5,8,11.56,3.4,3.4,Semi-exposed
2017_WHITSUNDAY_HG6_2,16/11/2017,2017,2017,HG6,2,5,8,15.2,4,3.8,Semi-exposed
2017_WHITSUNDAY_HG6_3,16/11/2017,2017,2017,HG6,3,5,7,7.84,2.8,2.8,Semi-exposed
2017_WHITSUNDAY_HG6_4,16/11/2017,2017,2017,HG6,4,5,7,13.6,3.4,4,Semi-exposed
2017_WHITSUNDAY_HG6_5,16/11/2017,2017,2017,HG6,5,4,8,20.24,4.4,4.6,Semi-exposed
2017_WHITSUNDAY_HG7_1,19/11/2017,2017,2017,HG7,1,5,8,16.56,3.6,4.6,Exposed
2017_WHITSUNDAY_HG7_2,19/11/2017,2017,2017,HG7,2,5,9,16.8,4.2,4,Exposed
2017_WHITSUNDAY_HG7_3,19/11/2017,2017,2017,HG7,3,5,9,16,4,4,Exposed
2017_WHITSUNDAY_HG7_4,19/11/2017,2017,2017,HG7,4,5,8,13.6,4,3.4,Exposed
2017_WHITSUNDAY_HG7_5,19/11/2017,2017,2017,HG7,5,5,8,12.96,3.6,3.6,Exposed
2017_WHITSUNDAY_HW1_1,28/11/2017,2017,2017,HW1,1,8,7,16.8,4,4.2,Sheltered
2017_WHITSUNDAY_HW1_2,28/11/2017,2017,2017,HW1,2,7,7,22.08,4.6,4.8,Sheltered
2017_WHITSUNDAY_HW1_3,28/11/2017,2017,2017,HW1,3,7,7,20.24,4.4,4.6,Sheltered
2017_WHITSUNDAY_HW1_4,28/11/2017,2017,2017,HW1,4,7,8,15.2,3.8,4,Sheltered
2017_WHITSUNDAY_HW1_5,28/11/2017,2017,2017,HW1,5,7,8,16,4,4,Sheltered
2017_WHITSUNDAY_HW2_1,28/11/2017,2017,2017,HW2,1,6,6,8.96,2.8,3.2,Sheltered
2017_WHITSUNDAY_HW2_2,28/11/2017,2017,2017,HW2,2,6,5,7.28,2.8,2.6,Sheltered
2017_WHITSUNDAY_HW2_3,28/11/2017,2017,2017,HW2,3,6,6,12.24,3.4,3.6,Sheltered
2017_WHITSUNDAY_HW2_4,28/11/2017,2017,2017,HW2,4,6,6,11.56,3.4,3.4,Sheltered
2017_WHITSUNDAY_HW2_5,28/11/2017,2017,2017,HW2,5,5,6,15.2,4,3.8,Sheltered
2017_WHITSUNDAY_HW3_1,28/11/2017,2017,2017,HW3,1,6,7,21.16,4.6,4.6,Sheltered
2017_WHITSUNDAY_HW3_2,28/11/2017,2017,2017,HW3,2,6,7,10.88,3.4,3.2,Sheltered
2017_WHITSUNDAY_HW3_3,28/11/2017,2017,2017,HW3,3,6,7,14.44,3.8,3.8,Sheltered
2017_WHITSUNDAY_HW3_4,28/11/2017,2017,2017,HW3,4,6,8,19.36,4.4,4.4,Sheltered
2017_WHITSUNDAY_HW3_5,28/11/2017,2017,2017,HW3,5,6,8,19.36,4.4,4.4,Sheltered
2017_WHITSUNDAY_L1_1,27/11/2017,2017,2017,L1,1,7,7,14.4,3.6,4,Sheltered
2017_WHITSUNDAY_L1_2,27/11/2017,2017,2017,L1,2,7,7,10.24,3.2,3.2,Sheltered
2017_WHITSUNDAY_L1_3,27/11/2017,2017,2017,L1,3,7,7,6.76,2.6,2.6,Sheltered
2017_WHITSUNDAY_L1_4,27/11/2017,2017,2017,L1,4,7,9,15.2,3.8,4,Sheltered
2017_WHITSUNDAY_L1_5,27/11/2017,2017,2017,L1,5,7,9,17.6,4,4.4,Sheltered
2017_WHITSUNDAY_DE1_1,29/11/2017,2017,2017,DE1,1,8,7,6.6,3,2.2,Exposed
2017_WHITSUNDAY_DE1_2,29/11/2017,2017,2017,DE1,2,7,9,11.52,3.6,3.2,Exposed
2017_WHITSUNDAY_DE1_3,29/11/2017,2017,2017,DE1,3,7,9,10.2,3.4,3,Exposed
2017_WHITSUNDAY_DE1_4,29/11/2017,2017,2017,DE1,4,6,8,5.28,2.4,2.2,Exposed
2017_WHITSUNDAY_DE1_5,29/11/2017,2017,2017,DE1,5,6,8,4.32,2.4,1.8,Exposed
2017_WHITSUNDAY_HE1_1,22/11/2017,2017,2017,HE1,1,6,7,16.8,4.2,4,Exposed
2017_WHITSUNDAY_HE1_2,22/11/2017,2017,2017,HE1,2,6,7,22.08,4.8,4.6,Exposed
2017_WHITSUNDAY_HE1_3,22/11/2017,2017,2017,HE1,3,6,7,17.64,4.2,4.2,Exposed
2017_WHITSUNDAY_HE1_4,22/11/2017,2017,2017,HE1,4,6,7,16.8,4,4.2,Exposed
2017_WHITSUNDAY_HE1_5,22/11/2017,2017,2017,HE1,5,6,7,20.16,4.8,4.2,Exposed
2017_WHITSUNDAY_HE2_1,22/11/2017,2017,2017,HE2,1,6,6,25,5,5,Exposed
2017_WHITSUNDAY_HE2_2,22/11/2017,2017,2017,HE2,2,6,7,25,5,5,Exposed
2017_WHITSUNDAY_HE2_3,22/11/2017,2017,2017,HE2,3,6,8,25,5,5,Exposed
2017_WHITSUNDAY_HE2_4,22/11/2017,2017,2017,HE2,4,7,7,22.08,4.6,4.8,Exposed
2017_WHITSUNDAY_HE2_5,22/11/2017,2017,2017,HE2,5,7,8,21.16,4.6,4.6,Exposed
2017_WHITSUNDAY_HE3_1,22/11/2017,2017,2017,HE3,1,6,7,17.6,4,4.4,Exposed
2017_WHITSUNDAY_HE3_2,22/11/2017,2017,2017,HE3,2,6,8,16,4,4,Exposed
2017_WHITSUNDAY_HE3_3,22/11/2017,2017,2017,HE3,3,5,7,15.12,3.6,4.2,Exposed
2017_WHITSUNDAY_HE3_4,22/11/2017,2017,2017,HE3,4,6,7,6.24,2.4,2.6,Exposed
2017_WHITSUNDAY_HE3_5,22/11/2017,2017,2017,HE3,5,6,8,9,3,3,Exposed
2017_WHITSUNDAY_HY1_1,23/11/2017,2017,2017,HY1,1,6,7,19.36,4.4,4.4,Semi-exposed
2017_WHITSUNDAY_HY1_2,23/11/2017,2017,2017,HY1,2,6,7,13.68,3.6,3.8,Semi-exposed
2017_WHITSUNDAY_HY1_3,23/11/2017,2017,2017,HY1,3,6,8,13.6,3.4,4,Semi-exposed
2017_WHITSUNDAY_HY1_4,23/11/2017,2017,2017,HY1,4,6,7,18.48,4.4,4.2,Semi-exposed
2017_WHITSUNDAY_HY1_5,23/11/2017,2017,2017,HY1,5,6,7,21.12,4.8,4.4,Semi-exposed
2017_WHITSUNDAY_HY2_1,23/11/2017,2017,2017,HY2,1,6,6,8.32,2.6,3.2,Semi-exposed
2017_WHITSUNDAY_HY2_2,23/11/2017,2017,2017,HY2,2,6,8,16,4,4,Semi-exposed
2017_WHITSUNDAY_HY2_3,23/11/2017,2017,2017,HY2,3,6,8,12.96,3.6,3.6,Semi-exposed
2017_WHITSUNDAY_HY2_4,23/11/2017,2017,2017,HY2,4,6,7,13.68,3.6,3.8,Semi-exposed
2017_WHITSUNDAY_HY2_5,23/11/2017,2017,2017,HY2,5,6,8,10.88,3.2,3.4,Semi-exposed
2017_WHITSUNDAY_HY3_1,23/11/2017,2017,2017,HY3,1,6,7,11.56,3.4,3.4,Sheltered
2017_WHITSUNDAY_HY3_2,23/11/2017,2017,2017,HY3,2,6,7,12.24,3.6,3.4,Sheltered
2017_WHITSUNDAY_HY3_3,23/11/2017,2017,2017,HY3,3,6,7,12.24,3.4,3.6,Sheltered
2017_WHITSUNDAY_HY3_4,23/11/2017,2017,2017,HY3,4,6,7,12.24,3.6,3.4,Sheltered
2017_WHITSUNDAY_HY3_5,23/11/2017,2017,2017,HY3,5,6,8,11.56,3.4,3.4,Sheltered
2018_PALM_C4_1,26/08/2018,2018,2018,C4,1,7,8,18.4,4,4.6,Semi-exposed
2018_PALM_C4_2,26/08/2018,2018,2018,C4,2,7,8,18.48,4.2,4.4,Semi-exposed
2018_PALM_C4_3,26/08/2018,2018,2018,C4,3,7,8,12.96,3.6,3.6,Semi-exposed
2018_PALM_C4_4,26/08/2018,2018,2018,C4,4,6,8,15.96,3.8,4.2,Semi-exposed
2018_PALM_C4_5,26/08/2018,2018,2018,C4,5,8,7,5.28,2.4,2.2,Semi-exposed
2018_PALM_C5_1,26/08/2018,2018,2018,C5,1,6,6,7.84,2.8,2.8,Semi-exposed
2018_PALM_C5_2,26/08/2018,2018,2018,C5,2,6,7,7.84,2.8,2.8,Semi-exposed
2018_PALM_C5_3,26/08/2018,2018,2018,C5,3,6,7,6.76,2.6,2.6,Semi-exposed
2018_PALM_C5_4,26/08/2018,2018,2018,C5,4,7,7,6.24,2.4,2.6,Semi-exposed
2018_PALM_C5_5,26/08/2018,2018,2018,C5,5,7,5,6.76,2.6,2.6,Semi-exposed
2018_PALM_C6_1,21/08/2018,2018,2018,C6,1,8,6,4.32,2.4,1.8,Sheltered
2018_PALM_C6_2,21/08/2018,2018,2018,C6,2,7,6,4.68,2.6,1.8,Sheltered
2018_PALM_C6_3,21/08/2018,2018,2018,C6,3,7,6,3.6,2,1.8,Sheltered
2018_PALM_C6_4,21/08/2018,2018,2018,C6,4,7,6,5.28,2.4,2.2,Sheltered
2018_PALM_C6_5,21/08/2018,2018,2018,C6,5,7,6,9.6,3.2,3,Sheltered
2018_PALM_PE1_1,19/08/2018,2018,2018,PE1,1,10,7,15.2,3.8,4,Exposed
2018_PALM_PE1_2,19/08/2018,2018,2018,PE1,2,10,7,12.24,3.4,3.6,Exposed
2018_PALM_PE1_3,19/08/2018,2018,2018,PE1,3,8,8,11.56,3.4,3.4,Exposed
2018_PALM_PE1_4,19/08/2018,2018,2018,PE1,4,8,5,7.28,2.6,2.8,Exposed
2018_PALM_PE1_5,19/08/2018,2018,2018,PE1,5,8,7,10.88,3.2,3.4,Exposed
2018_PALM_PE2_1,18/08/2018,2018,2018,PE2,1,10,6,9,3,3,Exposed
2018_PALM_PE2_2,18/08/2018,2018,2018,PE2,2,10,7,11.4,3,3.8,Exposed
2018_PALM_PE2_3,18/08/2018,2018,2018,PE2,3,8,8,16.72,3.8,4.4,Exposed
2018_PALM_PE2_4,18/08/2018,2018,2018,PE2,4,8,8,9.52,2.8,3.4,Exposed
2018_PALM_PE2_5,18/08/2018,2018,2018,PE2,5,8,8,9.52,2.8,3.4,Exposed
2018_PALM_PE3_1,18/08/2018,2018,2018,PE3,1,10,8,14.4,3.6,4,Exposed
2018_PALM_PE3_2,18/08/2018,2018,2018,PE3,2,10,8,17.64,4.2,4.2,Exposed
2018_PALM_PE3_3,18/08/2018,2018,2018,PE3,3,10,8,19.36,4.4,4.4,Exposed
2018_PALM_PE3_4,18/08/2018,2018,2018,PE3,4,10,8,13.68,3.6,3.8,Exposed
2018_PALM_PE3_5,18/08/2018,2018,2018,PE3,5,10,8,16.8,4,4.2,Exposed
2018_PALM_PE4_1,22/08/2018,2018,2018,PE4,1,8,8,12.24,3.4,3.6,Exposed
2018_PALM_PE4_2,22/08/2018,2018,2018,PE4,2,8,9,12.96,3.6,3.6,Exposed
2018_PALM_PE4_3,22/08/2018,2018,2018,PE4,3,8,8,13.68,3.6,3.8,Exposed
2018_PALM_PE4_4,22/08/2018,2018,2018,PE4,4,8,7,12.92,3.4,3.8,Exposed
2018_PALM_PE4_5,22/08/2018,2018,2018,PE4,5,8,8,11.52,3.2,3.6,Exposed
2018_PALM_PE5_1,22/08/2018,2018,2018,PE5,1,8,7,16.8,4,4.2,Exposed
2018_PALM_PE5_2,22/08/2018,2018,2018,PE5,2,8,8,19.32,4.2,4.6,Exposed
2018_PALM_PE5_3,22/08/2018,2018,2018,PE5,3,8,8,16.72,3.8,4.4,Exposed
2018_PALM_PE5_4,22/08/2018,2018,2018,PE5,4,8,8,15.2,3.8,4,Exposed
2018_PALM_PE5_5,22/08/2018,2018,2018,PE5,5,8,8,12.16,3.8,3.2,Exposed
2018_PALM_PE6_1,24/08/2018,2018,2018,PE6,1,8,7,17.6,4,4.4,Exposed
2018_PALM_PE6_2,24/08/2018,2018,2018,PE6,2,8,8,12.92,3.4,3.8,Exposed
2018_PALM_PE6_3,24/08/2018,2018,2018,PE6,3,8,8,10.8,3,3.6,Exposed
2018_PALM_PE6_4,24/08/2018,2018,2018,PE6,4,8,7,15.96,3.8,4.2,Exposed
2018_PALM_PE6_5,24/08/2018,2018,2018,PE6,5,8,7,14.28,3.4,4.2,Exposed
2018_PALM_PS1_1,25/08/2018,2018,2018,PS1,1,7,7,6.6,3,2.2,Sheltered
2018_PALM_PS1_2,25/08/2018,2018,2018,PS1,2,7,8,7.2,3,2.4,Sheltered
2018_PALM_PS1_3,25/08/2018,2018,2018,PS1,3,7,7,9.6,3.2,3,Sheltered
2018_PALM_PS1_4,25/08/2018,2018,2018,PS1,4,7,7,7.2,3,2.4,Sheltered
2018_PALM_PS1_5,25/08/2018,2018,2018,PS1,5,7,7,10.2,3,3.4,Sheltered
2018_PALM_PS2_1,25/08/2018,2018,2018,PS2,1,6,7,9.6,3,3.2,Sheltered
2018_PALM_PS2_2,25/08/2018,2018,2018,PS2,2,6,7,11.56,3.4,3.4,Sheltered
2018_PALM_PS2_3,25/08/2018,2018,2018,PS2,3,6,7,13.68,3.6,3.8,Sheltered
2018_PALM_PS2_4,25/08/2018,2018,2018,PS2,4,6,6,9.6,3,3.2,Sheltered
2018_PALM_PS2_5,25/08/2018,2018,2018,PS2,5,6,6,7.84,2.8,2.8,Sheltered
2018_PALM_PS3_1,24/08/2018,2018,2018,PS3,1,8,7,10.2,3,3.4,Sheltered
2018_PALM_PS3_2,24/08/2018,2018,2018,PS3,2,8,7,12.92,3.4,3.8,Sheltered
2018_PALM_PS3_3,24/08/2018,2018,2018,PS3,3,8,7,11.52,3.2,3.6,Sheltered
2018_PALM_PS3_4,24/08/2018,2018,2018,PS3,4,8,8,12.96,3.6,3.6,Sheltered
2018_PALM_PS3_5,24/08/2018,2018,2018,PS3,5,7,8,8.4,3,2.8,Sheltered
2018_PALM_PS4_1,28/08/2018,2018,2018,PS4,1,7,5,4.84,2.2,2.2,Sheltered
2018_PALM_PS4_2,28/08/2018,2018,2018,PS4,2,6,6,4,2,2,Sheltered
2018_PALM_PS4_3,28/08/2018,2018,2018,PS4,3,6,5,15.12,3.6,4.2,Sheltered
2018_PALM_PS4_4,28/08/2018,2018,2018,PS4,4,7,6,13.68,3.6,3.8,Sheltered
2018_PALM_PS4_5,28/08/2018,2018,2018,PS4,5,6,5,4.84,2.2,2.2,Sheltered
2018_PALM_PS5_1,20/08/2018,2018,2018,PS5,1,8,8,12.8,3.2,4,Sheltered
2018_PALM_PS5_2,20/08/2018,2018,2018,PS5,2,8,8,10.88,3.2,3.4,Sheltered
2018_PALM_PS5_3,20/08/2018,2018,2018,PS5,3,8,8,10.88,3.2,3.4,Sheltered
2018_PALM_PS5_4,20/08/2018,2018,2018,PS5,4,8,7,9.6,3,3.2,Sheltered
2018_PALM_PS5_5,20/08/2018,2018,2018,PS5,5,8,8,12.96,3.6,3.6,Sheltered
2018_PALM_PS6_1,20/08/2018,2018,2018,PS6,1,7,8,15.84,3.6,4.4,Semi-exposed
2018_PALM_PS6_2,20/08/2018,2018,2018,PS6,2,8,8,13.68,3.6,3.8,Semi-exposed
2018_PALM_PS6_3,20/08/2018,2018,2018,PS6,3,8,8,14.28,3.4,4.2,Semi-exposed
2018_PALM_PS6_4,20/08/2018,2018,2018,PS6,4,8,8,9.52,2.8,3.4,Semi-exposed
2018_PALM_PS6_5,20/08/2018,2018,2018,PS6,5,8,6,8.32,2.6,3.2,Semi-exposed
2018_PALM_C1_1,21/08/2018,2018,2018,C1,1,7,6,7.8,3,2.6,Sheltered
2018_PALM_C1_2,21/08/2018,2018,2018,C1,2,7,7,10.88,3.4,3.2,Sheltered
2018_PALM_C1_3,21/08/2018,2018,2018,C1,3,6,7,10.24,3.2,3.2,Sheltered
2018_PALM_C1_4,21/08/2018,2018,2018,C1,4,6,6,7.68,3.2,2.4,Sheltered
2018_PALM_C1_5,21/08/2018,2018,2018,C1,5,6,6,7.2,3,2.4,Sheltered
2018_PALM_C2_1,21/08/2018,2018,2018,C2,1,8,8,9.6,3.2,3,Sheltered
2018_PALM_C2_2,21/08/2018,2018,2018,C2,2,7,8,9.6,3,3.2,Sheltered
2018_PALM_C2_3,21/08/2018,2018,2018,C2,3,7,8,10.8,3.6,3,Sheltered
2018_PALM_C2_4,21/08/2018,2018,2018,C2,4,7,8,8.4,3,2.8,Sheltered
2018_PALM_C2_5,21/08/2018,2018,2018,C2,5,7,9,7.8,3,2.6,Sheltered
2018_PALM_C3_1,26/08/2018,2018,2018,C3,1,7,7,9.6,3,3.2,Sheltered
2018_PALM_C3_2,26/08/2018,2018,2018,C3,2,7,8,14.44,3.8,3.8,Sheltered
2018_PALM_C3_3,26/08/2018,2018,2018,C3,3,7,7,9.6,3.2,3,Sheltered
2018_PALM_C3_4,26/08/2018,2018,2018,C3,4,6,8,9.6,3.2,3,Sheltered
2018_PALM_C3_5,26/08/2018,2018,2018,C3,5,6,8,14.4,4,3.6,Sheltered
2018_PALM_OE1_1,22/08/2018,2018,2018,OE1,1,7,6,10.88,3.2,3.4,Exposed
2018_PALM_OE1_2,22/08/2018,2018,2018,OE1,2,6,5,8.4,2.8,3,Exposed
2018_PALM_OE1_3,22/08/2018,2018,2018,OE1,3,6,6,9.6,3.2,3,Exposed
2018_PALM_OE1_4,22/08/2018,2018,2018,OE1,4,7,6,7.68,2.4,3.2,Exposed
2018_PALM_OE1_5,22/08/2018,2018,2018,OE1,5,6,4,9,3,3,Exposed
2018_PALM_OE2_1,27/08/2018,2018,2018,OE2,1,6,8,6.24,2.4,2.6,Exposed
2018_PALM_OE2_2,27/08/2018,2018,2018,OE2,2,6,8,7.28,2.8,2.6,Exposed
2018_PALM_OE2_3,27/08/2018,2018,2018,OE2,3,6,8,9.6,3,3.2,Exposed
2018_PALM_OE2_4,27/08/2018,2018,2018,OE2,4,7,8,10.24,3.2,3.2,Exposed
2018_PALM_OE2_5,27/08/2018,2018,2018,OE2,5,7,7,12.24,3.4,3.6,Exposed
2018_PALM_OE3_1,27/08/2018,2018,2018,OE3,1,7,6,7.28,2.6,2.8,Exposed
2018_PALM_OE3_2,27/08/2018,2018,2018,OE3,2,7,6,11.52,3.2,3.6,Exposed
2018_PALM_OE3_3,27/08/2018,2018,2018,OE3,3,7,6,10.88,3.2,3.4,Exposed
2018_PALM_OE3_4,27/08/2018,2018,2018,OE3,4,7,6,8.96,3.2,2.8,Exposed
2018_PALM_OE3_5,27/08/2018,2018,2018,OE3,5,6,7,7.28,2.6,2.8,Exposed
2018_PALM_OE4_1,19/08/2018,2018,2018,OE4,1,10,7,19.32,4.6,4.2,Exposed
2018_PALM_OE4_2,19/08/2018,2018,2018,OE4,2,8,7,14.44,3.8,3.8,Exposed
2018_PALM_OE4_3,19/08/2018,2018,2018,OE4,3,8,8,14.4,4,3.6,Exposed
2018_PALM_OE4_4,19/08/2018,2018,2018,OE4,4,10,7,22.08,4.8,4.6,Exposed
2018_PALM_OE4_5,19/08/2018,2018,2018,OE4,5,8,8,22.08,4.6,4.8,Exposed
2018_PALM_OE5_1,19/08/2018,2018,2018,OE5,1,10,6,15.2,4,3.8,Exposed
2018_PALM_OE5_2,19/08/2018,2018,2018,OE5,2,10,7,11.52,3.2,3.6,Exposed
2018_PALM_OE5_3,19/08/2018,2018,2018,OE5,3,10,6,13.68,3.6,3.8,Exposed
2018_PALM_OE5_4,19/08/2018,2018,2018,OE5,4,10,7,17.6,4,4.4,Exposed
2018_PALM_OE5_5,19/08/2018,2018,2018,OE5,5,10,7,15.12,4.2,3.6,Exposed
2018_PALM_OE6_1,18/08/2018,2018,2018,OE6,1,8,7,13.68,3.6,3.8,Exposed
2018_PALM_OE6_2,18/08/2018,2018,2018,OE6,2,8,8,12.92,3.4,3.8,Exposed
2018_PALM_OE6_3,18/08/2018,2018,2018,OE6,3,8,8,15.2,3.8,4,Exposed
2018_PALM_OE6_4,18/08/2018,2018,2018,OE6,4,8,8,10.88,3.2,3.4,Exposed
2018_PALM_OE6_5,18/08/2018,2018,2018,OE6,5,8,8,15.2,3.8,4,Exposed
2018_PALM_OS1_1,28/08/2018,2018,2018,OS1,1,6,6,11.52,3.2,3.6,Sheltered
2018_PALM_OS1_2,28/08/2018,2018,2018,OS1,2,6,7,13.6,3.4,4,Sheltered
2018_PALM_OS1_3,28/08/2018,2018,2018,OS1,3,6,7,13.6,3.4,4,Sheltered
2018_PALM_OS1_4,28/08/2018,2018,2018,OS1,4,6,6,14.44,3.8,3.8,Sheltered
2018_PALM_OS1_5,28/08/2018,2018,2018,OS1,5,6,6,13.68,3.6,3.8,Sheltered
2018_PALM_OS2_1,25/08/2018,2018,2018,OS2,1,6,7,9,3,3,Sheltered
2018_PALM_OS2_2,25/08/2018,2018,2018,OS2,2,5,8,10.24,3.2,3.2,Sheltered
2018_PALM_OS2_3,25/08/2018,2018,2018,OS2,3,5,9,12.96,3.6,3.6,Sheltered
2018_PALM_OS2_4,25/08/2018,2018,2018,OS2,4,5,8,4.8,2,2.4,Sheltered
2018_PALM_OS2_5,25/08/2018,2018,2018,OS2,5,5,8,4.4,2,2.2,Sheltered
2018_PALM_OS3_1,20/08/2018,2018,2018,OS3,1,7,6,8.96,2.8,3.2,Sheltered
2018_PALM_OS3_2,20/08/2018,2018,2018,OS3,2,6,7,10.24,3.2,3.2,Sheltered
2018_PALM_OS3_3,20/08/2018,2018,2018,OS3,3,5,5,7.84,2.8,2.8,Sheltered
2018_PALM_OS3_4,20/08/2018,2018,2018,OS3,4,6,7,6.72,2.4,2.8,Sheltered
2018_PALM_OS3_5,20/08/2018,2018,2018,OS3,5,5,6,7.2,3,2.4,Sheltered
2018_PALM_OS4_1,28/08/2018,2018,2018,OS4,1,5,7,2.8,1.4,2,Sheltered
2018_PALM_OS4_2,28/08/2018,2018,2018,OS4,2,5,6,3.96,1.8,2.2,Sheltered
2018_PALM_OS4_3,28/08/2018,2018,2018,OS4,3,5,6,3.96,1.8,2.2,Sheltered
2018_PALM_OS4_4,28/08/2018,2018,2018,OS4,4,5,6,2.16,1.2,1.8,Sheltered
2018_PALM_OS4_5,28/08/2018,2018,2018,OS4,5,5,5,4.8,2,2.4,Sheltered
2018_PALM_OS5_1,27/08/2018,2018,2018,OS5,1,6,7,12.24,3.6,3.4,Sheltered
2018_PALM_OS5_2,27/08/2018,2018,2018,OS5,2,6,7,9.6,3.2,3,Sheltered
2018_PALM_OS5_3,27/08/2018,2018,2018,OS5,3,6,7,10.8,3.6,3,Sheltered
2018_PALM_OS5_4,27/08/2018,2018,2018,OS5,4,6,7,10.24,3.2,3.2,Sheltered
2018_PALM_OS5_5,27/08/2018,2018,2018,OS5,5,6,8,9,3,3,Sheltered
2018_PALM_OS6_1,24/08/2018,2018,2018,OS6,1,8,5,5.76,2.4,2.4,Semi-exposed
2018_PALM_OS6_2,24/08/2018,2018,2018,OS6,2,7,5,3.2,1.6,2,Semi-exposed
2018_PALM_OS6_3,24/08/2018,2018,2018,OS6,3,7,5,3.52,1.6,2.2,Semi-exposed
2018_PALM_OS6_4,24/08/2018,2018,2018,OS6,4,7,5,6.24,2.4,2.6,Semi-exposed
2018_PALM_OS6_5,24/08/2018,2018,2018,OS6,5,7,5,1.96,1.4,1.4,Semi-exposed
2018_WHITSUNDAY_HB1_1,27/10/2018,2018,2018,HB1,1,5,7,12.8,4,3.2,Exposed
2018_WHITSUNDAY_HB1_2,27/10/2018,2018,2018,HB1,2,5,6,20.24,4.6,4.4,Exposed
2018_WHITSUNDAY_HB1_3,27/10/2018,2018,2018,HB1,3,5,7,13.68,3.8,3.6,Exposed
2018_WHITSUNDAY_HB1_4,27/10/2018,2018,2018,HB1,4,5,6,16.8,4.2,4,Exposed
2018_WHITSUNDAY_HB1_5,27/10/2018,2018,2018,HB1,5,5,6,12.92,3.8,3.4,Exposed
2018_WHITSUNDAY_HB2_1,21/10/2018,2018,2018,HB2,1,7,8,25,5,5,Exposed
2018_WHITSUNDAY_HB2_2,21/10/2018,2018,2018,HB2,2,7,8,25,5,5,Exposed
2018_WHITSUNDAY_HB2_3,21/10/2018,2018,2018,HB2,3,8,8,24,5,4.8,Exposed
2018_WHITSUNDAY_HB2_4,21/10/2018,2018,2018,HB2,4,8,8,23.04,4.8,4.8,Exposed
2018_WHITSUNDAY_HB2_5,21/10/2018,2018,2018,HB2,5,7,8,23.04,4.8,4.8,Exposed
2018_WHITSUNDAY_HB3_1,19/10/2018,2018,2018,HB3,1,8,5,9,3,3,Sheltered
2018_WHITSUNDAY_HB3_2,19/10/2018,2018,2018,HB3,2,8,5,9,3,3,Sheltered
2018_WHITSUNDAY_HB3_3,19/10/2018,2018,2018,HB3,3,8,6,14.4,3.6,4,Sheltered
2018_WHITSUNDAY_HB3_4,19/10/2018,2018,2018,HB3,4,8,4,5.28,2.2,2.4,Sheltered
2018_WHITSUNDAY_HB3_5,19/10/2018,2018,2018,HB3,5,8,5,16,4,4,Sheltered
2018_WHITSUNDAY_HB4_1,19/10/2018,2018,2018,HB4,1,8,8,17.6,4.4,4,Exposed
2018_WHITSUNDAY_HB4_2,19/10/2018,2018,2018,HB4,2,8,8,20.24,4.6,4.4,Exposed
2018_WHITSUNDAY_HB4_3,19/10/2018,2018,2018,HB4,3,8,9,19.32,4.6,4.2,Exposed
2018_WHITSUNDAY_HB4_4,19/10/2018,2018,2018,HB4,4,9,8,24,5,4.8,Exposed
2018_WHITSUNDAY_HB4_5,19/10/2018,2018,2018,HB4,5,10,7,23,5,4.6,Exposed
2018_WHITSUNDAY_HB5_1,18/10/2018,2018,2018,HB5,1,8,9,4.8,2.4,2,Exposed
2018_WHITSUNDAY_HB5_2,18/10/2018,2018,2018,HB5,2,8,8,10.8,3.6,3,Exposed
2018_WHITSUNDAY_HB5_3,18/10/2018,2018,2018,HB5,3,8,9,19.32,4.6,4.2,Exposed
2018_WHITSUNDAY_HB5_4,18/10/2018,2018,2018,HB5,4,8,7,4.8,2.4,2,Exposed
2018_WHITSUNDAY_HB5_5,18/10/2018,2018,2018,HB5,5,8,7,7.8,3,2.6,Exposed
2018_WHITSUNDAY_HB7_1,19/10/2018,2018,2018,HB7,1,8,9,18.48,4.2,4.4,Exposed
2018_WHITSUNDAY_HB7_2,19/10/2018,2018,2018,HB7,2,8,8,21.12,4.8,4.4,Exposed
2018_WHITSUNDAY_HB7_3,19/10/2018,2018,2018,HB7,3,8,9,21.12,4.4,4.8,Exposed
2018_WHITSUNDAY_HB7_4,19/10/2018,2018,2018,HB7,4,7,8,5.28,2.4,2.2,Exposed
2018_WHITSUNDAY_HB7_5,19/10/2018,2018,2018,HB7,5,7,8,3.96,2.2,1.8,Exposed
2018_WHITSUNDAY_W1_1,17/10/2018,2018,2018,W1,1,9,6,12.92,3.8,3.4,Semi-exposed
2018_WHITSUNDAY_W1_2,17/10/2018,2018,2018,W1,2,9,NA,20.24,4.6,4.4,Semi-exposed
2018_WHITSUNDAY_W1_3,17/10/2018,2018,2018,W1,3,9,7,17.6,4.4,4,Semi-exposed
2018_WHITSUNDAY_W1_4,17/10/2018,2018,2018,W1,4,8,7,18.48,4.4,4.2,Semi-exposed
2018_WHITSUNDAY_W1_5,17/10/2018,2018,2018,W1,5,7,8,23.04,4.8,4.8,Semi-exposed
2018_WHITSUNDAY_W2_1,17/10/2018,2018,2018,W2,1,8,6,12.24,3.4,3.6,Semi-exposed
2018_WHITSUNDAY_W2_2,17/10/2018,2018,2018,W2,2,8,7,13.6,4,3.4,Semi-exposed
2018_WHITSUNDAY_W2_3,17/10/2018,2018,2018,W2,3,7,8,12.92,3.8,3.4,Semi-exposed
2018_WHITSUNDAY_W2_4,17/10/2018,2018,2018,W2,4,8,6,15.2,3.8,4,Semi-exposed
2018_WHITSUNDAY_W2_5,17/10/2018,2018,2018,W2,5,8,7,17.64,4.2,4.2,Semi-exposed
2018_WHITSUNDAY_W3_1,15/10/2018,2018,2018,W3,1,5,7,9.52,3.4,2.8,Semi-exposed
2018_WHITSUNDAY_W3_2,15/10/2018,2018,2018,W3,2,5,7,7.84,2.8,2.8,Semi-exposed
2018_WHITSUNDAY_W3_3,15/10/2018,2018,2018,W3,3,5,7,12.24,3.6,3.4,Semi-exposed
2018_WHITSUNDAY_W3_4,15/10/2018,2018,2018,W3,4,4,8,7.28,2.8,2.6,Semi-exposed
2018_WHITSUNDAY_W3_5,15/10/2018,2018,2018,W3,5,4,8,8.4,3,2.8,Semi-exposed
2018_WHITSUNDAY_W4_1,21/10/2018,2018,2018,W4,1,5,4,9,3,3,Semi-exposed
2018_WHITSUNDAY_W4_2,21/10/2018,2018,2018,W4,2,5,4,9.6,3,3.2,Semi-exposed
2018_WHITSUNDAY_W4_3,21/10/2018,2018,2018,W4,3,5,4,10.2,3,3.4,Semi-exposed
2018_WHITSUNDAY_W4_4,21/10/2018,2018,2018,W4,4,5,4,8.96,2.8,3.2,Semi-exposed
2018_WHITSUNDAY_W4_5,21/10/2018,2018,2018,W4,5,5,4,13.68,3.8,3.6,Semi-exposed
2018_WHITSUNDAY_W5_1,15/10/2018,2018,2018,W5,1,5,7,6,3,2,Semi-exposed
2018_WHITSUNDAY_W5_2,15/10/2018,2018,2018,W5,2,5,7,7.68,3.2,2.4,Semi-exposed
2018_WHITSUNDAY_W5_3,15/10/2018,2018,2018,W5,3,5,7,12.24,3.6,3.4,Semi-exposed
2018_WHITSUNDAY_W5_4,15/10/2018,2018,2018,W5,4,5,7,6.4,3.2,2,Semi-exposed
2018_WHITSUNDAY_W5_5,15/10/2018,2018,2018,W5,5,5,7,7.04,3.2,2.2,Semi-exposed
2018_WHITSUNDAY_W6_1,15/10/2018,2018,2018,W6,1,7,6,12.92,3.4,3.8,Semi-exposed
2018_WHITSUNDAY_W6_2,15/10/2018,2018,2018,W6,2,7,7,15.2,3.8,4,Semi-exposed
2018_WHITSUNDAY_W6_3,15/10/2018,2018,2018,W6,3,7,6,18.48,4.4,4.2,Semi-exposed
2018_WHITSUNDAY_W6_4,15/10/2018,2018,2018,W6,4,7,6,10.88,3.2,3.4,Semi-exposed
2018_WHITSUNDAY_W6_5,15/10/2018,2018,2018,W6,5,6,6,12.96,3.6,3.6,Semi-exposed
2018_WHITSUNDAY_W8_1,21/10/2018,2018,2018,W8,1,8,4,13.68,3.8,3.6,Semi-exposed
2018_WHITSUNDAY_W8_2,21/10/2018,2018,2018,W8,2,7,4,9.6,3.2,3,Semi-exposed
2018_WHITSUNDAY_W8_3,21/10/2018,2018,2018,W8,3,7,4,6.24,2.4,2.6,Semi-exposed
2018_WHITSUNDAY_W8_4,21/10/2018,2018,2018,W8,4,8,4,9,3,3,Semi-exposed
2018_WHITSUNDAY_W8_5,21/10/2018,2018,2018,W8,5,7,5,14.4,3.6,4,Semi-exposed
2018_WHITSUNDAY_W9_1,27/10/2018,2018,2018,W9,1,5,5,10.08,3.6,2.8,Semi-exposed
2018_WHITSUNDAY_W9_2,27/10/2018,2018,2018,W9,2,5,6,21.12,4.8,4.4,Semi-exposed
2018_WHITSUNDAY_W9_3,27/10/2018,2018,2018,W9,3,5,7,21,5,4.2,Semi-exposed
2018_WHITSUNDAY_W9_4,27/10/2018,2018,2018,W9,4,5,6,5.72,2.6,2.2,Semi-exposed
2018_WHITSUNDAY_W9_5,27/10/2018,2018,2018,W9,5,5,6,3.6,1.8,2,Semi-exposed
2018_WHITSUNDAY_B1_1,22/10/2018,2018,2018,B1,1,8,7,4.4,2.2,2,Sheltered
2018_WHITSUNDAY_B1_2,22/10/2018,2018,2018,B1,2,8,8,7.28,2.8,2.6,Sheltered
2018_WHITSUNDAY_B1_3,22/10/2018,2018,2018,B1,3,8,8,9,3,3,Sheltered
2018_WHITSUNDAY_B1_4,22/10/2018,2018,2018,B1,4,7,8,7.28,2.8,2.6,Sheltered
2018_WHITSUNDAY_B1_5,22/10/2018,2018,2018,B1,5,7,8,7.28,2.8,2.6,Sheltered
2018_WHITSUNDAY_B2_1,14/10/2018,2018,2018,B2,1,6,6,7.2,2.4,3,Sheltered
2018_WHITSUNDAY_B2_2,14/10/2018,2018,2018,B2,2,6,6,7.28,2.8,2.6,Sheltered
2018_WHITSUNDAY_B2_3,14/10/2018,2018,2018,B2,3,6,7,7.2,3,2.4,Sheltered
2018_WHITSUNDAY_B2_4,14/10/2018,2018,2018,B2,4,6,6,7.2,3,2.4,Sheltered
2018_WHITSUNDAY_B2_5,14/10/2018,2018,2018,B2,5,6,7,7.04,3.2,2.2,Sheltered
2018_WHITSUNDAY_B3_1,14/10/2018,2018,2018,B3,1,7,8,14.44,3.8,3.8,Exposed
2018_WHITSUNDAY_B3_2,14/10/2018,2018,2018,B3,2,7,8,12.96,3.6,3.6,Exposed
2018_WHITSUNDAY_B3_3,14/10/2018,2018,2018,B3,3,7,8,18.4,4.6,4,Exposed
2018_WHITSUNDAY_B3_4,14/10/2018,2018,2018,B3,4,7,8,13.68,3.8,3.6,Exposed
2018_WHITSUNDAY_B3_5,14/10/2018,2018,2018,B3,5,7,8,10.88,3.2,3.4,Exposed
2018_WHITSUNDAY_B4_1,16/10/2018,2018,2018,B4,1,8,7,15.2,3.8,4,Exposed
2018_WHITSUNDAY_B4_2,16/10/2018,2018,2018,B4,2,8,8,23.04,4.8,4.8,Exposed
2018_WHITSUNDAY_B4_3,16/10/2018,2018,2018,B4,3,7,9,14.4,3.6,4,Exposed
2018_WHITSUNDAY_B4_4,16/10/2018,2018,2018,B4,4,7,7,15.12,4.2,3.6,Exposed
2018_WHITSUNDAY_B4_5,16/10/2018,2018,2018,B4,5,7,8,12.16,3.8,3.2,Exposed
2018_WHITSUNDAY_B5_1,22/10/2018,2018,2018,B5,1,7,9,3.6,2,1.8,Semi-exposed
2018_WHITSUNDAY_B5_2,22/10/2018,2018,2018,B5,2,7,8,4.8,2.4,2,Semi-exposed
2018_WHITSUNDAY_B5_3,22/10/2018,2018,2018,B5,3,7,8,7.8,3,2.6,Semi-exposed
2018_WHITSUNDAY_B5_4,22/10/2018,2018,2018,B5,4,7,7,3.2,2,1.6,Semi-exposed
2018_WHITSUNDAY_B5_5,22/10/2018,2018,2018,B5,5,6,7,2.88,1.8,1.6,Semi-exposed
2018_WHITSUNDAY_B6_1,22/10/2018,2018,2018,B6,1,7,6,2.88,1.8,1.6,Semi-exposed
2018_WHITSUNDAY_B6_2,22/10/2018,2018,2018,B6,2,7,7,7.84,2.8,2.8,Semi-exposed
2018_WHITSUNDAY_B6_3,22/10/2018,2018,2018,B6,3,7,7,17.64,4.2,4.2,Semi-exposed
2018_WHITSUNDAY_B6_4,22/10/2018,2018,2018,B6,4,7,7,19.36,4.4,4.4,Semi-exposed
2018_WHITSUNDAY_B6_5,22/10/2018,2018,2018,B6,5,7,8,20.24,4.6,4.4,Semi-exposed
2018_WHITSUNDAY_BL1_1,30/10/2018,2018,2018,BL1,1,6,8,12.24,3.4,3.6,Semi-exposed
2018_WHITSUNDAY_BL1_2,30/10/2018,2018,2018,BL1,2,6,9,15.2,4,3.8,Semi-exposed
2018_WHITSUNDAY_BL1_3,30/10/2018,2018,2018,BL1,3,7,8,16.8,4.2,4,Semi-exposed
2018_WHITSUNDAY_BL1_4,30/10/2018,2018,2018,BL1,4,6,8,14.44,3.8,3.8,Semi-exposed
2018_WHITSUNDAY_BL1_5,30/10/2018,2018,2018,BL1,5,6,9,10.88,3.4,3.2,Semi-exposed
2018_WHITSUNDAY_BL2_1,30/10/2018,2018,2018,BL2,1,6,8,13.68,3.8,3.6,Sheltered
2018_WHITSUNDAY_BL2_2,30/10/2018,2018,2018,BL2,2,6,7,13.68,3.6,3.8,Sheltered
2018_WHITSUNDAY_BL2_3,30/10/2018,2018,2018,BL2,3,5,8,16.8,4,4.2,Sheltered
2018_WHITSUNDAY_BL2_4,30/10/2018,2018,2018,BL2,4,6,7,13.68,3.6,3.8,Sheltered
2018_WHITSUNDAY_BL2_5,30/10/2018,2018,2018,BL2,5,5,7,15.12,3.6,4.2,Sheltered
2018_WHITSUNDAY_DB1_1,17/10/2018,2018,2018,DB1,1,7,6,4,2,2,Semi-exposed
2018_WHITSUNDAY_DB1_2,17/10/2018,2018,2018,DB1,2,7,7,4.68,2.6,1.8,Semi-exposed
2018_WHITSUNDAY_DB1_3,17/10/2018,2018,2018,DB1,3,7,7,5.28,2.4,2.2,Semi-exposed
2018_WHITSUNDAY_DB1_4,17/10/2018,2018,2018,DB1,4,8,6,4,2,2,Semi-exposed
2018_WHITSUNDAY_DB1_5,17/10/2018,2018,2018,DB1,5,8,7,2.88,1.8,1.6,Semi-exposed
2018_WHITSUNDAY_DB2_1,16/10/2018,2018,2018,DB2,1,8,8,8.32,3.2,2.6,Semi-exposed
2018_WHITSUNDAY_DB2_2,16/10/2018,2018,2018,DB2,2,7,8,7.2,3,2.4,Semi-exposed
2018_WHITSUNDAY_DB2_3,16/10/2018,2018,2018,DB2,3,8,9,8.32,3.2,2.6,Semi-exposed
2018_WHITSUNDAY_DB2_4,16/10/2018,2018,2018,DB2,4,8,9,7.48,3.4,2.2,Semi-exposed
2018_WHITSUNDAY_DB2_5,16/10/2018,2018,2018,DB2,5,8,9,10.2,3.4,3,Semi-exposed
2018_WHITSUNDAY_ESK1_1,14/10/2018,2018,2018,ESK1,1,5,7,12.96,3.6,3.6,Exposed
2018_WHITSUNDAY_ESK1_2,14/10/2018,2018,2018,ESK1,2,5,9,12.24,3.4,3.6,Exposed
2018_WHITSUNDAY_ESK1_3,14/10/2018,2018,2018,ESK1,3,5,8,15.96,3.8,4.2,Exposed
2018_WHITSUNDAY_ESK1_4,14/10/2018,2018,2018,ESK1,4,5,8,16,4,4,Exposed
2018_WHITSUNDAY_ESK1_5,14/10/2018,2018,2018,ESK1,5,6,9,12.96,3.6,3.6,Exposed
2018_WHITSUNDAY_HG1_1,24/10/2018,2018,2018,HG1,1,8,8,15.2,3.8,4,Semi-exposed
2018_WHITSUNDAY_HG1_2,24/10/2018,2018,2018,HG1,2,8,9,13.44,3.2,4.2,Semi-exposed
2018_WHITSUNDAY_HG1_3,24/10/2018,2018,2018,HG1,3,8,9,12.8,3.2,4,Semi-exposed
2018_WHITSUNDAY_HG1_4,24/10/2018,2018,2018,HG1,4,8,8,18.48,4.2,4.4,Semi-exposed
2018_WHITSUNDAY_HG1_5,24/10/2018,2018,2018,HG1,5,8,8,22,5,4.4,Semi-exposed
2018_WHITSUNDAY_HG2_1,31/10/2018,2018,2018,HG2,1,7,8,13.68,3.6,3.8,Semi-exposed
2018_WHITSUNDAY_HG2_2,31/10/2018,2018,2018,HG2,2,7,9,15.2,3.8,4,Semi-exposed
2018_WHITSUNDAY_HG2_3,31/10/2018,2018,2018,HG2,3,7,9,12.16,3.2,3.8,Semi-exposed
2018_WHITSUNDAY_HG2_4,31/10/2018,2018,2018,HG2,4,7,7,17.6,4,4.4,Semi-exposed
2018_WHITSUNDAY_HG2_5,31/10/2018,2018,2018,HG2,5,8,8,13.68,3.6,3.8,Semi-exposed
2018_WHITSUNDAY_HG3_1,24/10/2018,2018,2018,HG3,1,8,8,21.16,4.6,4.6,Semi-exposed
2018_WHITSUNDAY_HG3_2,24/10/2018,2018,2018,HG3,2,8,9,20.24,4.6,4.4,Semi-exposed
2018_WHITSUNDAY_HG3_3,24/10/2018,2018,2018,HG3,3,8,9,20.24,4.4,4.6,Semi-exposed
2018_WHITSUNDAY_HG3_4,24/10/2018,2018,2018,HG3,4,8,9,14.44,3.8,3.8,Semi-exposed
2018_WHITSUNDAY_HG3_5,24/10/2018,2018,2018,HG3,5,9,9,14.4,3.6,4,Semi-exposed
2018_WHITSUNDAY_HG4_1,26/10/2018,2018,2018,HG4,1,7,8,10.88,3.4,3.2,Semi-exposed
2018_WHITSUNDAY_HG4_2,26/10/2018,2018,2018,HG4,2,8,9,12.24,3.4,3.6,Semi-exposed
2018_WHITSUNDAY_HG4_3,26/10/2018,2018,2018,HG4,3,10,9,15.96,3.8,4.2,Semi-exposed
2018_WHITSUNDAY_HG4_4,26/10/2018,2018,2018,HG4,4,8,8,7.8,3,2.6,Semi-exposed
2018_WHITSUNDAY_HG4_5,26/10/2018,2018,2018,HG4,5,8,9,10.88,3.2,3.4,Semi-exposed
2018_WHITSUNDAY_HG5_1,23/10/2018,2018,2018,HG5,1,7,7,16.8,4,4.2,Semi-exposed
2018_WHITSUNDAY_HG5_2,23/10/2018,2018,2018,HG5,2,7,7,19.36,4.4,4.4,Semi-exposed
2018_WHITSUNDAY_HG5_3,23/10/2018,2018,2018,HG5,3,7,7,24,5,4.8,Semi-exposed
2018_WHITSUNDAY_HG5_4,23/10/2018,2018,2018,HG5,4,7,8,20.24,4.4,4.6,Semi-exposed
2018_WHITSUNDAY_HG5_5,23/10/2018,2018,2018,HG5,5,7,8,16,4,4,Semi-exposed
2018_WHITSUNDAY_HG6_1,26/10/2018,2018,2018,HG6,1,7,9,15.96,3.8,4.2,Semi-exposed
2018_WHITSUNDAY_HG6_2,26/10/2018,2018,2018,HG6,2,7,9,17.64,4.2,4.2,Semi-exposed
2018_WHITSUNDAY_HG6_3,26/10/2018,2018,2018,HG6,3,7,9,21.12,4.8,4.4,Semi-exposed
2018_WHITSUNDAY_HG6_4,26/10/2018,2018,2018,HG6,4,6,8,11.4,3,3.8,Semi-exposed
2018_WHITSUNDAY_HG6_5,26/10/2018,2018,2018,HG6,5,6,9,17.64,4.2,4.2,Semi-exposed
2018_WHITSUNDAY_HG7_1,18/10/2018,2018,2018,HG7,1,10,8,16.8,4,4.2,Exposed
2018_WHITSUNDAY_HG7_2,18/10/2018,2018,2018,HG7,2,9,9,16.8,4,4.2,Exposed
2018_WHITSUNDAY_HG7_3,18/10/2018,2018,2018,HG7,3,9,9,18.48,4.2,4.4,Exposed
2018_WHITSUNDAY_HG7_4,18/10/2018,2018,2018,HG7,4,7,8,8.4,2.8,3,Exposed
2018_WHITSUNDAY_HG7_5,18/10/2018,2018,2018,HG7,5,8,9,15.2,3.8,4,Exposed
2018_WHITSUNDAY_HW1_1,25/10/2018,2018,2018,HW1,1,9,9,21.16,4.6,4.6,Sheltered
2018_WHITSUNDAY_HW1_2,25/10/2018,2018,2018,HW1,2,9,9,16.8,4.2,4,Sheltered
2018_WHITSUNDAY_HW1_3,25/10/2018,2018,2018,HW1,3,8,9,17.6,4,4.4,Sheltered
2018_WHITSUNDAY_HW1_4,25/10/2018,2018,2018,HW1,4,9,9,12.92,3.4,3.8,Sheltered
2018_WHITSUNDAY_HW1_5,25/10/2018,2018,2018,HW1,5,9,8,17.64,4.2,4.2,Sheltered
2018_WHITSUNDAY_HW2_1,25/10/2018,2018,2018,HW2,1,6,7,8.4,3,2.8,Sheltered
2018_WHITSUNDAY_HW2_2,25/10/2018,2018,2018,HW2,2,6,7,11.52,3.2,3.6,Sheltered
2018_WHITSUNDAY_HW2_3,25/10/2018,2018,2018,HW2,3,6,8,10.08,2.8,3.6,Sheltered
2018_WHITSUNDAY_HW2_4,25/10/2018,2018,2018,HW2,4,5,5,4.8,2,2.4,Sheltered
2018_WHITSUNDAY_HW2_5,25/10/2018,2018,2018,HW2,5,4,6,10.88,3.2,3.4,Sheltered
2018_WHITSUNDAY_HW3_1,25/10/2018,2018,2018,HW3,1,8,9,15.96,3.8,4.2,Sheltered
2018_WHITSUNDAY_HW3_2,25/10/2018,2018,2018,HW3,2,8,9,15.96,3.8,4.2,Sheltered
2018_WHITSUNDAY_HW3_3,25/10/2018,2018,2018,HW3,3,8,9,15.96,3.8,4.2,Sheltered
2018_WHITSUNDAY_HW3_4,25/10/2018,2018,2018,HW3,4,8,9,21.12,4.4,4.8,Sheltered
2018_WHITSUNDAY_HW3_5,25/10/2018,2018,2018,HW3,5,7,8,8.4,2.8,3,Sheltered
2018_WHITSUNDAY_L1_1,30/10/2018,2018,2018,L1,1,6,7,16.8,4,4.2,Sheltered
2018_WHITSUNDAY_L1_2,30/10/2018,2018,2018,L1,2,6,9,16.8,4,4.2,Sheltered
2018_WHITSUNDAY_L1_3,30/10/2018,2018,2018,L1,3,6,9,19.32,4.2,4.6,Sheltered
2018_WHITSUNDAY_L1_4,30/10/2018,2018,2018,L1,4,7,6,16,4,4,Sheltered
2018_WHITSUNDAY_L1_5,30/10/2018,2018,2018,L1,5,6,7,9.6,3,3.2,Sheltered
2018_WHITSUNDAY_DE1_1,16/10/2018,2018,2018,DE1,1,8,8,6.76,2.6,2.6,Exposed
2018_WHITSUNDAY_DE1_2,16/10/2018,2018,2018,DE1,2,8,9,12.92,3.8,3.4,Exposed
2018_WHITSUNDAY_DE1_3,16/10/2018,2018,2018,DE1,3,7,9,15.2,4,3.8,Exposed
2018_WHITSUNDAY_DE1_4,16/10/2018,2018,2018,DE1,4,7,7,3.96,2.2,1.8,Exposed
2018_WHITSUNDAY_DE1_5,16/10/2018,2018,2018,DE1,5,8,8,4.68,2.6,1.8,Exposed
2018_WHITSUNDAY_HE1_1,24/10/2018,2018,2018,HE1,1,8,8,20.24,4.6,4.4,Exposed
2018_WHITSUNDAY_HE1_2,24/10/2018,2018,2018,HE1,2,8,8,19.32,4.6,4.2,Exposed
2018_WHITSUNDAY_HE1_3,24/10/2018,2018,2018,HE1,3,8,7,10.88,3.4,3.2,Exposed
2018_WHITSUNDAY_HE1_4,24/10/2018,2018,2018,HE1,4,8,8,21.12,4.4,4.8,Exposed
2018_WHITSUNDAY_HE1_5,24/10/2018,2018,2018,HE1,5,7,8,19.36,4.4,4.4,Exposed
2018_WHITSUNDAY_HE2_1,23/10/2018,2018,2018,HE2,1,8,8,25,5,5,Exposed
2018_WHITSUNDAY_HE2_2,23/10/2018,2018,2018,HE2,2,6,7,25,5,5,Exposed
2018_WHITSUNDAY_HE2_3,23/10/2018,2018,2018,HE2,3,6,7,23.04,4.8,4.8,Exposed
2018_WHITSUNDAY_HE2_4,23/10/2018,2018,2018,HE2,4,5,7,21.12,4.8,4.4,Exposed
2018_WHITSUNDAY_HE2_5,23/10/2018,2018,2018,HE2,5,5,6,23,4.6,5,Exposed
2018_WHITSUNDAY_HE3_1,23/10/2018,2018,2018,HE3,1,7,7,16.8,4.2,4,Exposed
2018_WHITSUNDAY_HE3_2,23/10/2018,2018,2018,HE3,2,7,9,17.6,4,4.4,Exposed
2018_WHITSUNDAY_HE3_3,23/10/2018,2018,2018,HE3,3,7,9,12.92,3.4,3.8,Exposed
2018_WHITSUNDAY_HE3_4,23/10/2018,2018,2018,HE3,4,7,8,18.4,4,4.6,Exposed
2018_WHITSUNDAY_HE3_5,23/10/2018,2018,2018,HE3,5,7,8,9.6,3,3.2,Exposed
2018_WHITSUNDAY_HY1_1,18/10/2018,2018,2018,HY1,1,8,8,24,5,4.8,Semi-exposed
2018_WHITSUNDAY_HY1_2,18/10/2018,2018,2018,HY1,2,8,7,22.08,4.6,4.8,Semi-exposed
2018_WHITSUNDAY_HY1_3,18/10/2018,2018,2018,HY1,3,8,8,21.16,4.6,4.6,Semi-exposed
2018_WHITSUNDAY_HY1_4,18/10/2018,2018,2018,HY1,4,6,7,25,5,5,Semi-exposed
2018_WHITSUNDAY_HY1_5,18/10/2018,2018,2018,HY1,5,7,6,23,5,4.6,Semi-exposed
2018_WHITSUNDAY_HY2_1,31/10/2018,2018,2018,HY2,1,7,9,18.48,4.4,4.2,Semi-exposed
2018_WHITSUNDAY_HY2_2,31/10/2018,2018,2018,HY2,2,7,9,9.12,3.8,2.4,Semi-exposed
2018_WHITSUNDAY_HY2_3,31/10/2018,2018,2018,HY2,3,7,7,5.76,2.4,2.4,Semi-exposed
2018_WHITSUNDAY_HY2_4,31/10/2018,2018,2018,HY2,4,7,8,11.56,3.4,3.4,Semi-exposed
2018_WHITSUNDAY_HY2_5,31/10/2018,2018,2018,HY2,5,7,9,12.92,3.4,3.8,Semi-exposed
2018_WHITSUNDAY_HY3_1,26/10/2018,2018,2018,HY3,1,5,7,11.52,3.2,3.6,Sheltered
2018_WHITSUNDAY_HY3_2,26/10/2018,2018,2018,HY3,2,5,8,11.52,3.2,3.6,Sheltered
2018_WHITSUNDAY_HY3_3,26/10/2018,2018,2018,HY3,3,5,7,10.2,3,3.4,Sheltered
2018_WHITSUNDAY_HY3_4,26/10/2018,2018,2018,HY3,4,6,8,12.92,3.4,3.8,Sheltered
2018_WHITSUNDAY_HY3_5,26/10/2018,2018,2018,HY3,5,6,9,12.24,3.4,3.6,Sheltered
2019_MAGNETIC_AW1_1,18/01/2019,2019,2019,AW1,1,4,7,10.8,3.6,3,Exposed
2019_MAGNETIC_AW1_2,18/01/2019,2019,2019,AW1,2,4,6,7.2,3,2.4,Exposed
2019_MAGNETIC_AW1_3,18/01/2019,2019,2019,AW1,3,5,6,8.96,3.2,2.8,Exposed
2019_MAGNETIC_AW1_4,18/01/2019,2019,2019,AW1,4,4,5,9.36,3.6,2.6,Exposed
2019_MAGNETIC_AW1_5,18/01/2019,2019,2019,AW1,5,5,6,8.96,3.2,2.8,Exposed
2019_MAGNETIC_AW2_1,18/01/2019,2019,2019,AW2,1,5,6,4.8,2.4,2,Exposed
2019_MAGNETIC_AW2_2,18/01/2019,2019,2019,AW2,2,4,6,3.96,1.8,2.2,Exposed
2019_MAGNETIC_AW2_3,18/01/2019,2019,2019,AW2,3,4,6,4.4,2,2.2,Exposed
2019_MAGNETIC_AW2_4,18/01/2019,2019,2019,AW2,4,4,6,3.52,1.6,2.2,Exposed
2019_MAGNETIC_AW2_5,18/01/2019,2019,2019,AW2,5,4,5,4.4,2,2.2,Exposed
2019_MAGNETIC_NB1_1,17/01/2019,2019,2019,NB1,1,5,5,4.4,2.2,2,Exposed
2019_MAGNETIC_NB1_2,17/01/2019,2019,2019,NB1,2,5,5,3.6,1.8,2,Exposed
2019_MAGNETIC_NB1_3,17/01/2019,2019,2019,NB1,3,5,5,3.96,1.8,2.2,Exposed
2019_MAGNETIC_NB1_4,17/01/2019,2019,2019,NB1,4,5,4,3.96,1.8,2.2,Exposed
2019_MAGNETIC_NB1_5,17/01/2019,2019,2019,NB1,5,5,4,3.2,1.6,2,Exposed
2019_MAGNETIC_WC1_1,17/01/2019,2019,2019,WC1,1,4,5,6.72,2.4,2.8,Exposed
2019_MAGNETIC_WC1_2,17/01/2019,2019,2019,WC1,2,4,6,7.28,2.6,2.8,Exposed
2019_MAGNETIC_WC1_3,17/01/2019,2019,2019,WC1,3,4,5,7.8,2.6,3,Exposed
2019_MAGNETIC_WC1_4,17/01/2019,2019,2019,WC1,4,5,5,7.28,2.6,2.8,Exposed
2019_MAGNETIC_WC1_5,17/01/2019,2019,2019,WC1,5,5,4,2.16,1.2,1.8,Exposed
2019_MAGNETIC_FB1_1,18/01/2019,2019,2019,FB1,1,4,7,4,2,2,Exposed
2019_MAGNETIC_FB1_2,18/01/2019,2019,2019,FB1,2,4,8,3.6,2,1.8,Exposed
2019_MAGNETIC_FB1_3,18/01/2019,2019,2019,FB1,3,4,8,4,2,2,Exposed
2019_MAGNETIC_FB1_4,18/01/2019,2019,2019,FB1,4,4,6,4,2,2,Exposed
2019_MAGNETIC_FB1_5,18/01/2019,2019,2019,FB1,5,4,5,4,2,2,Exposed
2019_MAGNETIC_GB1_1,17/01/2019,2019,2019,GB1,1,6,5,3.6,1.8,2,Exposed
2019_MAGNETIC_GB1_2,17/01/2019,2019,2019,GB1,2,5,5,4,2,2,Exposed
2019_MAGNETIC_GB1_3,17/01/2019,2019,2019,GB1,3,5,5,4.4,2,2.2,Exposed
2019_MAGNETIC_GB1_4,17/01/2019,2019,2019,GB1,4,5,5,4.4,2.2,2,Exposed
2019_MAGNETIC_GB1_5,17/01/2019,2019,2019,GB1,5,5,5,4,2,2,Exposed
2019_MAGNETIC_GB2_1,17/01/2019,2019,2019,GB2,1,5,6,3.96,1.8,2.2,Exposed
2019_MAGNETIC_GB2_2,17/01/2019,2019,2019,GB2,2,5,5,4.4,2,2.2,Exposed
2019_MAGNETIC_GB2_3,17/01/2019,2019,2019,GB2,3,5,5,3.2,2,1.6,Exposed
2019_MAGNETIC_GB2_4,17/01/2019,2019,2019,GB2,4,4,6,3.96,1.8,2.2,Exposed
2019_MAGNETIC_GB2_5,17/01/2019,2019,2019,GB2,5,4,6,3.08,1.4,2.2,Exposed
2019_MAGNETIC_GOW1_1,18/01/2019,2019,2019,GOW1,1,5,5,4.4,2,2.2,Exposed
2019_MAGNETIC_GOW1_2,18/01/2019,2019,2019,GOW1,2,5,5,4.4,2,2.2,Exposed
2019_MAGNETIC_GOW1_3,18/01/2019,2019,2019,GOW1,3,5,6,4.4,2.2,2,Exposed
2019_MAGNETIC_GOW1_4,18/01/2019,2019,2019,GOW1,4,5,5,3.24,1.8,1.8,Exposed
2019_MAGNETIC_GOW1_5,18/01/2019,2019,2019,GOW1,5,5,5,6.4,2,3.2,Exposed
2021_KEPPEL_BA1_1,27/03/2021,2021,2021,BA1,1,10,9,4,2,2,Exposed
2021_KEPPEL_BA1_2,27/03/2021,2021,2021,BA1,2,10,9,4.4,2,2.2,Exposed
2021_KEPPEL_BA1_3,27/03/2021,2021,2021,BA1,3,10,9,4.4,2.2,2,Exposed
2021_KEPPEL_BA1_4,27/03/2021,2021,2021,BA1,4,10,9,4.84,2.2,2.2,Exposed
2021_KEPPEL_BA1_5,27/03/2021,2021,2021,BA1,5,8,8,6.6,2.2,3,Exposed
2021_KEPPEL_GK2_1,27/03/2021,2021,2021,GK2,1,7,8,5.72,2.2,2.6,Exposed
2021_KEPPEL_GK2_2,27/03/2021,2021,2021,GK2,2,6,8,6,2,3,Exposed
2021_KEPPEL_GK2_3,27/03/2021,2021,2021,GK2,3,6,9,8.96,3.2,2.8,Exposed
2021_KEPPEL_GK2_4,27/03/2021,2021,2021,GK2,4,7,8,7.2,2.4,3,Exposed
2021_KEPPEL_GK2_5,27/03/2021,2021,2021,GK2,5,7,8,5.28,2.2,2.4,Exposed
2021_KEPPEL_GK4_1,28/03/2021,2021,2021,GK4,1,9,9,4,2,2,Exposed
2021_KEPPEL_GK4_2,28/03/2021,2021,2021,GK4,2,10,7,4.8,2,2.4,Exposed
2021_KEPPEL_GK4_3,28/03/2021,2021,2021,GK4,3,7,5,4.8,2,2.4,Exposed
2021_KEPPEL_GK4_4,28/03/2021,2021,2021,GK4,4,7,9,4.8,2,2.4,Exposed
2021_KEPPEL_GK4_5,28/03/2021,2021,2021,GK4,5,7,9,4.4,2,2.2,Exposed
2021_KEPPEL_GK7_1,29/03/2021,2021,2021,GK7,1,8,4,4,2,2,Exposed
2021_KEPPEL_GK7_2,29/03/2021,2021,2021,GK7,2,8,5,4,2,2,Exposed
2021_KEPPEL_GK7_3,29/03/2021,2021,2021,GK7,3,6,4,5.28,2.2,2.4,Exposed
2021_KEPPEL_GK7_4,29/03/2021,2021,2021,GK7,4,6,5,3.6,2,1.8,Exposed
2021_KEPPEL_GK7_5,29/03/2021,2021,2021,GK7,5,6,5,3.2,1.6,2,Exposed
2021_KEPPEL_MI2_1,30/03/2021,2021,2021,MI2,1,5,8,8.32,2.6,3.2,Exposed
2021_KEPPEL_MI2_2,30/03/2021,2021,2021,MI2,2,4,7,5.72,2.6,2.2,Exposed
2021_KEPPEL_MI2_3,30/03/2021,2021,2021,MI2,3,4,7,5.72,2.6,2.2,Exposed
2021_KEPPEL_MI2_4,30/03/2021,2021,2021,MI2,4,4,8,8.4,2.8,3,Exposed
2021_KEPPEL_MI2_5,30/03/2021,2021,2021,MI2,5,4,6,7.92,3.6,2.2,Exposed
2021_KEPPEL_EGG1_1,27/03/2021,2021,2021,EGG1,1,7,10,10.56,4.8,2.2,Exposed
2021_KEPPEL_EGG1_2,27/03/2021,2021,2021,EGG1,2,7,9,10.08,4.2,2.4,Exposed
2021_KEPPEL_EGG1_3,27/03/2021,2021,2021,EGG1,3,7,8,7.48,3.4,2.2,Exposed
2021_KEPPEL_EGG1_4,27/03/2021,2021,2021,EGG1,4,8,11,7.8,3,2.6,Exposed
2021_KEPPEL_EGG1_5,27/03/2021,2021,2021,EGG1,5,8,14,5.2,2.6,2,Exposed
2021_KEPPEL_H1_1,29/03/2021,2021,2021,H1,1,10,8,4.32,1.8,2.4,Exposed
2021_KEPPEL_H1_2,29/03/2021,2021,2021,H1,2,10,10,3.6,1.8,2,Exposed
2021_KEPPEL_H1_3,29/03/2021,2021,2021,H1,3,10,9,4.4,2,2.2,Exposed
2021_KEPPEL_H1_4,29/03/2021,2021,2021,H1,4,9,8,6.72,2.4,2.8,Exposed
2021_KEPPEL_H1_5,29/03/2021,2021,2021,H1,5,9,10,6.6,2.2,3,Exposed
2021_KEPPEL_H2_1,29/03/2021,2021,2021,H2,1,10,8,7.2,2.4,3,Exposed
2021_KEPPEL_H2_2,29/03/2021,2021,2021,H2,2,8,9,4.32,1.8,2.4,Exposed
2021_KEPPEL_H2_3,29/03/2021,2021,2021,H2,3,9,9,5.6,2,2.8,Exposed
2021_KEPPEL_H2_4,29/03/2021,2021,2021,H2,4,8,8,6.4,2,3.2,Exposed
2021_KEPPEL_H2_5,29/03/2021,2021,2021,H2,5,8,8,5.2,2,2.6,Exposed
2021_KEPPEL_BA2_1,26/03/2021,2021,2021,BA2,1,7,10,4,2,2,Semi-exposed
2021_KEPPEL_BA2_2,26/03/2021,2021,2021,BA2,2,7,8,6.72,2.4,2.8,Semi-exposed
2021_KEPPEL_BA2_3,26/03/2021,2021,2021,BA2,3,7,8,6.72,2.4,2.8,Semi-exposed
2021_KEPPEL_BA2_4,26/03/2021,2021,2021,BA2,4,8,10,3.6,2,1.8,Semi-exposed
2021_KEPPEL_BA2_5,26/03/2021,2021,2021,BA2,5,8,8,2.52,1.4,1.8,Semi-exposed
2021_KEPPEL_GK1_1,28/03/2021,2021,2021,GK1,1,6,6,6.72,2.4,2.8,Semi-exposed
2021_KEPPEL_GK1_2,28/03/2021,2021,2021,GK1,2,6,7,5.6,2,2.8,Semi-exposed
2021_KEPPEL_GK1_3,28/03/2021,2021,2021,GK1,3,6,9,10.08,2.8,3.6,Semi-exposed
2021_KEPPEL_GK1_4,28/03/2021,2021,2021,GK1,4,6,6,5.76,2.4,2.4,Semi-exposed
2021_KEPPEL_GK1_5,28/03/2021,2021,2021,GK1,5,6,5,8.16,2.4,3.4,Semi-exposed
2021_KEPPEL_GK3_1,28/03/2021,2021,2021,GK3,1,8,9,4,2,2,Semi-exposed
2021_KEPPEL_GK3_2,28/03/2021,2021,2021,GK3,2,8,9,3.6,1.8,2,Semi-exposed
2021_KEPPEL_GK3_3,28/03/2021,2021,2021,GK3,3,8,10,4,2,2,Semi-exposed
2021_KEPPEL_GK3_4,28/03/2021,2021,2021,GK3,4,7,9,3.2,1.6,2,Semi-exposed
2021_KEPPEL_GK3_5,28/03/2021,2021,2021,GK3,5,7,9,2.8,1.4,2,Semi-exposed
2021_KEPPEL_GK8_1,10/04/2021,2021,2021,GK8,1,7,5,4.8,1.6,3,Semi-exposed
2021_KEPPEL_GK8_2,10/04/2021,2021,2021,GK8,2,7,5,2.4,1,2.4,Semi-exposed
2021_KEPPEL_GK8_3,10/04/2021,2021,2021,GK8,3,7,5,5.04,1.8,2.8,Semi-exposed
2021_KEPPEL_GK8_4,10/04/2021,2021,2021,GK8,4,7,4,5.6,2,2.8,Semi-exposed
2021_KEPPEL_GK8_5,10/04/2021,2021,2021,GK8,5,7,5,4,2,2,Semi-exposed
2021_KEPPEL_MI1_1,10/04/2021,2021,2021,MI1,1,5,9,2,2,1,Semi-exposed
2021_KEPPEL_MI1_2,10/04/2021,2021,2021,MI1,2,5,8.5,2.8,2,1.4,Semi-exposed
2021_KEPPEL_MI1_3,10/04/2021,2021,2021,MI1,3,5,8,6.76,2.6,2.6,Semi-exposed
2021_KEPPEL_MI1_4,10/04/2021,2021,2021,MI1,4,6,8,2.56,1.6,1.6,Semi-exposed
2021_KEPPEL_MI1_5,10/04/2021,2021,2021,MI1,5,6,7,2.24,1.4,1.6,Semi-exposed
2021_KEPPEL_NK3_1,11/04/2021,2021,2021,NK3,1,6,4,2.56,1.6,1.6,Semi-exposed
2021_KEPPEL_NK3_2,11/04/2021,2021,2021,NK3,2,6,4,6,2,3,Semi-exposed
2021_KEPPEL_NK3_3,11/04/2021,2021,2021,NK3,3,6,4,4.48,1.6,2.8,Semi-exposed
2021_KEPPEL_NK3_4,11/04/2021,2021,2021,NK3,4,6,3,3.52,1.6,2.2,Semi-exposed
2021_KEPPEL_NK3_5,11/04/2021,2021,2021,NK3,5,6,3,1.92,1.2,1.6,Semi-exposed
2021_KEPPEL_GK5_1,28/03/2021,2021,2021,GK5,1,8,7,6,3,2,Semi-exposed
2021_KEPPEL_GK5_2,28/03/2021,2021,2021,GK5,2,8,7,4.8,3,1.6,Semi-exposed
2021_KEPPEL_GK5_3,28/03/2021,2021,2021,GK5,3,8,7,4.48,2.8,1.6,Semi-exposed
2021_KEPPEL_GK5_4,28/03/2021,2021,2021,GK5,4,7,7,5.4,3,1.8,Semi-exposed
2021_KEPPEL_GK5_5,28/03/2021,2021,2021,GK5,5,6,7,4.68,2.6,1.8,Semi-exposed
2021_KEPPEL_GK6_1,29/03/2021,2021,2021,GK6,1,7,10,4.4,2,2.2,Semi-exposed
2021_KEPPEL_GK6_2,29/03/2021,2021,2021,GK6,2,6,9,4.4,2,2.2,Semi-exposed
2021_KEPPEL_GK6_3,29/03/2021,2021,2021,GK6,3,7,10,2.8,2,1.4,Semi-exposed
2021_KEPPEL_GK6_4,29/03/2021,2021,2021,GK6,4,7,10,4,2,2,Semi-exposed
2021_KEPPEL_GK6_5,29/03/2021,2021,2021,GK6,5,6,10,4.4,2,2.2,Semi-exposed
2021_KEPPEL_M2_1,26/03/2021,2021,2021,M2,1,6,4,3.96,2.2,1.8,Semi-exposed
2021_KEPPEL_M2_2,26/03/2021,2021,2021,M2,2,6,4,4.8,2.4,2,Semi-exposed
2021_KEPPEL_M2_3,26/03/2021,2021,2021,M2,3,6,4,4.4,2.2,2,Semi-exposed
2021_KEPPEL_M2_4,26/03/2021,2021,2021,M2,4,6,4,4,2,2,Semi-exposed
2021_KEPPEL_M2_5,26/03/2021,2021,2021,M2,5,6,3,4,2,2,Semi-exposed
2021_KEPPEL_M3_1,26/03/2021,2021,2021,M3,1,8,4,4.8,2,2.4,Semi-exposed
2021_KEPPEL_M3_2,26/03/2021,2021,2021,M3,2,8,4,4,2,2,Semi-exposed
2021_KEPPEL_M3_3,26/03/2021,2021,2021,M3,3,8,4,3.6,2,1.8,Semi-exposed
2021_KEPPEL_M3_4,26/03/2021,2021,2021,M3,4,8,3,4,2,2,Semi-exposed
2021_KEPPEL_M3_5,26/03/2021,2021,2021,M3,5,8,3,4,2,2,Semi-exposed
2021_KEPPEL_H3_1,30/03/2021,2021,2021,H3,1,5,8,3.36,1.4,2.4,Sheltered
2021_KEPPEL_H3_2,30/03/2021,2021,2021,H3,2,4,8,4.32,1.8,2.4,Sheltered
2021_KEPPEL_H3_3,30/03/2021,2021,2021,H3,3,5,8,5.72,2.2,2.6,Sheltered
2021_KEPPEL_H3_4,30/03/2021,2021,2021,H3,4,4,8,4.32,1.8,2.4,Sheltered
2021_KEPPEL_H3_5,30/03/2021,2021,2021,H3,5,4,8,5.04,1.8,2.8,Sheltered
2021_KEPPEL_NK2_1,11/04/2021,2021,2021,NK2,1,6,5,2.2,1,2.2,Sheltered
2021_KEPPEL_NK2_2,11/04/2021,2021,2021,NK2,2,6,5,2.4,1,2.4,Sheltered
2021_KEPPEL_NK2_3,11/04/2021,2021,2021,NK2,3,6,5,2.8,1,2.8,Sheltered
2021_KEPPEL_NK2_4,11/04/2021,2021,2021,NK2,4,6,5,3.36,1.2,2.8,Sheltered
2021_KEPPEL_NK2_5,11/04/2021,2021,2021,NK2,5,6,5,2,1,2,Sheltered
2021_KEPPEL_GK9_1,10/04/2021,2021,2021,GK9,1,6,2,4,2,2,Sheltered
2021_KEPPEL_GK9_2,10/04/2021,2021,2021,GK9,2,6,1.5,3.6,2,1.8,Sheltered
2021_KEPPEL_GK9_3,10/04/2021,2021,2021,GK9,3,6,1.5,4.8,2,2.4,Sheltered
2021_KEPPEL_GK9_4,10/04/2021,2021,2021,GK9,4,6,2,4.4,2.2,2,Sheltered
2021_KEPPEL_GK9_5,10/04/2021,2021,2021,GK9,5,6,2.5,5.6,2.8,2,Sheltered
2021_KEPPEL_M1_1,25/03/2021,2021,2021,M1,1,6,2,2.8,2,1.4,Sheltered
2021_KEPPEL_M1_2,25/03/2021,2021,2021,M1,2,6,2,3.2,2,1.6,Sheltered
2021_KEPPEL_M1_3,25/03/2021,2021,2021,M1,3,6,2,4.8,2,2.4,Sheltered
2021_KEPPEL_M1_4,25/03/2021,2021,2021,M1,4,6,3,2.4,2,1.2,Sheltered
2021_KEPPEL_M1_5,25/03/2021,2021,2021,M1,5,5,3,2.4,2,1.2,Sheltered
2021_KEPPEL_M4_1,25/03/2021,2021,2021,M4,1,6,4,3.2,2,1.6,Sheltered
2021_KEPPEL_M4_2,25/03/2021,2021,2021,M4,2,6,3,3.2,2,1.6,Sheltered
2021_KEPPEL_M4_3,25/03/2021,2021,2021,M4,3,5,4,4.8,2,2.4,Sheltered
2021_KEPPEL_M4_4,25/03/2021,2021,2021,M4,4,5,4,2.88,1.8,1.6,Sheltered
2021_KEPPEL_M4_5,25/03/2021,2021,2021,M4,5,5,3,2.24,1.6,1.4,Sheltered
2021_KEPPEL_NK1_1,11/04/2021,2021,2021,NK1,1,7,5,1,1,1,Sheltered
2021_KEPPEL_NK1_2,11/04/2021,2021,2021,NK1,2,7,5,1.44,1.2,1.2,Sheltered
2021_KEPPEL_NK1_3,11/04/2021,2021,2021,NK1,3,7,5,1.44,1.2,1.2,Sheltered
2021_KEPPEL_NK1_4,11/04/2021,2021,2021,NK1,4,7,5,1.2,1.2,1,Sheltered
2021_KEPPEL_NK1_5,11/04/2021,2021,2021,NK1,5,7,5,1.92,1.6,1.2,Sheltered
2021_KEPPEL_HU1_1,30/03/2021,2021,2021,HU1,1,5,6,2.88,1.8,1.6,Sheltered
2021_KEPPEL_HU1_2,30/03/2021,2021,2021,HU1,2,5,6,5.28,2.4,2.2,Sheltered
2021_KEPPEL_HU1_3,30/03/2021,2021,2021,HU1,3,4,6,4.8,2.4,2,Sheltered
2021_KEPPEL_HU1_4,30/03/2021,2021,2021,HU1,4,5,6,3.52,2.2,1.6,Sheltered
2021_KEPPEL_HU1_5,30/03/2021,2021,2021,HU1,5,5,6,3.52,2.2,1.6,Sheltered
