Reef ID,ReefName,X_COORD,Y_COORD,Area_HA,Zone,MgmtArea,MgmtAreaCode,MgmtAreaShort
20-118,U/N Reef (20-118),150.427,-20.053,155.663,Habitat Protection,Southern Management Area,4,Southern
20-119,U/N Reef (20-119),150.417,-20.087,2089.673,Habitat Protection,Southern Management Area,4,Southern
20-121,U/N Reef (20-121),150.395,-20.084,25.832,Habitat Protection,Southern Management Area,4,Southern
20-122,U/N Reef (20-122),150.467,-20.074,8.234,Habitat Protection,Southern Management Area,4,Southern
20-123,U/N Reef (20-123),150.45,-20.077,19.203,Habitat Protection,Southern Management Area,4,Southern
20-124,U/N Reef (20-124),150.482,-20.088,12.8,Habitat Protection,Southern Management Area,4,Southern
20-125,U/N Reef (20-125),150.427,-20.121,543.522,Habitat Protection,Southern Management Area,4,Southern
20-126,U/N Reef (20-126),150.386,-20.15,2379.586,Habitat Protection,Southern Management Area,4,Southern
20-130,U/N Reef (20-130),150.369,-20.174,193.009,Habitat Protection,Southern Management Area,4,Southern
20-131,U/N Reef (20-131),150.446,-20.141,1283.747,Habitat Protection,Southern Management Area,4,Southern
20-132,U/N Reef (20-132),150.472,-20.193,5209.422,Habitat Protection,Southern Management Area,4,Southern
20-154,U/N Reef (20-154),150.497,-20.107,37.512,Habitat Protection,Southern Management Area,4,Southern
20-167,U/N Reef (20-167),150.513,-20.259,3163.274,Habitat Protection,Southern Management Area,4,Southern
20-170,U/N Reef (20-170),150.745,-20.241,114.992,Habitat Protection,Southern Management Area,4,Southern
20-171,U/N Reef (20-171),150.765,-20.229,96.728,Habitat Protection,Southern Management Area,4,Southern
20-172,U/N Reef (20-172),150.56,-20.282,1821.172,Habitat Protection,Southern Management Area,4,Southern
20-173,U/N Reef (20-173),150.711,-20.257,8.606,Habitat Protection,Southern Management Area,4,Southern
20-174,U/N Reef (20-174),150.643,-20.275,11.089,Habitat Protection,Southern Management Area,4,Southern
20-175,U/N Reef (20-175),150.74,-20.259,35.209,Habitat Protection,Southern Management Area,4,Southern
20-176,U/N Reef (20-176),150.738,-20.279,70.059,Habitat Protection,Southern Management Area,4,Southern
20-177,U/N Reef (20-177),150.757,-20.269,16.762,Habitat Protection,Southern Management Area,4,Southern
20-178,U/N Reef (20-178),150.742,-20.303,23.196,Habitat Protection,Southern Management Area,4,Southern
20-179,U/N Reef (20-179),150.608,-20.303,2973.628,Habitat Protection,Southern Management Area,4,Southern
20-180,U/N Reef (20-180),150.804,-20.281,27.235,Habitat Protection,Southern Management Area,4,Southern
20-181,U/N Reef (20-181),150.793,-20.29,24.741,Habitat Protection,Southern Management Area,4,Southern
20-182,U/N Reef (20-182),150.578,-20.333,745.356,Habitat Protection,Southern Management Area,4,Southern
20-183,U/N Reef (20-183),150.667,-20.324,15.155,Habitat Protection,Southern Management Area,4,Southern
20-184,U/N Reef (20-184),150.706,-20.321,9.947,Habitat Protection,Southern Management Area,4,Southern
20-185a,U/N Reef (20-185a),150.584,-20.354,1586.42,Habitat Protection,Southern Management Area,4,Southern
20-185b,U/N Reef (20-185b),150.599,-20.372,426.029,Habitat Protection,Southern Management Area,4,Southern
20-185c,U/N Reef (20-185c),150.656,-20.35,2371.086,Habitat Protection,Southern Management Area,4,Southern
20-186,U/N Reef (20-186),150.713,-20.354,1111.663,Habitat Protection,Southern Management Area,4,Southern
20-187,Muirhead Reef (20-187),150.752,-20.378,2281.356,Habitat Protection,Southern Management Area,4,Southern
20-188,U/N Reef (20-188),150.809,-20.35,34.404,Habitat Protection,Southern Management Area,4,Southern
20-189,U/N Reef (20-189),150.684,-20.371,7.134,Habitat Protection,Southern Management Area,4,Southern
20-190,U/N Reef (20-190),150.853,-20.348,369.809,Habitat Protection,Southern Management Area,4,Southern
20-191,U/N Reef (20-191),150.862,-20.333,177.61,Habitat Protection,Southern Management Area,4,Southern
20-192,U/N Reef (20-192),150.583,-20.398,498.26,Habitat Protection,Southern Management Area,4,Southern
20-193,U/N Reef (20-193),150.615,-20.397,474.663,Habitat Protection,Southern Management Area,4,Southern
20-194a,U/N Reef (20-194a),150.685,-20.416,3948.102,Habitat Protection,Southern Management Area,4,Southern
20-194b,U/N Reef (20-194b),150.722,-20.407,22.237,Habitat Protection,Southern Management Area,4,Southern
20-194c,U/N Reef (20-194c),150.752,-20.413,181.48,Habitat Protection,Southern Management Area,4,Southern
20-197,U/N Reef (20-197),150.726,-20.447,471.262,Habitat Protection,Southern Management Area,4,Southern
20-200,U/N Reef (20-200),150.601,-20.518,8124.99,Habitat Protection,Southern Management Area,4,Southern
20-201,U/N Reef (20-201),150.717,-20.486,155.166,Habitat Protection,Southern Management Area,4,Southern
20-202,U/N Reef (20-202),150.83,-20.496,73.824,Habitat Protection,Southern Management Area,4,Southern
20-213,Gould Island Reef (20-213),148.76,-20.672,17.208,Habitat Protection,Southern Management Area,4,Southern
20-214,Midge Reef (20-214),148.759,-20.687,18.152,Habitat Protection,Southern Management Area,4,Southern
20-215,U/N Reef (20-215),148.74,-20.696,25.883,Habitat Protection,Southern Management Area,4,Southern
20-222,Carpet Snake Reef (20-222),148.842,-20.824,40.196,Habitat Protection,Southern Management Area,4,Southern
20-237a,Goldsmith Island Reef (No 1) (20-237a),149.158,-20.665,4.016,Habitat Protection,Southern Management Area,4,Southern
20-237c,Goldsmith Island Reef (No 3) (20-237c),149.142,-20.695,7.082,Habitat Protection,Southern Management Area,4,Southern
20-237e,Goldsmith Island Reef (No 5) (20-237e),149.138,-20.691,8.255,Habitat Protection,Southern Management Area,4,Southern
20-238,Silversmith Reef (20-238),149.111,-20.587,24.341,Habitat Protection,Southern Management Area,4,Southern
20-239,Pincer Reef (20-239),149.097,-20.682,9.424,Habitat Protection,Southern Management Area,4,Southern
20-241,Anchorsmith Reef (20-241),149.064,-20.616,8.105,Habitat Protection,Southern Management Area,4,Southern
20-242,Blackcombe Reef (20-242),149.186,-20.601,25.359,Habitat Protection,Southern Management Area,4,Southern
20-243,Anvil Reef (20-243),149.072,-20.626,4.346,Habitat Protection,Southern Management Area,4,Southern
20-244,Carondelet Reef (20-244),149.182,-20.616,13.094,Habitat Protection,Southern Management Area,4,Southern
20-245,Blacksmith Reef (20-245),149.071,-20.645,6.197,Habitat Protection,Southern Management Area,4,Southern
20-246,Hammer Reef (20-246),149.062,-20.646,13.262,Habitat Protection,Southern Management Area,4,Southern
20-247,Ladysmith Reef (20-247),149.088,-20.663,1.663,Habitat Protection,Southern Management Area,4,Southern
20-248,Locksmith Reef (20-248),149.154,-20.652,1.819,Habitat Protection,Southern Management Area,4,Southern
20-249,Geranium Shoal (20-249),149.227,-20.646,20.669,Habitat Protection,Southern Management Area,4,Southern
20-250,Bellows Reef (20-250),149.071,-20.664,1.222,Habitat Protection,Southern Management Area,4,Southern
20-251,Forge Reef (20-251),149.095,-20.673,42.661,Habitat Protection,Southern Management Area,4,Southern
20-253b,Linne Island Reef (No 2) (20-253b),149.185,-20.689,11.698,Habitat Protection,Southern Management Area,4,Southern
20-253c,Linne Island Reef (No 3) (20-253c),149.182,-20.682,11.033,Habitat Protection,Southern Management Area,4,Southern
20-253d,Linne Island Reef (No 4) (20-253d),149.177,-20.676,8.228,Habitat Protection,Southern Management Area,4,Southern
20-257a,U/N Reef (20-257a),149.142,-20.706,4.848,Habitat Protection,Southern Management Area,4,Southern
20-257b,Ingot Island Reef (20-257b),149.14,-20.711,15.432,Habitat Protection,Southern Management Area,4,Southern
20-258,Specie Shoal (20-258),149.155,-20.723,15.253,Habitat Protection,Southern Management Area,4,Southern
20-259,Io Reef (20-259),149.128,-20.694,0.997,Habitat Protection,Southern Management Area,4,Southern
20-260,Bullion Rocks Reef (20-260),149.149,-20.739,11.549,Habitat Protection,Southern Management Area,4,Southern
20-261,Coffin Reef (20-261),149.232,-20.732,9.871,Habitat Protection,Southern Management Area,4,Southern
20-262a,Wigton Island Reef (No 1) (20-262a),149.47,-20.742,53.864,Habitat Protection,Southern Management Area,4,Southern
20-262b,Wigton Island Reef (No 2) (20-262b),149.485,-20.74,25.678,Habitat Protection,Southern Management Area,4,Southern
20-263,Silloth Reef (20-263),149.436,-20.766,70.75,Habitat Protection,Southern Management Area,4,Southern
20-264,Allonby Reef (20-264),149.162,-20.752,24.143,Habitat Protection,Southern Management Area,4,Southern
20-269,Cockermouth Reef (20-269),149.398,-20.779,187.629,Habitat Protection,Southern Management Area,4,Southern
20-272,Bolton Shoal (20-272),149.281,-20.843,16.212,Habitat Protection,Southern Management Area,4,Southern
20-273,Fantome Rocks (20-273),149.244,-20.861,83.534,Habitat Protection,Southern Management Area,4,Southern
20-276,Hyde Rock Reef (20-276),149.355,-20.914,10.202,Habitat Protection,Southern Management Area,4,Southern
20-289,Calder Reef (20-289),149.62,-20.771,67.002,Habitat Protection,Southern Management Area,4,Southern
20-290b,Scawfell Reef (No 2) (20-290b),149.591,-20.865,45.314,Habitat Protection,Southern Management Area,4,Southern
20-291,Three Rocks Reef (20-291),149.739,-20.951,26.954,Habitat Protection,Southern Management Area,4,Southern
20-292,Derwent Reef (20-292),149.782,-20.987,52.082,Habitat Protection,Southern Management Area,4,Southern
20-293,Skull Rock Reef (20-293),149.798,-20.988,8.197,Habitat Protection,Southern Management Area,4,Southern
20-298,Warland Reef (20-298),150.382,-20.602,1167.253,Habitat Protection,Southern Management Area,4,Southern
20-299a,U/N Reef (20-299a),150.434,-20.603,982.068,Habitat Protection,Southern Management Area,4,Southern
20-299b,U/N Reef (20-299b),150.39,-20.644,2774.795,Habitat Protection,Southern Management Area,4,Southern
20-299c,Southampton Reef (20-299c),150.45,-20.649,3487.955,Habitat Protection,Southern Management Area,4,Southern
20-299d,Briggs Reef (No 1) (20-299d),150.452,-20.684,35.171,Habitat Protection,Southern Management Area,4,Southern
20-299e,Briggs Reef (No 2) (20-299e),150.451,-20.676,14.414,Habitat Protection,Southern Management Area,4,Southern
20-299f,Briggs Reef (No 3) (20-299f),150.447,-20.685,7.694,Habitat Protection,Southern Management Area,4,Southern
20-299g,Briggs Reef (No 4) (20-299g),150.449,-20.689,15.872,Habitat Protection,Southern Management Area,4,Southern
20-299h,U/N Reef (20-299h),150.457,-20.69,4.515,Habitat Protection,Southern Management Area,4,Southern
20-299j,U/N Reef (20-299j),150.461,-20.691,3.19,Habitat Protection,Southern Management Area,4,Southern
20-300,U/N Reef (20-300),150.466,-20.634,66.089,Habitat Protection,Southern Management Area,4,Southern
20-301a,Cole Reefs (No2) (20-301a),150.231,-20.681,707.654,Habitat Protection,Southern Management Area,4,Southern
20-301b,Cole Reefs (No3) (20-301b),150.287,-20.655,866.402,Habitat Protection,Southern Management Area,4,Southern
20-302,Cole Reefs (No1) (20-302),150.186,-20.701,455.226,Habitat Protection,Southern Management Area,4,Southern
20-306,Goble Reefs (West) (20-306),150.454,-20.805,307.282,Habitat Protection,Southern Management Area,4,Southern
20-311,U/N Reef (20-311),150.711,-20.514,49.573,Habitat Protection,Southern Management Area,4,Southern
20-313,U/N Reef (20-313),150.802,-20.522,160.942,Habitat Protection,Southern Management Area,4,Southern
20-314,U/N Reef (20-314),150.758,-20.528,28.424,Habitat Protection,Southern Management Area,4,Southern
20-315a,U/N Reef (20-315a),150.562,-20.564,4738.638,Habitat Protection,Southern Management Area,4,Southern
20-315b,U/N Reef (20-315b),150.576,-20.541,8.309,Habitat Protection,Southern Management Area,4,Southern
20-315c,U/N Reef (20-315c),150.592,-20.567,17.501,Habitat Protection,Southern Management Area,4,Southern
20-316,U/N Reef (20-316),150.754,-20.548,9.183,Habitat Protection,Southern Management Area,4,Southern
20-317,U/N Reef (20-317),150.723,-20.563,53.025,Habitat Protection,Southern Management Area,4,Southern
20-318,U/N Reef (20-318),150.773,-20.566,93.588,Habitat Protection,Southern Management Area,4,Southern
20-319,U/N Reef (20-319),150.822,-20.565,120.397,Habitat Protection,Southern Management Area,4,Southern
20-320,U/N Reef (20-320),150.838,-20.569,78.062,Habitat Protection,Southern Management Area,4,Southern
20-322,U/N Reef (20-322),150.746,-20.574,647.854,Habitat Protection,Southern Management Area,4,Southern
20-323,U/N Reef (20-323),150.865,-20.585,51.66,Habitat Protection,Southern Management Area,4,Southern
20-324,U/N Reef (20-324),150.767,-20.596,1455.662,Habitat Protection,Southern Management Area,4,Southern
20-325,U/N Reef (20-325),150.733,-20.623,91.344,Habitat Protection,Southern Management Area,4,Southern
20-326,Molar Reef (20-326),150.804,-20.625,4810.965,Habitat Protection,Southern Management Area,4,Southern
20-327,U/N Reef (20-327),150.854,-20.618,633.488,Habitat Protection,Southern Management Area,4,Southern
20-328a,U/N Reef (20-328a),150.902,-20.618,393.796,Habitat Protection,Southern Management Area,4,Southern
20-328b,U/N Reef (20-328b),150.917,-20.608,32.189,Habitat Protection,Southern Management Area,4,Southern
20-328c,U/N Reef (20-328c),150.92,-20.604,61.081,Habitat Protection,Southern Management Area,4,Southern
20-328d,U/N Reef (20-328d),150.923,-20.609,4.494,Habitat Protection,Southern Management Area,4,Southern
20-328e,U/N Reef (20-328e),150.921,-20.614,21.184,Habitat Protection,Southern Management Area,4,Southern
20-328f,U/N Reef (20-328f),150.92,-20.622,7.049,Habitat Protection,Southern Management Area,4,Southern
20-329,U/N Reef (20-329),150.993,-20.626,36.221,Habitat Protection,Southern Management Area,4,Southern
20-330,U/N Reef (20-330),150.955,-20.631,19.61,Habitat Protection,Southern Management Area,4,Southern
20-331,U/N Reef (20-331),150.982,-20.646,12.935,Habitat Protection,Southern Management Area,4,Southern
20-332,U/N Reef (20-332),150.699,-20.662,19.842,Habitat Protection,Southern Management Area,4,Southern
20-333,U/N Reef (20-333),150.735,-20.645,274.463,Habitat Protection,Southern Management Area,4,Southern
20-334,U/N Reef (20-334),150.752,-20.635,60.08,Habitat Protection,Southern Management Area,4,Southern
20-335,U/N Reef (20-335),150.874,-20.672,3423.321,Habitat Protection,Southern Management Area,4,Southern
20-336,U/N Reef (20-336),150.776,-20.683,76.598,Habitat Protection,Southern Management Area,4,Southern
20-337,U/N Reef (20-337),150.834,-20.697,171.348,Habitat Protection,Southern Management Area,4,Southern
20-338,U/N Reef (20-338),150.982,-20.679,887.56,Habitat Protection,Southern Management Area,4,Southern
20-339a,U/N Reef (20-339a),150.884,-20.726,2101.421,Habitat Protection,Southern Management Area,4,Southern
20-339b,U/N Reef (20-339b),150.938,-20.707,2864.527,Habitat Protection,Southern Management Area,4,Southern
20-340,U/N Reef (20-340),150.76,-20.708,328.461,Habitat Protection,Southern Management Area,4,Southern
20-341,U/N Reef (20-341),150.82,-20.714,18.725,Habitat Protection,Southern Management Area,4,Southern
20-342,U/N Reef (20-342),150.954,-20.768,1699.593,Habitat Protection,Southern Management Area,4,Southern
20-343,U/N Reef (20-343),150.908,-20.769,27.34,Habitat Protection,Southern Management Area,4,Southern
20-344,U/N Reef (20-344),150.896,-20.78,412.527,Habitat Protection,Southern Management Area,4,Southern
20-345,U/N Reef (20-345),150.814,-20.798,56.545,Habitat Protection,Southern Management Area,4,Southern
20-349,U/N Reef (20-349),150.623,-20.905,78.322,Habitat Protection,Southern Management Area,4,Southern
20-357,U/N Reef (20-357),151.001,-20.619,21.044,Habitat Protection,Southern Management Area,4,Southern
20-358,U/N Reef (20-358),151.032,-20.64,351.91,Habitat Protection,Southern Management Area,4,Southern
20-359,U/N Reef (20-359),151.045,-20.655,296.354,Habitat Protection,Southern Management Area,4,Southern
20-360,U/N Reef (20-360),151.014,-20.679,98.995,Habitat Protection,Southern Management Area,4,Southern
20-361,U/N Reef (20-361),150.995,-20.695,316.984,Habitat Protection,Southern Management Area,4,Southern
20-362,U/N Reef (20-362),151.036,-20.685,51.953,Habitat Protection,Southern Management Area,4,Southern
20-363,U/N Reef (20-363),151.074,-20.669,83.706,Habitat Protection,Southern Management Area,4,Southern
20-364,U/N Reef (20-364),151.089,-20.693,30.809,Habitat Protection,Southern Management Area,4,Southern
20-365,U/N Reef (20-365),151.063,-20.691,23.552,Habitat Protection,Southern Management Area,4,Southern
20-366,U/N Reef (20-366),151.111,-20.717,757.341,Habitat Protection,Southern Management Area,4,Southern
20-369a,Cockatoo Reef (No 1) (20-369a),151.016,-20.747,8553.32,Habitat Protection,Southern Management Area,4,Southern
20-369b,Cockatoo Reef (No 2) (20-369b),150.995,-20.703,13.832,Habitat Protection,Southern Management Area,4,Southern
20-369c,Cockatoo Reef (No 3) (20-369c),151.041,-20.718,7.081,Habitat Protection,Southern Management Area,4,Southern
20-369d,Cockatoo Reef (No 4) (20-369d),151.048,-20.725,2.557,Habitat Protection,Southern Management Area,4,Southern
20-385,U/N Reef (20-385),151.326,-20.942,2882.445,Habitat Protection,Southern Management Area,4,Southern
20-388a,U/N Reef (20-388a),151.356,-20.959,362.779,Habitat Protection,Southern Management Area,4,Southern
20-388b,U/N Reef (20-388b),151.345,-21.012,101.186,Habitat Protection,Southern Management Area,4,Southern
20-388c,U/N Reef (20-388c),151.339,-20.984,404.163,Habitat Protection,Southern Management Area,4,Southern
20-389,Neville Coleman Reef (20-389),151.403,-20.966,9626.344,Habitat Protection,Southern Management Area,4,Southern
20-390,U/N Reef (20-390),151.303,-20.986,220.738,Habitat Protection,Southern Management Area,4,Southern
20-391,U/N Reef (20-391),151.478,-20.991,3893.368,Habitat Protection,Southern Management Area,4,Southern
20-392,U/N Reef (20-392),151.969,-20.889,975.278,Habitat Protection,Southern Management Area,4,Southern
20-393,U/N Reef (20-393),152.18,-20.93,129.323,Habitat Protection,Southern Management Area,4,Southern
20-394,U/N Reef (20-394),152.072,-20.945,392.602,Habitat Protection,Southern Management Area,4,Southern
20-395,U/N Reef (20-395),152.251,-20.962,427.018,Habitat Protection,Southern Management Area,4,Southern
20-396,Newell Reef (20-396),152.278,-20.967,732.93,Habitat Protection,Southern Management Area,4,Southern
20-398,U/N Reef (20-398),152.064,-20.985,366.703,Habitat Protection,Southern Management Area,4,Southern
20-399,U/N Reef (20-399),152.086,-20.992,92.619,Habitat Protection,Southern Management Area,4,Southern
20-400,U/N Reef (20-400),152.11,-21.002,102.032,Habitat Protection,Southern Management Area,4,Southern
20-407,Coppersmith Reef (20-407),149.116,-20.598,2.292,Habitat Protection,Southern Management Area,4,Southern
20-411,U/N Reef (20-411),151.529,-20.961,72.417,Habitat Protection,Southern Management Area,4,Southern
20-412,U/N Reef (20-412),151.552,-20.893,245.758,Habitat Protection,Southern Management Area,4,Southern
20-413,U/N Reef (20-413),151.568,-20.977,223.077,Habitat Protection,Southern Management Area,4,Southern
20-414,U/N Reef (20-414),151.589,-20.956,67.866,Habitat Protection,Southern Management Area,4,Southern
20-415,U/N Reef (20-415),151.616,-20.923,72.646,Habitat Protection,Southern Management Area,4,Southern
20-416,U/N Reef (20-416),151.651,-20.986,195.686,Habitat Protection,Southern Management Area,4,Southern
20-417,U/N Reef (20-417),151.661,-20.943,2492.002,Habitat Protection,Southern Management Area,4,Southern
20-418,U/N Reef (20-418),151.663,-20.907,498.758,Habitat Protection,Southern Management Area,4,Southern
20-419,U/N Reef (20-419),151.704,-20.929,25.749,Habitat Protection,Southern Management Area,4,Southern
20-420,U/N Reef (20-420),151.723,-20.954,102.835,Habitat Protection,Southern Management Area,4,Southern
20-421,U/N Reef (20-421),151.732,-20.978,330.429,Habitat Protection,Southern Management Area,4,Southern
20-422,U/N Reef (20-422),151.766,-20.975,137.355,Habitat Protection,Southern Management Area,4,Southern
20-423,U/N Reef (20-423),151.835,-20.936,84.611,Habitat Protection,Southern Management Area,4,Southern
20-424,U/N Reef (20-424),151.852,-20.956,302.985,Habitat Protection,Southern Management Area,4,Southern
20-425,U/N Reef (20-425),151.871,-20.917,595.325,Habitat Protection,Southern Management Area,4,Southern
20-426,U/N Reef (20-426),151.887,-20.906,144.502,Habitat Protection,Southern Management Area,4,Southern
20-427,U/N Reef (20-427),151.896,-20.95,29.776,Habitat Protection,Southern Management Area,4,Southern
20-428,U/N Reef (20-428),151.913,-20.898,80.765,Habitat Protection,Southern Management Area,4,Southern
20-429,U/N Reef (20-429),151.918,-20.888,875.959,Habitat Protection,Southern Management Area,4,Southern
20-430,U/N Reef (20-430),151.998,-20.886,78.436,Habitat Protection,Southern Management Area,4,Southern
20-431,U/N Reef (20-431),152.002,-20.895,11.244,Habitat Protection,Southern Management Area,4,Southern
20-432,U/N Reef (20-432),152.006,-20.89,15.705,Habitat Protection,Southern Management Area,4,Southern
20-433,U/N Reef (20-433),152.053,-20.9,877.162,Habitat Protection,Southern Management Area,4,Southern
20-434,U/N Reef (20-434),152.063,-20.893,7.99,Habitat Protection,Southern Management Area,4,Southern
20-435,U/N Reef (20-435),152.095,-20.981,34.181,Habitat Protection,Southern Management Area,4,Southern
20-436,U/N Reef (20-436),152.098,-20.93,72.864,Habitat Protection,Southern Management Area,4,Southern
20-437,U/N Reef (20-437),152.098,-20.919,79.739,Habitat Protection,Southern Management Area,4,Southern
20-438,U/N Reef (20-438),152.112,-20.913,71.558,Habitat Protection,Southern Management Area,4,Southern
20-439,U/N Reef (20-439),152.117,-20.919,198.16,Habitat Protection,Southern Management Area,4,Southern
20-440,U/N Reef (20-440),152.119,-20.953,14.827,Habitat Protection,Southern Management Area,4,Southern
20-441,U/N Reef (20-441),152.129,-20.976,15.133,Habitat Protection,Southern Management Area,4,Southern
20-442,U/N Reef (20-442),152.133,-20.912,25.871,Habitat Protection,Southern Management Area,4,Southern
20-443,U/N Reef (20-443),152.16,-20.927,33.965,Habitat Protection,Southern Management Area,4,Southern
20-444,U/N Reef (20-444),152.176,-20.921,585.362,Habitat Protection,Southern Management Area,4,Southern
20-445,U/N Reef (20-445),152.212,-20.916,28.35,Habitat Protection,Southern Management Area,4,Southern
20-446,U/N Reef (20-446),152.223,-20.92,13.078,Habitat Protection,Southern Management Area,4,Southern
20-447,U/N Reef (20-447),152.229,-20.941,130.263,Habitat Protection,Southern Management Area,4,Southern
20-448,U/N Reef (20-448),152.235,-20.922,9.371,Habitat Protection,Southern Management Area,4,Southern
20-449,U/N Reef (20-449),152.246,-20.925,14.198,Habitat Protection,Southern Management Area,4,Southern
20-450,U/N Reef (20-450),152.258,-20.933,121.875,Habitat Protection,Southern Management Area,4,Southern
20-453,U/N Reef (20-453),150.556,-20.36,11.86,Habitat Protection,Southern Management Area,4,Southern
20-454,U/N Reef (20-454),150.56,-20.325,41.496,Habitat Protection,Southern Management Area,4,Southern
20-455,U/N Reef (20-455),150.563,-20.32,79.328,Habitat Protection,Southern Management Area,4,Southern
20-456,U/N Reef (20-456),150.578,-20.443,189.347,Habitat Protection,Southern Management Area,4,Southern
20-458,U/N Reef (20-458),150.59,-20.449,22.913,Habitat Protection,Southern Management Area,4,Southern
20-459,U/N Reef (20-459),150.595,-20.378,18.307,Habitat Protection,Southern Management Area,4,Southern
20-460,U/N Reef (20-460),150.602,-20.587,61.448,Habitat Protection,Southern Management Area,4,Southern
20-461,U/N Reef (20-461),150.606,-20.273,68.489,Habitat Protection,Southern Management Area,4,Southern
20-462,U/N Reef (20-462),150.609,-20.327,0.378,Habitat Protection,Southern Management Area,4,Southern
20-463,U/N Reef (20-463),150.63,-20.442,1.208,Habitat Protection,Southern Management Area,4,Southern
20-464,U/N Reef (20-464),150.632,-20.373,4.025,Habitat Protection,Southern Management Area,4,Southern
20-465,U/N Reef (20-465),150.633,-20.381,7.907,Habitat Protection,Southern Management Area,4,Southern
20-467,U/N Reef (20-467),150.636,-20.378,27.611,Habitat Protection,Southern Management Area,4,Southern
20-469,U/N Reef (20-469),150.65,-20.5,7125.753,Habitat Protection,Southern Management Area,4,Southern
20-470,U/N Reef (20-470),150.677,-20.471,170.846,Habitat Protection,Southern Management Area,4,Southern
20-471,U/N Reef (20-471),150.679,-20.481,13.004,Habitat Protection,Southern Management Area,4,Southern
20-473,U/N Reef (20-473),150.69,-20.48,17.261,Habitat Protection,Southern Management Area,4,Southern
20-474,U/N Reef (20-474),150.693,-20.469,240.539,Habitat Protection,Southern Management Area,4,Southern
20-476,U/N Reef (20-476),150.707,-20.467,11.407,Habitat Protection,Southern Management Area,4,Southern
20-477,U/N Reef (20-477),150.716,-20.528,30.615,Habitat Protection,Southern Management Area,4,Southern
20-478,U/N Reef (20-478),150.72,-20.469,130.428,Habitat Protection,Southern Management Area,4,Southern
20-479,U/N Reef (20-479),150.722,-20.626,7.27,Habitat Protection,Southern Management Area,4,Southern
20-480,U/N Reef (20-480),150.724,-20.229,6.336,Habitat Protection,Southern Management Area,4,Southern
20-481,U/N Reef (20-481),150.732,-20.219,21.04,Habitat Protection,Southern Management Area,4,Southern
20-482,U/N Reef (20-482),150.734,-20.465,196.131,Habitat Protection,Southern Management Area,4,Southern
20-483,U/N Reef (20-483),150.737,-20.425,36.409,Habitat Protection,Southern Management Area,4,Southern
20-484,U/N Reef (20-484),150.738,-20.226,7.687,Habitat Protection,Southern Management Area,4,Southern
20-485,U/N Reef (20-485),150.738,-20.433,111.096,Habitat Protection,Southern Management Area,4,Southern
20-486,U/N Reef (20-486),150.746,-20.355,0.333,Habitat Protection,Southern Management Area,4,Southern
20-487,U/N Reef (20-487),150.747,-20.414,0.77,Habitat Protection,Southern Management Area,4,Southern
20-488,U/N Reef (20-488),150.756,-20.443,19.174,Habitat Protection,Southern Management Area,4,Southern
20-489,U/N Reef (20-489),150.761,-20.421,3.225,Habitat Protection,Southern Management Area,4,Southern
20-490,U/N Reef (20-490),150.764,-20.403,3.154,Habitat Protection,Southern Management Area,4,Southern
20-492,U/N Reef (20-492),150.77,-20.404,0.644,Habitat Protection,Southern Management Area,4,Southern
20-493,U/N Reef (20-493),150.77,-20.203,18.489,Habitat Protection,Southern Management Area,4,Southern
20-494,U/N Reef (20-494),150.773,-20.701,3.366,Habitat Protection,Southern Management Area,4,Southern
20-495,U/N Reef (20-495),150.778,-20.456,40.971,Habitat Protection,Southern Management Area,4,Southern
20-496,U/N Reef (20-496),150.78,-20.705,90.464,Habitat Protection,Southern Management Area,4,Southern
20-497,U/N Reef (20-497),150.78,-20.576,3.372,Habitat Protection,Southern Management Area,4,Southern
20-498,U/N Reef (20-498),150.783,-20.414,98.408,Habitat Protection,Southern Management Area,4,Southern
20-499,U/N Reef (20-499),150.797,-20.204,16.484,Habitat Protection,Southern Management Area,4,Southern
20-500,U/N Reef (20-500),150.798,-20.561,13.918,Habitat Protection,Southern Management Area,4,Southern
20-501,U/N Reef (20-501),150.803,-20.301,13.692,Habitat Protection,Southern Management Area,4,Southern
20-502,U/N Reef (20-502),150.842,-20.591,19.403,Habitat Protection,Southern Management Area,4,Southern
20-503,U/N Reef (20-503),150.842,-20.248,25.201,Habitat Protection,Southern Management Area,4,Southern
20-504,U/N Reef (20-504),150.852,-20.263,19.259,Habitat Protection,Southern Management Area,4,Southern
20-505,U/N Reef (20-505),150.876,-20.594,34.313,Habitat Protection,Southern Management Area,4,Southern
20-506,U/N Reef (20-506),150.879,-20.584,54.711,Habitat Protection,Southern Management Area,4,Southern
20-507,U/N Reef (20-507),150.879,-20.303,357.042,Habitat Protection,Southern Management Area,4,Southern
20-508,U/N Reef (20-508),150.891,-20.648,6.862,Habitat Protection,Southern Management Area,4,Southern
20-509,U/N Reef (20-509),150.892,-20.627,130.29,Habitat Protection,Southern Management Area,4,Southern
20-510,U/N Reef (20-510),150.892,-20.634,7.939,Habitat Protection,Southern Management Area,4,Southern
20-512,U/N Reef (20-512),150.894,-20.572,6.51,Habitat Protection,Southern Management Area,4,Southern
20-513,U/N Reef (20-513),150.899,-20.64,34.479,Habitat Protection,Southern Management Area,4,Southern
20-514,U/N Reef (20-514),150.9,-20.664,6.109,Habitat Protection,Southern Management Area,4,Southern
20-515,U/N Reef (20-515),150.9,-20.658,46.339,Habitat Protection,Southern Management Area,4,Southern
20-516,U/N Reef (20-516),150.901,-20.649,121.647,Habitat Protection,Southern Management Area,4,Southern
20-517,U/N Reef (20-517),150.909,-20.686,12.196,Habitat Protection,Southern Management Area,4,Southern
20-518,U/N Reef (20-518),150.911,-20.648,1.314,Habitat Protection,Southern Management Area,4,Southern
20-519,U/N Reef (20-519),150.914,-20.644,32.368,Habitat Protection,Southern Management Area,4,Southern
20-527,U/N Reef (20-527),150.981,-20.799,64.147,Habitat Protection,Southern Management Area,4,Southern
20-556,U/N Reef (20-556),151.106,-20.702,40.875,Habitat Protection,Southern Management Area,4,Southern
20-558,U/N Reef (20-558),150.613,-20.984,13.502,Habitat Protection,Southern Management Area,4,Southern
20-566,U/N Reef (20-566),151.365,-20.994,8.607,Habitat Protection,Southern Management Area,4,Southern
20-567,U/N Reef (20-567),151.37,-20.997,25.804,Habitat Protection,Southern Management Area,4,Southern
20-568,U/N Reef (20-568),151.371,-20.956,894.511,Habitat Protection,Southern Management Area,4,Southern
20-569,U/N Reef (20-569),151.379,-20.991,17.533,Habitat Protection,Southern Management Area,4,Southern
20-573,U/N Reef (20-573),151.454,-20.915,171.602,Habitat Protection,Southern Management Area,4,Southern
20-574,U/N Reef (20-574),151.459,-20.906,9.128,Habitat Protection,Southern Management Area,4,Southern
20-576,U/N Reef (20-576),151.472,-20.909,9.653,Habitat Protection,Southern Management Area,4,Southern
20-579,U/N Reef (20-579),151.339,-21,21.893,Habitat Protection,Southern Management Area,4,Southern
20-581,U/N Reef (20-581),150.457,-20.742,318.046,Habitat Protection,Southern Management Area,4,Southern
20-590,U/N Reef (20-590),150.371,-20.1,32.97,Habitat Protection,Southern Management Area,4,Southern
20-591,U/N Reef (20-591),150.373,-20.11,16.334,Habitat Protection,Southern Management Area,4,Southern
20-594,U/N Reef (20-594),150.382,-20.074,1.383,Habitat Protection,Southern Management Area,4,Southern
20-595,U/N Reef (20-595),150.387,-20.074,1.283,Habitat Protection,Southern Management Area,4,Southern
20-596,U/N Reef (20-596),150.389,-20.104,21.246,Habitat Protection,Southern Management Area,4,Southern
20-597,U/N Reef (20-597),150.397,-20.078,4.46,Habitat Protection,Southern Management Area,4,Southern
20-598,U/N Reef (20-598),150.403,-20.108,2.475,Habitat Protection,Southern Management Area,4,Southern
20-599,U/N Reef (20-599),150.406,-20.044,83.668,Habitat Protection,Southern Management Area,4,Southern
20-600,U/N Reef (20-600),150.41,-20.146,19.302,Habitat Protection,Southern Management Area,4,Southern
20-601,U/N Reef (20-601),150.413,-20.145,1.272,Habitat Protection,Southern Management Area,4,Southern
20-602,U/N Reef (20-602),150.414,-20.137,17.3,Habitat Protection,Southern Management Area,4,Southern
20-603,U/N Reef (20-603),150.425,-20.036,101.925,Habitat Protection,Southern Management Area,4,Southern
20-604,U/N Reef (20-604),150.432,-20.063,12.787,Habitat Protection,Southern Management Area,4,Southern
20-605,U/N Reef (20-605),150.489,-20.233,85.682,Habitat Protection,Southern Management Area,4,Southern
21-002,Oom Shoal (21-002),149.304,-21.054,54.229,Habitat Protection,Southern Management Area,4,Southern
21-005a,Downward Patches (No 1) (21-005a),149.291,-21.126,61.211,Habitat Protection,Southern Management Area,4,Southern
21-005b,Downward Patches (No 2) (21-005b),149.291,-21.136,8.143,Habitat Protection,Southern Management Area,4,Southern
21-005c,Downward Patches (No 3) (21-005c),149.289,-21.145,75.421,Habitat Protection,Southern Management Area,4,Southern
21-005d,Downward Patches (No 4) (21-005d),149.296,-21.154,20.019,Habitat Protection,Southern Management Area,4,Southern
21-005e,Downward Patches (No 5) (21-005e),149.316,-21.16,14.513,Habitat Protection,Southern Management Area,4,Southern
21-005f,Downward Patches (No 6) (21-005f),149.286,-21.163,110.054,Habitat Protection,Southern Management Area,4,Southern
21-005g,Downward Patches (No 7) (21-005g),149.311,-21.171,12.897,Habitat Protection,Southern Management Area,4,Southern
21-006,Dangerous Reef (21-006),149.245,-21.133,14.22,Habitat Protection,Southern Management Area,4,Southern
21-007,Flat Top Reef (21-007),149.239,-21.161,133.013,Habitat Protection,Southern Management Area,4,Southern
21-009,Round Top Reef (21-009),149.266,-21.174,21.314,Habitat Protection,Southern Management Area,4,Southern
21-012,Dudgeon Ledge (21-012),149.268,-21.267,32.809,Habitat Protection,Southern Management Area,4,Southern
21-013,Hay Reef (21-013),149.287,-21.275,49.285,Habitat Protection,Southern Management Area,4,Southern
21-014,Highwater Reef (21-014),149.302,-21.293,9.372,Habitat Protection,Southern Management Area,4,Southern
21-015,Victor Reef (21-015),149.325,-21.328,128.626,Habitat Protection,Southern Management Area,4,Southern
21-016,Coral Point Reef (21-016),149.319,-21.372,41.48,Habitat Protection,Southern Management Area,4,Southern
21-018,U/N Reef (21-018),149.333,-21.413,30.762,Habitat Protection,Southern Management Area,4,Southern
21-019,Freshwater Point Reef (21-019),149.338,-21.43,38.965,Habitat Protection,Southern Management Area,4,Southern
21-020,Cullen Reef (21-020),149.492,-21.424,16.861,Habitat Protection,Southern Management Area,4,Southern
21-021,Irving Island Reef (21-021),149.458,-21.455,22.04,Habitat Protection,Southern Management Area,4,Southern
21-022,Phillips Reef (21-022),149.494,-21.468,29.384,Habitat Protection,Southern Management Area,4,Southern
21-023,Taffy Reef (21-023),149.391,-21.475,60.158,Habitat Protection,Southern Management Area,4,Southern
21-024,Glendower Point Reef (21-024),149.396,-21.498,54.334,Habitat Protection,Southern Management Area,4,Southern
21-027,Snare Peak Reef (21-027),149.936,-21.103,16.166,Habitat Protection,Southern Management Area,4,Southern
21-029,Overfall Reef (21-029),149.63,-21.267,7.506,Habitat Protection,Southern Management Area,4,Southern
21-031,Prudhoe Island Reef (21-031),149.682,-21.316,103.517,Habitat Protection,Southern Management Area,4,Southern
21-032,Prudhoe Shoal (21-032),149.665,-21.327,291.589,Habitat Protection,Southern Management Area,4,Southern
21-033,Reid Reef (21-033),149.658,-21.371,12.873,Habitat Protection,Southern Management Area,4,Southern
21-034,Double Island Reef (21-034),149.83,-21.375,67.062,Habitat Protection,Southern Management Area,4,Southern
21-035,Lloyd Shoal (21-035),149.808,-21.388,80.341,Habitat Protection,Southern Management Area,4,Southern
21-036a,Viscount Shoals (No 1) (21-036a),149.568,-21.419,604.032,Habitat Protection,Southern Management Area,4,Southern
21-036b,Viscount Shoals (No 2) (21-036b),149.605,-21.411,612.275,Habitat Protection,Southern Management Area,4,Southern
21-036c,Viscount Shoals (No 3) (21-036c),149.576,-21.474,101.234,Habitat Protection,Southern Management Area,4,Southern
21-037,Renou Reef (21-037),149.821,-21.434,9.834,Habitat Protection,Southern Management Area,4,Southern
21-039,Knight Reef (21-039),149.714,-21.448,66.2,Habitat Protection,Southern Management Area,4,Southern
21-040,Minster Reef (21-040),149.848,-21.444,45.737,Habitat Protection,Southern Management Area,4,Southern
21-041,Festing Shoal (21-041),149.7,-21.468,75.326,Habitat Protection,Southern Management Area,4,Southern
21-043,Beaver Shoal (21-043),149.825,-21.467,59.79,Habitat Protection,Southern Management Area,4,Southern
21-044,Beverlac Reef (21-044),149.874,-21.456,24.33,Habitat Protection,Southern Management Area,4,Southern
21-045,Hull Reef (21-045),149.884,-21.466,33.994,Habitat Protection,Southern Management Area,4,Southern
21-046,Elamang Reef (21-046),149.664,-21.471,18.492,Habitat Protection,Southern Management Area,4,Southern
21-047,Still Reef (21-047),149.925,-21.476,7.511,Habitat Protection,Southern Management Area,4,Southern
21-048,Henderson Reef (21-048),149.911,-21.481,28.939,Habitat Protection,Southern Management Area,4,Southern
21-049,Keelan Reef (21-049),149.92,-21.49,25.084,Habitat Protection,Southern Management Area,4,Southern
21-050,Noel Reef (21-050),149.894,-21.494,57.218,Habitat Protection,Southern Management Area,4,Southern
21-051,Penn Reef (21-051),149.93,-21.495,9.148,Habitat Protection,Southern Management Area,4,Southern
21-052,Digby Reef (21-052),149.914,-21.5,60.068,Habitat Protection,Southern Management Area,4,Southern
21-054,Prince Reef (21-054),150.256,-21.066,73.953,Habitat Protection,Southern Management Area,4,Southern
21-055,Alarm Reef (21-055),150.239,-21.115,18.172,Habitat Protection,Southern Management Area,4,Southern
21-060,U/N Reef (21-060),150.592,-21.013,161.885,Habitat Protection,Southern Management Area,4,Southern
21-066,U/N Reef (21-066),150.779,-21.089,25.826,Habitat Protection,Southern Management Area,4,Southern
21-067,U/N Reef (21-067),150.902,-21.116,214.135,Habitat Protection,Southern Management Area,4,Southern
21-069,U/N Reef (21-069),150.995,-21.112,137.354,Habitat Protection,Southern Management Area,4,Southern
21-070,U/N Reef (21-070),150.79,-21.133,125.509,Habitat Protection,Southern Management Area,4,Southern
21-071,U/N Reef (21-071),150.763,-21.136,132.911,Habitat Protection,Southern Management Area,4,Southern
21-073,U/N Reef (21-073),150.856,-21.139,28.149,Habitat Protection,Southern Management Area,4,Southern
21-074,U/N Reef (21-074),150.845,-21.156,497.705,Habitat Protection,Southern Management Area,4,Southern
21-075,U/N Reef (21-075),150.934,-21.164,134.16,Habitat Protection,Southern Management Area,4,Southern
21-076,U/N Reef (21-076),150.873,-21.186,1218.945,Habitat Protection,Southern Management Area,4,Southern
21-077,U/N Reef (21-077),150.942,-21.192,698.62,Habitat Protection,Southern Management Area,4,Southern
21-078,U/N Reef (21-078),150.822,-21.201,297.537,Habitat Protection,Southern Management Area,4,Southern
21-079,U/N Reef (21-079),150.793,-21.214,283.011,Habitat Protection,Southern Management Area,4,Southern
21-080,U/N Reef (21-080),150.769,-21.226,56.915,Habitat Protection,Southern Management Area,4,Southern
21-081,U/N Reef (21-081),150.883,-21.224,631.335,Habitat Protection,Southern Management Area,4,Southern
21-082,U/N Reef (21-082),150.897,-21.246,495.373,Habitat Protection,Southern Management Area,4,Southern
21-083,U/N Reef (21-083),150.912,-21.258,67.921,Habitat Protection,Southern Management Area,4,Southern
21-084,U/N Reef (21-084),150.931,-21.278,119.692,Habitat Protection,Southern Management Area,4,Southern
21-085,U/N Reef (21-085),150.936,-21.308,49.807,Habitat Protection,Southern Management Area,4,Southern
21-086,Paul Reef (21-086),150.785,-21.332,10683.218,Habitat Protection,Southern Management Area,4,Southern
21-087,U/N Reef (21-087),150.975,-21.384,10669.406,Habitat Protection,Southern Management Area,4,Southern
21-088,U/N Reef (21-088),151.325,-21.024,395.574,Habitat Protection,Southern Management Area,4,Southern
21-089,U/N Reef (21-089),151.415,-21.013,452.737,Habitat Protection,Southern Management Area,4,Southern
21-090,U/N Reef (21-090),151.445,-21.01,2.733,Habitat Protection,Southern Management Area,4,Southern
21-091,U/N Reef (21-091),151.554,-21.042,94.048,Habitat Protection,Southern Management Area,4,Southern
21-092,U/N Reef (21-092),151.163,-21.013,147.775,Habitat Protection,Southern Management Area,4,Southern
21-094,U/N Reef (21-094),151.152,-21.035,348.061,Habitat Protection,Southern Management Area,4,Southern
21-095,U/N Reef (21-095),151.28,-21.042,166.397,Habitat Protection,Southern Management Area,4,Southern
21-096,U/N Reef (21-096),151.409,-21.037,37.049,Habitat Protection,Southern Management Area,4,Southern
21-097,U/N Reef (21-097),151.481,-21.039,352.249,Habitat Protection,Southern Management Area,4,Southern
21-098,U/N Reef (21-098),151.421,-21.042,8.978,Habitat Protection,Southern Management Area,4,Southern
21-099,U/N Reef (21-099),151.379,-21.05,51.916,Habitat Protection,Southern Management Area,4,Southern
21-100,U/N Reef (21-100),151.071,-21.071,64.183,Habitat Protection,Southern Management Area,4,Southern
21-101,U/N Reef (21-101),151.528,-21.015,1984.552,Habitat Protection,Southern Management Area,4,Southern
21-102,U/N Reef (21-102),151.434,-21.072,11.094,Habitat Protection,Southern Management Area,4,Southern
21-103,U/N Reef (21-103),151.369,-21.079,127.446,Habitat Protection,Southern Management Area,4,Southern
21-105,U/N Reef (21-105),151.47,-21.105,32.699,Habitat Protection,Southern Management Area,4,Southern
21-106,U/N Reef (21-106),151.226,-21.121,44.041,Habitat Protection,Southern Management Area,4,Southern
21-107,U/N Reef (21-107),151.212,-21.122,282.256,Habitat Protection,Southern Management Area,4,Southern
21-108,U/N Reef (21-108),151.138,-21.122,164.654,Habitat Protection,Southern Management Area,4,Southern
21-109,U/N Reef (21-109),151.074,-21.123,480.126,Habitat Protection,Southern Management Area,4,Southern
21-110,U/N Reef (21-110),151.178,-21.138,465.566,Habitat Protection,Southern Management Area,4,Southern
21-111,U/N Reef (21-111),151.353,-21.139,139.183,Habitat Protection,Southern Management Area,4,Southern
21-112,U/N Reef (21-112),151.304,-21.156,13.051,Habitat Protection,Southern Management Area,4,Southern
21-113a,U/N Reef (21-113a),151.355,-21.164,105.677,Habitat Protection,Southern Management Area,4,Southern
21-113b,U/N Reef (21-113b),151.372,-21.159,128.776,Habitat Protection,Southern Management Area,4,Southern
21-113c,U/N Reef (21-113c),151.364,-21.162,138.173,Habitat Protection,Southern Management Area,4,Southern
21-113d,U/N Reef (21-113d),151.36,-21.172,120.539,Habitat Protection,Southern Management Area,4,Southern
21-113e,U/N Reef (21-113e),151.371,-21.171,155.373,Habitat Protection,Southern Management Area,4,Southern
21-114a,U/N Reef (21-114a),151.43,-21.164,43.839,Habitat Protection,Southern Management Area,4,Southern
21-114b,U/N Reef (21-114b),151.43,-21.171,68.02,Habitat Protection,Southern Management Area,4,Southern
21-114c,U/N Reef (21-114c),151.435,-21.168,80.957,Habitat Protection,Southern Management Area,4,Southern
21-115,U/N Reef (21-115),151.037,-21.177,2201.449,Habitat Protection,Southern Management Area,4,Southern
21-116,U/N Reef (21-116),151.013,-21.215,274.724,Habitat Protection,Southern Management Area,4,Southern
21-117,U/N Reef (21-117),151.213,-21.194,1572.49,Habitat Protection,Southern Management Area,4,Southern
21-118,U/N Reef (21-118),151.275,-21.202,458.821,Habitat Protection,Southern Management Area,4,Southern
21-119,U/N Reef (21-119),151.195,-21.216,553.245,Habitat Protection,Southern Management Area,4,Southern
21-120,U/N Reef (21-120),151.417,-21.212,80.067,Habitat Protection,Southern Management Area,4,Southern
21-121,U/N Reef (21-121),151.399,-21.24,333.218,Habitat Protection,Southern Management Area,4,Southern
21-122,U/N Reef (21-122),151.298,-21.248,129.83,Habitat Protection,Southern Management Area,4,Southern
21-123,U/N Reef (21-123),151.182,-21.256,443.562,Habitat Protection,Southern Management Area,4,Southern
21-124,U/N Reef (21-124),151.128,-21.257,532.776,Habitat Protection,Southern Management Area,4,Southern
21-125,U/N Reef (21-125),151.375,-21.265,277.485,Habitat Protection,Southern Management Area,4,Southern
21-126,U/N Reef (21-126),151.204,-21.295,14.252,Habitat Protection,Southern Management Area,4,Southern
21-127a,U/N Reef (21-127a),151.114,-21.292,146.999,Habitat Protection,Southern Management Area,4,Southern
21-127b,U/N Reef (21-127b),151.12,-21.318,41.999,Habitat Protection,Southern Management Area,4,Southern
21-128,Storm Reef (21-128),151.167,-21.322,5316.055,Habitat Protection,Southern Management Area,4,Southern
21-142,U/N Reef (21-142),151.554,-21.004,641.218,Habitat Protection,Southern Management Area,4,Southern
21-143,U/N Reef (21-143),151.563,-21.042,154.214,Habitat Protection,Southern Management Area,4,Southern
21-144,U/N Reef (21-144),151.572,-21.05,580.04,Habitat Protection,Southern Management Area,4,Southern
21-145a,U/N Reef (21-145a),151.61,-21.065,2773.972,Habitat Protection,Southern Management Area,4,Southern
21-145b,U/N Reef (21-145b),151.599,-21.099,794.78,Habitat Protection,Southern Management Area,4,Southern
21-145c,U/N Reef (21-145c),151.597,-21.04,35.292,Habitat Protection,Southern Management Area,4,Southern
21-146,U/N Reef (21-146),151.642,-21.077,347.201,Habitat Protection,Southern Management Area,4,Southern
21-147,U/N Reef (21-147),151.664,-21.07,1218.837,Habitat Protection,Southern Management Area,4,Southern
21-148,Patricia Mather Reef (21-148),151.688,-21.082,1063.516,Habitat Protection,Southern Management Area,4,Southern
21-149,U/N Reef (21-149),151.716,-21.096,1185.351,Habitat Protection,Southern Management Area,4,Southern
21-150,U/N Reef (21-150),151.735,-21.107,247.54,Habitat Protection,Southern Management Area,4,Southern
21-151,U/N Reef (21-151),151.753,-21.114,616.547,Habitat Protection,Southern Management Area,4,Southern
21-152,U/N Reef (21-152),151.771,-21.12,256.072,Habitat Protection,Southern Management Area,4,Southern
21-153,U/N Reef (21-153),151.581,-21.123,666.085,Habitat Protection,Southern Management Area,4,Southern
21-154,U/N Reef (21-154),151.556,-21.151,1165.916,Habitat Protection,Southern Management Area,4,Southern
21-160,U/N Reef (21-160),151.554,-21.182,1232.244,Habitat Protection,Southern Management Area,4,Southern
21-162,U/N Reef (21-162),151.542,-21.205,675.805,Habitat Protection,Southern Management Area,4,Southern
21-163,U/N Reef (21-163),151.574,-21.208,23.279,Habitat Protection,Southern Management Area,4,Southern
21-164,U/N Reef (21-164),151.529,-21.218,161.005,Habitat Protection,Southern Management Area,4,Southern
21-166,Twin Cays Reef (North) (21-166),151.984,-21.215,133.006,Habitat Protection,Southern Management Area,4,Southern
21-167,U/N Reef (21-167),151.542,-21.233,1109.185,Habitat Protection,Southern Management Area,4,Southern
21-168,Twin Cays Reef (South) (21-168),151.982,-21.227,155.941,Habitat Protection,Southern Management Area,4,Southern
21-171,U/N Reef (21-171),151.555,-21.253,573.383,Habitat Protection,Southern Management Area,4,Southern
21-173,Mullers Reef (21-173),151.554,-21.299,4925.792,Habitat Protection,Southern Management Area,4,Southern
21-175,U/N Reef (21-175),151.638,-21.322,532.399,Habitat Protection,Southern Management Area,4,Southern
21-176,U/N Reef (21-176),151.6,-21.334,57.983,Habitat Protection,Southern Management Area,4,Southern
21-178,U/N Reef (21-178),151.623,-21.337,263.127,Habitat Protection,Southern Management Area,4,Southern
21-180,U/N Reef (21-180),151.826,-21.346,764.975,Habitat Protection,Southern Management Area,4,Southern
21-182,U/N Reef (21-182),151.673,-21.377,633.489,Habitat Protection,Southern Management Area,4,Southern
21-183,U/N Reef (21-183),151.711,-21.374,163.375,Habitat Protection,Southern Management Area,4,Southern
21-184,U/N Reef (21-184),151.695,-21.381,127.446,Habitat Protection,Southern Management Area,4,Southern
21-185,U/N Reef (21-185),151.902,-21.399,127.719,Habitat Protection,Southern Management Area,4,Southern
21-189,U/N Reef (21-189),151.675,-21.452,580.227,Habitat Protection,Southern Management Area,4,Southern
21-190,U/N Reef (21-190),151.914,-21.444,774.809,Habitat Protection,Southern Management Area,4,Southern
21-191,U/N Reef (21-191),151.853,-21.46,92.23,Habitat Protection,Southern Management Area,4,Southern
21-196,U/N Reef (21-196),152.076,-21.033,123.306,Habitat Protection,Southern Management Area,4,Southern
21-197,U/N Reef (21-197),152.095,-21.042,349.343,Habitat Protection,Southern Management Area,4,Southern
21-214,Zodiac Reef (21-214),152.049,-21.121,3079.408,Habitat Protection,Southern Management Area,4,Southern
21-224,U/N Reef (21-224),152.478,-21.166,218.216,Habitat Protection,Southern Management Area,4,Southern
21-225,U/N Reef (21-225),152.096,-21.198,131.533,Habitat Protection,Southern Management Area,4,Southern
21-232,U/N Reef (21-232),152.498,-21.204,51.957,Habitat Protection,Southern Management Area,4,Southern
21-233,U/N Reef (21-233),152.493,-21.215,8.427,Habitat Protection,Southern Management Area,4,Southern
21-235,Lavers Reef (21-235),152.012,-21.22,574.386,Habitat Protection,Southern Management Area,4,Southern
21-237,U/N Reef (21-237),152.472,-21.24,56.214,Habitat Protection,Southern Management Area,4,Southern
21-239,U/N Reef (21-239),152.269,-21.264,1120.778,Habitat Protection,Southern Management Area,4,Southern
21-240,U/N Reef (21-240),152.312,-21.28,18.929,Habitat Protection,Southern Management Area,4,Southern
21-241,Centenery Reef (21-241),152.331,-21.283,345.341,Habitat Protection,Southern Management Area,4,Southern
21-242a,U/N Reef (21-242a),152.231,-21.303,224.037,Habitat Protection,Southern Management Area,4,Southern
21-242b,U/N Reef (21-242b),152.221,-21.301,21.274,Habitat Protection,Southern Management Area,4,Southern
21-242c,U/N Reef (21-242c),152.231,-21.297,0.656,Habitat Protection,Southern Management Area,4,Southern
21-243,U/N Reef (21-243),152.052,-21.296,299.814,Habitat Protection,Southern Management Area,4,Southern
21-244,U/N Reef (21-244),152.064,-21.313,102.559,Habitat Protection,Southern Management Area,4,Southern
21-245,U/N Reef (21-245),152.437,-21.305,473.392,Habitat Protection,Southern Management Area,4,Southern
21-246,U/N Reef (21-246),152.482,-21.318,47.108,Habitat Protection,Southern Management Area,4,Southern
21-247,U/N Reef (21-247),152.163,-21.332,1573.891,Habitat Protection,Southern Management Area,4,Southern
21-248,U/N Reef (21-248),152.222,-21.342,214.074,Habitat Protection,Southern Management Area,4,Southern
21-249,U/N Reef (21-249),152.324,-21.342,617.032,Habitat Protection,Southern Management Area,4,Southern
21-250a,U/N Reef (21-250a),152.402,-21.328,344.675,Habitat Protection,Southern Management Area,4,Southern
21-250b,U/N Reef (21-250b),152.399,-21.325,12.308,Habitat Protection,Southern Management Area,4,Southern
21-251,U/N Reef (21-251),152.366,-21.33,178.592,Habitat Protection,Southern Management Area,4,Southern
21-252,U/N Reef (21-252),152.25,-21.35,142.958,Habitat Protection,Southern Management Area,4,Southern
21-253,U/N Reef (21-253),152.29,-21.358,899.609,Habitat Protection,Southern Management Area,4,Southern
21-254,U/N Reef (21-254),152.347,-21.351,186.73,Habitat Protection,Southern Management Area,4,Southern
21-255,U/N Reef (21-255),152.425,-21.356,67.31,Habitat Protection,Southern Management Area,4,Southern
21-257,U/N Reef (21-257),152.142,-21.36,100.804,Habitat Protection,Southern Management Area,4,Southern
21-258,Mystery Reef (21-258),152.017,-21.377,1181.422,Habitat Protection,Southern Management Area,4,Southern
21-259,U/N Reef (21-259),152.211,-21.392,120.917,Habitat Protection,Southern Management Area,4,Southern
21-260,U/N Reef (21-260),152.25,-21.397,2432.727,Habitat Protection,Southern Management Area,4,Southern
21-261,U/N Reef (21-261),152.363,-21.414,419.494,Habitat Protection,Southern Management Area,4,Southern
21-262a,U/N Reef (21-262a),152.444,-21.413,298.27,Habitat Protection,Southern Management Area,4,Southern
21-262b,U/N Reef (21-262b),152.432,-21.42,2.446,Habitat Protection,Southern Management Area,4,Southern
21-263,U/N Reef (21-263),152.491,-21.412,495.69,Habitat Protection,Southern Management Area,4,Southern
21-264,U/N Reef (21-264),152.399,-21.424,863.591,Habitat Protection,Southern Management Area,4,Southern
21-265,U/N Reef (21-265),152.334,-21.43,591.677,Habitat Protection,Southern Management Area,4,Southern
21-266,U/N Reef (21-266),152.128,-21.437,941.854,Habitat Protection,Southern Management Area,4,Southern
21-267,U/N Reef (21-267),152.404,-21.452,211.345,Habitat Protection,Southern Management Area,4,Southern
21-268,U/N Reef (21-268),152.456,-21.444,59.973,Habitat Protection,Southern Management Area,4,Southern
21-269,U/N Reef (21-269),152.44,-21.466,271.329,Habitat Protection,Southern Management Area,4,Southern
21-270,U/N Reef (21-270),152.384,-21.472,1265.954,Habitat Protection,Southern Management Area,4,Southern
21-271,U/N Reef (21-271),152.132,-21.493,199.225,Habitat Protection,Southern Management Area,4,Southern
21-272,U/N Reef (21-272),152.207,-21.5,234.137,Habitat Protection,Southern Management Area,4,Southern
21-282,U/N Reef (21-282),152.657,-21.102,275.681,Habitat Protection,Southern Management Area,4,Southern
21-286,U/N Reef (21-286),152.512,-21.176,533.132,Habitat Protection,Southern Management Area,4,Southern
21-287,U/N Reef (21-287),152.585,-21.172,67.393,Habitat Protection,Southern Management Area,4,Southern
21-288,U/N Reef (21-288),152.606,-21.163,14.825,Habitat Protection,Southern Management Area,4,Southern
21-289a,U/N Reef (21-289a),152.595,-21.186,1346.303,Habitat Protection,Southern Management Area,4,Southern
21-289b,U/N Reef (21-289b),152.547,-21.184,41.499,Habitat Protection,Southern Management Area,4,Southern
21-290,U/N Reef (21-290),152.523,-21.201,483.659,Habitat Protection,Southern Management Area,4,Southern
21-291,U/N Reef (21-291),152.546,-21.205,12.341,Habitat Protection,Southern Management Area,4,Southern
21-292,U/N Reef (21-292),152.543,-21.228,59.209,Habitat Protection,Southern Management Area,4,Southern
21-293,U/N Reef (21-293),152.562,-21.222,113.726,Habitat Protection,Southern Management Area,4,Southern
21-301,U/N Reef (21-301),152.529,-21.429,38.309,Habitat Protection,Southern Management Area,4,Southern
21-302,U/N Reef (21-302),152.581,-21.432,457.294,Habitat Protection,Southern Management Area,4,Southern
21-303,U/N Reef (21-303),152.52,-21.461,246.302,Habitat Protection,Southern Management Area,4,Southern
21-304,U/N Reef (21-304),152.51,-21.474,331.154,Habitat Protection,Southern Management Area,4,Southern
21-305,East Cay Reef (21-305),152.565,-21.483,892.79,Habitat Protection,Southern Management Area,4,Southern
21-306,U/N Reef (21-306),152.51,-21.495,63.134,Habitat Protection,Southern Management Area,4,Southern
21-307,U/N Reef (21-307),149.479,-21.537,535.376,Habitat Protection,Southern Management Area,4,Southern
21-308,Temple Island Reef (21-308),149.49,-21.602,150.14,Habitat Protection,Southern Management Area,4,Southern
21-309,U/N Reef (21-309),149.472,-21.604,54.642,Habitat Protection,Southern Management Area,4,Southern
21-310,U/N Reef (21-310),149.444,-21.646,212.422,Habitat Protection,Southern Management Area,4,Southern
21-312,U/N Reef (21-312),149.456,-21.675,104.025,Habitat Protection,Southern Management Area,4,Southern
21-313,U/N Reef (21-313),149.472,-21.712,62.384,Habitat Protection,Southern Management Area,4,Southern
21-314,U/N Reef (21-314),149.468,-21.74,137.567,Habitat Protection,Southern Management Area,4,Southern
21-315,U/N Reef (21-315),149.464,-21.824,33.506,Habitat Protection,Southern Management Area,4,Southern
21-316,West Hill Reef (21-316),149.484,-21.836,198.892,Habitat Protection,Southern Management Area,4,Southern
21-324a,Harry Shoal (North) (21-324a),149.825,-21.573,13.387,Habitat Protection,Southern Management Area,4,Southern
21-324b,Harry Shoal (South) (21-324b),149.818,-21.582,75.656,Habitat Protection,Southern Management Area,4,Southern
21-325,Hirst Reef (21-325),149.813,-21.575,15.677,Habitat Protection,Southern Management Area,4,Southern
21-326,Kilgour Shoal (21-326),149.875,-21.591,189.032,Habitat Protection,Southern Management Area,4,Southern
21-327,Wallace Reef (21-327),149.772,-21.601,13.903,Habitat Protection,Southern Management Area,4,Southern
21-328,Tinonee Bank (21-328),149.806,-21.579,236.527,Habitat Protection,Southern Management Area,4,Southern
21-329,Planter Shoal (21-329),149.838,-21.588,63.92,Habitat Protection,Southern Management Area,4,Southern
21-331,Bluff Island Reef (21-331),149.867,-21.605,32.233,Habitat Protection,Southern Management Area,4,Southern
21-333,Treble Reef (21-333),149.827,-21.604,24.588,Habitat Protection,Southern Management Area,4,Southern
21-334,Curlew Reef (21-334),149.783,-21.606,56.49,Habitat Protection,Southern Management Area,4,Southern
21-336,U/N Reef (21-336),149.818,-21.621,0.968,Habitat Protection,Southern Management Area,4,Southern
21-337,Pearl Shoal (21-337),149.757,-21.611,428.532,Habitat Protection,Southern Management Area,4,Southern
21-338,Slattery Shoal (21-338),149.786,-21.624,401.592,Habitat Protection,Southern Management Area,4,Southern
21-339,Dinner Reef (21-339),149.81,-21.628,10.658,Habitat Protection,Southern Management Area,4,Southern
21-340,Temple Shoal (21-340),149.505,-21.602,88.586,Habitat Protection,Southern Management Area,4,Southern
21-341,Edwards Shoal (21-341),149.664,-21.652,238.45,Habitat Protection,Southern Management Area,4,Southern
21-342,Blackbird Shoal (21-342),149.826,-21.656,94.673,Habitat Protection,Southern Management Area,4,Southern
21-345,Ridge Reef (21-345),149.638,-21.675,15.461,Habitat Protection,Southern Management Area,4,Southern
21-346,Paxton Shoal (21-346),149.673,-21.698,82.845,Habitat Protection,Southern Management Area,4,Southern
21-347,Torch Shoal (21-347),149.541,-21.688,282.287,Habitat Protection,Southern Management Area,4,Southern
21-348,Connor Islet Reef (21-348),149.669,-21.719,59.005,Habitat Protection,Southern Management Area,4,Southern
21-350,Shag Reef (21-350),149.591,-21.743,10.056,Habitat Protection,Southern Management Area,4,Southern
21-351,Stony Shoal (21-351),149.564,-21.754,407.648,Habitat Protection,Southern Management Area,4,Southern
21-352,Williams Shoal (21-352),149.634,-21.737,168.818,Habitat Protection,Southern Management Area,4,Southern
21-355,Lower Reef (21-355),149.703,-21.798,2.384,Habitat Protection,Southern Management Area,4,Southern
21-358a,Sandy Shoal (North) (21-358a),149.56,-21.829,90.81,Habitat Protection,Southern Management Area,4,Southern
21-358b,Sandy Shoal (South) (21-358b),149.544,-21.847,102.239,Habitat Protection,Southern Management Area,4,Southern
21-361,North Patch (21-361),149.637,-21.842,131.536,Habitat Protection,Southern Management Area,4,Southern
21-362,Alexandra Reefs (21-362),149.621,-21.854,48.41,Habitat Protection,Southern Management Area,4,Southern
21-363,South Patch (21-363),149.613,-21.864,18.054,Habitat Protection,Southern Management Area,4,Southern
21-365a,Drumfish Shoal (East) (21-365a),149.643,-21.911,30.447,Habitat Protection,Southern Management Area,4,Southern
21-365b,Drumfish Shoal (West) (21-365b),149.631,-21.915,30.555,Habitat Protection,Southern Management Area,4,Southern
21-366,Fanning Shoal (21-366),149.511,-21.928,198.425,Habitat Protection,Southern Management Area,4,Southern
21-367,Red Clay Reef (21-367),149.649,-21.932,244.037,Habitat Protection,Southern Management Area,4,Southern
21-368,Boomerang Shoals (21-368),149.961,-21.919,689.685,Habitat Protection,Southern Management Area,4,Southern
21-370,Beware Reef (21-370),149.661,-21.95,134.337,Habitat Protection,Southern Management Area,4,Southern
21-372,Bald Reef (21-372),149.578,-21.957,7.307,Habitat Protection,Southern Management Area,4,Southern
21-374,West Reef (21-374),149.68,-21.959,49.722,Habitat Protection,Southern Management Area,4,Southern
21-378,Aquila Reef (21-378),149.574,-21.982,301.288,Habitat Protection,Southern Management Area,4,Southern
21-379,Avoid Reef (21-379),149.664,-21.978,456.768,Habitat Protection,Southern Management Area,4,Southern
21-389,Middle Island Reef (21-389),150.247,-21.618,35.011,Habitat Protection,Southern Management Area,4,Southern
21-391,Pine Islets Reef (21-391),150.22,-21.653,22.034,Habitat Protection,Southern Management Area,4,Southern
21-391d,Pine Islets (No 4) (21-391d),150.224,-21.658,0.831,Habitat Protection,Southern Management Area,4,Southern
21-392,Walter Reef (21-392),150.34,-21.651,21.645,Habitat Protection,Southern Management Area,4,Southern
21-394,North East Reef (21-394),150.33,-21.664,113.752,Habitat Protection,Southern Management Area,4,Southern
21-396,Whites Bay Reef (21-396),150.295,-21.673,2.056,Habitat Protection,Southern Management Area,4,Southern
21-398,West Spur Reef (21-398),150.275,-21.684,47.447,Habitat Protection,Southern Management Area,4,Southern
21-399,East Spur Reef (21-399),150.287,-21.684,59.796,Habitat Protection,Southern Management Area,4,Southern
21-401,Howard Islet Reef (21-401),150.316,-21.733,30.1,Habitat Protection,Southern Management Area,4,Southern
21-402,Hixson Islet Reef (21-402),150.289,-21.748,9.427,Habitat Protection,Southern Management Area,4,Southern
21-403a,South Island Reef (No 1) (21-403a),150.316,-21.739,20.517,Habitat Protection,Southern Management Area,4,Southern
21-403b,South Island Reef (No 2) (21-403b),150.344,-21.736,24.619,Habitat Protection,Southern Management Area,4,Southern
21-406,South East Islets Reef (21-406),150.43,-21.758,100.459,Habitat Protection,Southern Management Area,4,Southern
21-415,Jeffreys Rocks Reef (21-415),150.228,-21.914,52.487,Habitat Protection,Southern Management Area,4,Southern
21-418a,Hunter Island Reef (No 1) (21-418a),150.132,-21.95,252.609,Habitat Protection,Southern Management Area,4,Southern
21-418b,Hunter Island Reef (No 2) (21-418b),150.146,-21.983,52.331,Habitat Protection,Southern Management Area,4,Southern
21-421,Morkar Reef (21-421),150.156,-21.969,11.883,Habitat Protection,Southern Management Area,4,Southern
21-423a,Marble Reef (21-423a),150.164,-21.991,95.873,Habitat Protection,Southern Management Area,4,Southern
21-423b,Marble Reef (21-423b),150.192,-21.98,76.478,Habitat Protection,Southern Management Area,4,Southern
21-424,Allandale Reef (21-424),150.382,-21.971,11.964,Habitat Protection,Southern Management Area,4,Southern
21-425a,Tynemouth Island Reef (No 1) (21-425a),150.125,-22.001,11.802,Habitat Protection,Southern Management Area,4,Southern
21-425b,Tynemouth Island Reef (No 2) (21-425b),150.133,-21.988,31.596,Habitat Protection,Southern Management Area,4,Southern
21-430,Morpeth Reef (21-430),150.587,-21.983,15.411,Habitat Protection,Southern Management Area,4,Southern
21-431,Berwick Reef (21-431),150.669,-21.991,18.125,Habitat Protection,Southern Management Area,4,Southern
21-436,U/N Reef (21-436),151.601,-21.497,192.269,Habitat Protection,Southern Management Area,4,Southern
21-437,U/N Reef (21-437),151.973,-21.504,555.938,Habitat Protection,Southern Management Area,4,Southern
21-439,U/N Reef (21-439),151.653,-21.518,145.773,Habitat Protection,Southern Management Area,4,Southern
21-442,U/N Reef (21-442),151.915,-21.523,733.174,Habitat Protection,Southern Management Area,4,Southern
21-443,U/N Reef (21-443),151.707,-21.568,146.92,Habitat Protection,Southern Management Area,4,Southern
21-445,U/N Reef (21-445),151.774,-21.584,265.7,Habitat Protection,Southern Management Area,4,Southern
21-446,U/N Reef (21-446),151.938,-21.576,370.382,Habitat Protection,Southern Management Area,4,Southern
21-447,U/N Reef (21-447),151.922,-21.603,120.614,Habitat Protection,Southern Management Area,4,Southern
21-455,U/N Reef (21-455),151.914,-21.649,490.662,Habitat Protection,Southern Management Area,4,Southern
21-456,U/N Reef (21-456),151.978,-21.649,285.442,Habitat Protection,Southern Management Area,4,Southern
21-457,U/N Reef (21-457),151.567,-21.673,217.705,Habitat Protection,Southern Management Area,4,Southern
21-458,U/N Reef (21-458),151.623,-21.672,177.436,Habitat Protection,Southern Management Area,4,Southern
21-462,U/N Reef (21-462),151.985,-21.714,531.117,Habitat Protection,Southern Management Area,4,Southern
21-463,U/N Reef (21-463),151.944,-21.735,609.263,Habitat Protection,Southern Management Area,4,Southern
21-468,U/N Reef (21-468),152.419,-21.504,582.504,Habitat Protection,Southern Management Area,4,Southern
21-469,U/N Reef (21-469),152.389,-21.515,18.235,Habitat Protection,Southern Management Area,4,Southern
21-470,U/N Reef (21-470),152.495,-21.512,207.338,Habitat Protection,Southern Management Area,4,Southern
21-471,U/N Reef (21-471),152.05,-21.499,341.482,Habitat Protection,Southern Management Area,4,Southern
21-472,U/N Reef (21-472),152.455,-21.521,6.97,Habitat Protection,Southern Management Area,4,Southern
21-473,U/N Reef (21-473),152.441,-21.527,97.83,Habitat Protection,Southern Management Area,4,Southern
21-474,U/N Reef (21-474),152.475,-21.535,353.662,Habitat Protection,Southern Management Area,4,Southern
21-475,U/N Reef (21-475),152.28,-21.521,1279.309,Habitat Protection,Southern Management Area,4,Southern
21-476,U/N Reef (21-476),152.197,-21.551,519.363,Habitat Protection,Southern Management Area,4,Southern
21-477,U/N Reef (21-477),152.398,-21.547,495.479,Habitat Protection,Southern Management Area,4,Southern
21-478,U/N Reef (21-478),152.273,-21.563,665.277,Habitat Protection,Southern Management Area,4,Southern
21-479,U/N Reef (21-479),152.457,-21.561,431.527,Habitat Protection,Southern Management Area,4,Southern
21-480,U/N Reef (21-480),152.302,-21.572,246.801,Habitat Protection,Southern Management Area,4,Southern
21-482,U/N Reef (21-482),152.255,-21.572,412.444,Habitat Protection,Southern Management Area,4,Southern
21-483,U/N Reef (21-483),152.442,-21.572,32.707,Habitat Protection,Southern Management Area,4,Southern
21-484,U/N Reef (21-484),152.368,-21.58,336.085,Habitat Protection,Southern Management Area,4,Southern
21-485,U/N Reef (21-485),152.407,-21.579,341.084,Habitat Protection,Southern Management Area,4,Southern
21-486,U/N Reef (21-486),152.405,-21.594,259.762,Habitat Protection,Southern Management Area,4,Southern
21-487,U/N Reef (21-487),152.326,-21.59,1095.325,Habitat Protection,Southern Management Area,4,Southern
21-488,U/N Reef (21-488),152.075,-21.592,336.334,Habitat Protection,Southern Management Area,4,Southern
21-489,U/N Reef (21-489),152.193,-21.604,191.742,Habitat Protection,Southern Management Area,4,Southern
21-491,U/N Reef (21-491),152.474,-21.611,553.204,Habitat Protection,Southern Management Area,4,Southern
21-492,U/N Reef (21-492),152.213,-21.611,35.76,Habitat Protection,Southern Management Area,4,Southern
21-494,U/N Reef (21-494),152.308,-21.635,994.797,Habitat Protection,Southern Management Area,4,Southern
21-497,Thomas Reef (21-497),152.342,-21.664,2656.374,Habitat Protection,Southern Management Area,4,Southern
21-498,U/N Reef (21-498),152.263,-21.628,311.916,Habitat Protection,Southern Management Area,4,Southern
21-506,U/N Reef (21-506),152.29,-21.715,687.102,Habitat Protection,Southern Management Area,4,Southern
21-508,U/N Reef (21-508),152.369,-21.721,5.631,Habitat Protection,Southern Management Area,4,Southern
21-516,U/N Reef (21-516),152.15,-21.8,369.525,Habitat Protection,Southern Management Area,4,Southern
21-527,U/N Reef (21-527),152.467,-21.842,38.672,Habitat Protection,Southern Management Area,4,Southern
21-530,U/N Reef (21-530),152.44,-21.856,226.385,Habitat Protection,Southern Management Area,4,Southern
21-531,U/N Reef (21-531),152.409,-21.863,328.919,Habitat Protection,Southern Management Area,4,Southern
21-537,U/N Reef (21-537),152.395,-21.881,146.676,Habitat Protection,Southern Management Area,4,Southern
21-540,U/N Reef (21-540),152.478,-21.906,209.331,Habitat Protection,Southern Management Area,4,Southern
21-541,U/N Reef (21-541),152.45,-21.909,7.007,Habitat Protection,Southern Management Area,4,Southern
21-543,Long Reef (21-543),152.393,-21.923,241.802,Habitat Protection,Southern Management Area,4,Southern
21-545,Moon Reef (21-545),152.434,-21.926,128.402,Habitat Protection,Southern Management Area,4,Southern
21-546,U/N Reef (21-546),152.493,-21.931,124.436,Habitat Protection,Southern Management Area,4,Southern
21-562,Turner Reef (21-562),152.559,-21.72,967.621,Habitat Protection,Southern Management Area,4,Southern
21-566,Blu-Lion Reef (21-566),152.628,-21.821,732.622,Habitat Protection,Southern Management Area,4,Southern
21-567,U/N Reef (21-567),152.545,-21.826,26.041,Habitat Protection,Southern Management Area,4,Southern
21-568,U/N Reef (21-568),152.522,-21.829,26.864,Habitat Protection,Southern Management Area,4,Southern
21-569,U/N Reef (21-569),152.536,-21.848,286.628,Habitat Protection,Southern Management Area,4,Southern
21-570,Triangle Reef (21-570),152.636,-21.846,300.785,Habitat Protection,Southern Management Area,4,Southern
21-571,U/N Reef (21-571),152.593,-21.851,44.175,Habitat Protection,Southern Management Area,4,Southern
21-572,Small Lagoon Reef (21-572),152.509,-21.875,582.235,Habitat Protection,Southern Management Area,4,Southern
21-573,U/N Reef (21-573),152.614,-21.868,27.47,Habitat Protection,Southern Management Area,4,Southern
21-574,U/N Reef (21-574),152.581,-21.872,158.77,Habitat Protection,Southern Management Area,4,Southern
21-575,Heart Reef (21-575),152.657,-21.894,197.199,Habitat Protection,Southern Management Area,4,Southern
21-576,U/N Reef (21-576),152.59,-21.899,420.595,Habitat Protection,Southern Management Area,4,Southern
21-577,Central Reef (21-577),152.522,-21.922,374.498,Habitat Protection,Southern Management Area,4,Southern
21-578,U/N Reef (21-578),152.606,-21.918,105.24,Habitat Protection,Southern Management Area,4,Southern
21-582,Beacon Reef (21-582),152.688,-21.936,216.828,Habitat Protection,Southern Management Area,4,Southern
21-586,Follett Reef (21-586),152.701,-21.967,328.385,Habitat Protection,Southern Management Area,4,Southern
21-591,U/N Reef (21-591),150.372,-21.023,572.811,Habitat Protection,Southern Management Area,4,Southern
21-593,Owens Shoal (21-593),150.214,-21.614,314.89,Habitat Protection,Southern Management Area,4,Southern
21-594,U/N Reef (21-594),151.492,-21.046,348.606,Habitat Protection,Southern Management Area,4,Southern
21-595,U/N Reef (21-595),151.507,-21.036,333.882,Habitat Protection,Southern Management Area,4,Southern
21-596,U/N Reef (21-596),151.518,-21.036,23.173,Habitat Protection,Southern Management Area,4,Southern
21-597,U/N Reef (21-597),151.519,-21.04,1.363,Habitat Protection,Southern Management Area,4,Southern
21-598,U/N Reef (21-598),151.538,-21.046,26.281,Habitat Protection,Southern Management Area,4,Southern
21-600,U/N Reef (21-600),151.562,-21.35,20.236,Habitat Protection,Southern Management Area,4,Southern
21-601,U/N Reef (21-601),151.576,-21.231,13.053,Habitat Protection,Southern Management Area,4,Southern
21-602,U/N Reef (21-602),151.584,-21.323,35.048,Habitat Protection,Southern Management Area,4,Southern
21-603,U/N Reef (21-603),151.606,-21.26,26.306,Habitat Protection,Southern Management Area,4,Southern
21-604,U/N Reef (21-604),151.616,-21.228,14.664,Habitat Protection,Southern Management Area,4,Southern
21-605,U/N Reef (21-605),151.639,-21.098,60.729,Habitat Protection,Southern Management Area,4,Southern
21-606,U/N Reef (21-606),151.658,-21.019,27.562,Habitat Protection,Southern Management Area,4,Southern
21-607,U/N Reef (21-607),151.684,-21,42.071,Habitat Protection,Southern Management Area,4,Southern
21-608,U/N Reef (21-608),151.688,-21.361,16.125,Habitat Protection,Southern Management Area,4,Southern
21-610,U/N Reef (21-610),151.714,-21.122,15.561,Habitat Protection,Southern Management Area,4,Southern
21-612,U/N Reef (21-612),151.759,-21.048,29.971,Habitat Protection,Southern Management Area,4,Southern
21-613,U/N Reef (21-613),151.762,-21.101,25.842,Habitat Protection,Southern Management Area,4,Southern
21-614,U/N Reef (21-614),151.779,-21.106,14.338,Habitat Protection,Southern Management Area,4,Southern
21-615,U/N Reef (21-615),151.785,-21.126,6.076,Habitat Protection,Southern Management Area,4,Southern
21-616,U/N Reef (21-616),151.804,-21.068,193.242,Habitat Protection,Southern Management Area,4,Southern
21-618,U/N Reef (21-618),151.856,-21.386,12.324,Habitat Protection,Southern Management Area,4,Southern
21-619,U/N Reef (21-619),151.886,-21.053,93.095,Habitat Protection,Southern Management Area,4,Southern
21-620,U/N Reef (21-620),151.913,-21.193,679.128,Habitat Protection,Southern Management Area,4,Southern
21-621,U/N Reef (21-621),151.923,-21.346,776.643,Habitat Protection,Southern Management Area,4,Southern
21-622,U/N Reef (21-622),151.935,-21.249,43.909,Habitat Protection,Southern Management Area,4,Southern
21-623,U/N Reef (21-623),151.964,-21.345,206.734,Habitat Protection,Southern Management Area,4,Southern
21-624,U/N Reef (21-624),151.974,-21.163,3741.739,Habitat Protection,Southern Management Area,4,Southern
21-625,U/N Reef (21-625),151.981,-21.024,66.203,Habitat Protection,Southern Management Area,4,Southern
21-626,U/N Reef (21-626),151.989,-21.354,404.657,Habitat Protection,Southern Management Area,4,Southern
21-627,U/N Reef (21-627),151.993,-21.21,23.653,Habitat Protection,Southern Management Area,4,Southern
21-628,U/N Reef (21-628),151.998,-21.203,5.236,Habitat Protection,Southern Management Area,4,Southern
21-630,U/N Reef (21-630),152.178,-21.377,48.002,Habitat Protection,Southern Management Area,4,Southern
21-631,U/N Reef (21-631),152.181,-21.401,21.59,Habitat Protection,Southern Management Area,4,Southern
21-632,U/N Reef (21-632),152.25,-21.331,45.618,Habitat Protection,Southern Management Area,4,Southern
21-633,U/N Reef (21-633),152.254,-21.371,6.052,Habitat Protection,Southern Management Area,4,Southern
21-635,U/N Reef (21-635),152.278,-21.285,11.028,Habitat Protection,Southern Management Area,4,Southern
21-636,U/N Reef (21-636),152.305,-21.263,5.786,Habitat Protection,Southern Management Area,4,Southern
21-637,U/N Reef (21-637),152.352,-21.325,10.606,Habitat Protection,Southern Management Area,4,Southern
21-638,U/N Reef (21-638),152.406,-21.374,9.684,Habitat Protection,Southern Management Area,4,Southern
21-642,U/N Reef (21-642),152.467,-21.4,21.118,Habitat Protection,Southern Management Area,4,Southern
21-645,U/N Reef (21-645),152.499,-21.217,0.834,Habitat Protection,Southern Management Area,4,Southern
21-659,U/N Reef (21-659),152.575,-21.159,8.209,Habitat Protection,Southern Management Area,4,Southern
21-660,U/N Reef (21-660),152.582,-21.154,7.151,Habitat Protection,Southern Management Area,4,Southern
21-661,U/N Reef (21-661),152.591,-21.365,210.663,Habitat Protection,Southern Management Area,4,Southern
21-663,U/N Reef (21-663),152.671,-21.238,45.341,Habitat Protection,Southern Management Area,4,Southern
21-664,U/N Reef (21-664),152.68,-21.15,89.023,Habitat Protection,Southern Management Area,4,Southern
21-665,U/N Reef (21-665),151.62,-21.497,6.967,Habitat Protection,Southern Management Area,4,Southern
21-666,U/N Reef (21-666),151.636,-21.511,17.242,Habitat Protection,Southern Management Area,4,Southern
21-667,U/N Reef (21-667),151.867,-21.431,166.521,Habitat Protection,Southern Management Area,4,Southern
21-670,U/N Reef (21-670),151.896,-21.608,20.996,Habitat Protection,Southern Management Area,4,Southern
21-672,U/N Reef (21-672),151.903,-21.591,53.849,Habitat Protection,Southern Management Area,4,Southern
21-673,U/N Reef (21-673),151.918,-21.475,251.217,Habitat Protection,Southern Management Area,4,Southern
21-675,U/N Reef (21-675),151.943,-21.749,1.589,Habitat Protection,Southern Management Area,4,Southern
21-677,U/N Reef (21-677),151.961,-21.591,162.084,Habitat Protection,Southern Management Area,4,Southern
21-689,U/N Reef (21-689),152.068,-21.696,9.298,Habitat Protection,Southern Management Area,4,Southern
21-692,U/N Reef (21-692),152.099,-21.434,25.901,Habitat Protection,Southern Management Area,4,Southern
21-704,U/N Reef (21-704),152.179,-21.497,6.788,Habitat Protection,Southern Management Area,4,Southern
21-705,U/N Reef (21-705),152.205,-21.459,241.928,Habitat Protection,Southern Management Area,4,Southern
21-707,U/N Reef (21-707),152.207,-21.417,9.087,Habitat Protection,Southern Management Area,4,Southern
21-710,U/N Reef (21-710),152.214,-21.411,11.914,Habitat Protection,Southern Management Area,4,Southern
21-712,U/N Reef (21-712),152.216,-21.423,9.727,Habitat Protection,Southern Management Area,4,Southern
21-713,U/N Reef (21-713),152.218,-21.444,268.939,Habitat Protection,Southern Management Area,4,Southern
21-721,U/N Reef (21-721),152.25,-21.736,434.971,Habitat Protection,Southern Management Area,4,Southern
21-722,U/N Reef (21-722),152.252,-21.682,29.585,Habitat Protection,Southern Management Area,4,Southern
21-723,U/N Reef (21-723),152.253,-21.514,6.013,Habitat Protection,Southern Management Area,4,Southern
21-725,U/N Reef (21-725),152.265,-21.735,1.834,Habitat Protection,Southern Management Area,4,Southern
21-726,U/N Reef (21-726),152.268,-21.67,360.34,Habitat Protection,Southern Management Area,4,Southern
21-727,U/N Reef (21-727),152.273,-21.696,42.994,Habitat Protection,Southern Management Area,4,Southern
21-728,U/N Reef (21-728),152.273,-21.607,102.526,Habitat Protection,Southern Management Area,4,Southern
21-730,U/N Reef (21-730),152.279,-21.657,89.071,Habitat Protection,Southern Management Area,4,Southern
21-731,U/N Reef (21-731),152.286,-21.921,9.811,Habitat Protection,Southern Management Area,4,Southern
21-732,U/N Reef (21-732),152.288,-21.665,5.872,Habitat Protection,Southern Management Area,4,Southern
21-734,U/N Reef (21-734),152.301,-21.451,14.868,Habitat Protection,Southern Management Area,4,Southern
21-735,U/N Reef (21-735),152.302,-21.933,27.426,Habitat Protection,Southern Management Area,4,Southern
21-737,U/N Reef (21-737),152.308,-21.494,15.03,Habitat Protection,Southern Management Area,4,Southern
21-738,U/N Reef (21-738),152.308,-21.447,43.524,Habitat Protection,Southern Management Area,4,Southern
21-739,U/N Reef (21-739),152.312,-21.475,21.275,Habitat Protection,Southern Management Area,4,Southern
21-740,U/N Reef (21-740),152.313,-21.654,18.917,Habitat Protection,Southern Management Area,4,Southern
21-741,U/N Reef (21-741),152.315,-21.421,45.625,Habitat Protection,Southern Management Area,4,Southern
21-742,U/N Reef (21-742),152.316,-21.555,9.297,Habitat Protection,Southern Management Area,4,Southern
21-743,U/N Reef (21-743),152.318,-21.691,12.825,Habitat Protection,Southern Management Area,4,Southern
21-744,U/N Reef (21-744),152.32,-21.89,10.787,Habitat Protection,Southern Management Area,4,Southern
21-745,U/N Reef (21-745),152.32,-21.429,6.029,Habitat Protection,Southern Management Area,4,Southern
21-746,U/N Reef (21-746),152.323,-21.988,57.746,Habitat Protection,Southern Management Area,4,Southern
21-747,U/N Reef (21-747),152.324,-21.688,6.999,Habitat Protection,Southern Management Area,4,Southern
21-748,U/N Reef (21-748),152.326,-21.555,57.981,Habitat Protection,Southern Management Area,4,Southern
21-749,U/N Reef (21-749),152.338,-21.95,64.722,Habitat Protection,Southern Management Area,4,Southern
21-750,U/N Reef (21-750),152.339,-21.56,7.474,Habitat Protection,Southern Management Area,4,Southern
21-751,U/N Reef (21-751),152.342,-21.55,13.51,Habitat Protection,Southern Management Area,4,Southern
21-752,U/N Reef (21-752),152.343,-21.92,20.026,Habitat Protection,Southern Management Area,4,Southern
21-753,U/N Reef (21-753),152.344,-21.462,868.583,Habitat Protection,Southern Management Area,4,Southern
21-754,U/N Reef (21-754),152.35,-21.554,70.279,Habitat Protection,Southern Management Area,4,Southern
21-755,U/N Reef (21-755),152.354,-21.48,26.971,Habitat Protection,Southern Management Area,4,Southern
21-756,U/N Reef (21-756),152.357,-21.504,6.82,Habitat Protection,Southern Management Area,4,Southern
21-758,U/N Reef (21-758),152.367,-21.434,51.335,Habitat Protection,Southern Management Area,4,Southern
21-759,U/N Reef (21-759),152.369,-21.405,0.689,Habitat Protection,Southern Management Area,4,Southern
21-762,U/N Reef (21-762),152.376,-21.938,48.285,Habitat Protection,Southern Management Area,4,Southern
21-763,U/N Reef (21-763),152.383,-21.71,6.572,Habitat Protection,Southern Management Area,4,Southern
21-764,U/N Reef (21-764),152.41,-21.647,97.514,Habitat Protection,Southern Management Area,4,Southern
21-768,U/N Reef (21-768),152.412,-21.975,7.066,Habitat Protection,Southern Management Area,4,Southern
21-769,U/N Reef (21-769),152.413,-21.669,22.98,Habitat Protection,Southern Management Area,4,Southern
21-770,U/N Reef (21-770),152.416,-21.971,9.506,Habitat Protection,Southern Management Area,4,Southern
21-771,U/N Reef (21-771),152.423,-21.469,8,Habitat Protection,Southern Management Area,4,Southern
21-772,U/N Reef (21-772),152.424,-21.456,9.686,Habitat Protection,Southern Management Area,4,Southern
21-773,U/N Reef (21-773),152.424,-21.982,16.839,Habitat Protection,Southern Management Area,4,Southern
21-774,U/N Reef (21-774),152.428,-21.975,6.115,Habitat Protection,Southern Management Area,4,Southern
21-775,U/N Reef (21-775),152.448,-21.51,5.839,Habitat Protection,Southern Management Area,4,Southern
21-776,U/N Reef (21-776),152.469,-21.426,56.881,Habitat Protection,Southern Management Area,4,Southern
21-778,U/N Reef (21-778),152.489,-21.595,8.349,Habitat Protection,Southern Management Area,4,Southern
21-782,U/N Reef (21-782),152.563,-21.517,169.853,Habitat Protection,Southern Management Area,4,Southern
21-783,U/N Reef (21-783),152.575,-21.451,11.261,Habitat Protection,Southern Management Area,4,Southern
21-784,U/N Reef (21-784),152.577,-21.457,16.598,Habitat Protection,Southern Management Area,4,Southern
21-785,U/N Reef (21-785),152.608,-21.426,26.766,Habitat Protection,Southern Management Area,4,Southern
21-786,U/N Reef (21-786),152.63,-21.704,10.809,Habitat Protection,Southern Management Area,4,Southern
21-787,U/N Reef (21-787),152.631,-21.7,6.591,Habitat Protection,Southern Management Area,4,Southern
21-788,U/N Reef (21-788),152.642,-21.804,10.657,Habitat Protection,Southern Management Area,4,Southern
21-789,U/N Reef (21-789),152.65,-21.583,61.961,Habitat Protection,Southern Management Area,4,Southern
21-791,U/N Reef (21-791),150.643,-21.127,46.316,Habitat Protection,Southern Management Area,4,Southern
21-792,U/N Reef (21-792),150.792,-21.05,12.438,Habitat Protection,Southern Management Area,4,Southern
21-793,U/N Reef (21-793),150.908,-21.29,5.797,Habitat Protection,Southern Management Area,4,Southern
21-794,U/N Reef (21-794),150.934,-21.108,50.725,Habitat Protection,Southern Management Area,4,Southern
21-795,U/N Reef (21-795),150.956,-21.231,57.736,Habitat Protection,Southern Management Area,4,Southern
21-796,U/N Reef (21-796),150.962,-21.255,64.132,Habitat Protection,Southern Management Area,4,Southern
21-797,U/N Reef (21-797),150.965,-21.176,22.42,Habitat Protection,Southern Management Area,4,Southern
21-798,U/N Reef (21-798),150.97,-21.243,31.53,Habitat Protection,Southern Management Area,4,Southern
21-799,U/N Reef (21-799),150.981,-21.208,16.187,Habitat Protection,Southern Management Area,4,Southern
21-800,U/N Reef (21-800),150.988,-21.272,609.021,Habitat Protection,Southern Management Area,4,Southern
21-801,U/N Reef (21-801),150.998,-21.244,12.314,Habitat Protection,Southern Management Area,4,Southern
21-804,U/N Reef (21-804),151.004,-21.236,12.642,Habitat Protection,Southern Management Area,4,Southern
21-806,U/N Reef (21-806),151.075,-21.007,39.056,Habitat Protection,Southern Management Area,4,Southern
21-807,U/N Reef (21-807),151.075,-21.206,105.163,Habitat Protection,Southern Management Area,4,Southern
21-808,U/N Reef (21-808),151.081,-21.15,22.229,Habitat Protection,Southern Management Area,4,Southern
21-809,U/N Reef (21-809),151.097,-21.119,73.019,Habitat Protection,Southern Management Area,4,Southern
21-811,U/N Reef (21-811),151.143,-21.34,2.306,Habitat Protection,Southern Management Area,4,Southern
21-812,U/N Reef (21-812),151.146,-21.256,200.581,Habitat Protection,Southern Management Area,4,Southern
21-813,U/N Reef (21-813),151.186,-21.299,270.827,Habitat Protection,Southern Management Area,4,Southern
21-815,U/N Reef (21-815),151.271,-21.104,30.441,Habitat Protection,Southern Management Area,4,Southern
21-816,U/N Reef (21-816),151.291,-21.094,21.277,Habitat Protection,Southern Management Area,4,Southern
21-817,U/N Reef (21-817),151.328,-21.007,8.978,Habitat Protection,Southern Management Area,4,Southern
21-818,U/N Reef (21-818),151.364,-21.005,8.674,Habitat Protection,Southern Management Area,4,Southern
21-819,U/N Reef (21-819),151.393,-21.057,9.886,Habitat Protection,Southern Management Area,4,Southern
21-820,U/N Reef (21-820),151.402,-21.045,11.8,Habitat Protection,Southern Management Area,4,Southern
21-822,U/N Reef (21-822),151.409,-21.031,2.842,Habitat Protection,Southern Management Area,4,Southern
21-824,U/N Reef (21-824),151.496,-21.058,123.007,Habitat Protection,Southern Management Area,4,Southern
21-825,U/N Reef (21-825),151.496,-21.026,10.878,Habitat Protection,Southern Management Area,4,Southern
22-008,Brooks Shoal (22-008),149.932,-22.026,23.264,Habitat Protection,Southern Management Area,4,Southern
22-009,Barren Island Reef (22-009),149.97,-22.032,64.807,Habitat Protection,Southern Management Area,4,Southern
22-010,Roundish Reef (22-010),149.614,-22.056,8.056,Habitat Protection,Southern Management Area,4,Southern
22-012,South Barren Reef (22-012),149.988,-22.053,62.059,Habitat Protection,Southern Management Area,4,Southern
22-013,Obstruction Shoals (22-013),149.932,-22.062,76.023,Habitat Protection,Southern Management Area,4,Southern
22-014,U/N Reef (22-014),149.567,-22.174,39.71,Habitat Protection,Southern Management Area,4,Southern
22-015,McEwen Reef (22-015),149.596,-22.143,105.296,Habitat Protection,Southern Management Area,4,Southern
22-016,Pilot Reef (22-016),149.606,-22.153,44.431,Habitat Protection,Southern Management Area,4,Southern
22-018,Tide Reef (22-018),149.94,-22.135,47.437,Habitat Protection,Southern Management Area,4,Southern
22-019,Long Island Reef (22-019),149.868,-22.213,2038.822,Habitat Protection,Southern Management Area,4,Southern
22-021a,Double Rocks Reef (North) (22-021a),150.008,-22.083,10.752,Habitat Protection,Southern Management Area,4,Southern
22-021b,Double Rocks Reef (South) (22-021b),150.004,-22.087,10.264,Habitat Protection,Southern Management Area,4,Southern
22-030,Shields Reef (22-030),150.377,-22.004,41.562,Habitat Protection,Southern Management Area,4,Southern
22-031,Alnwick Reef (22-031),150.385,-22.013,25.071,Habitat Protection,Southern Management Area,4,Southern
22-032,Hexham Reef (22-032),150.367,-22.018,56.501,Habitat Protection,Southern Management Area,4,Southern
22-033,Danger Reef (22-033),150.162,-22.01,12.128,Habitat Protection,Southern Management Area,4,Southern
22-034,Otterbourne Reef (22-034),150.288,-22.024,42.935,Habitat Protection,Southern Management Area,4,Southern
22-035,Two Round Rocks Reef (22-035),150.098,-22.031,60.281,Habitat Protection,Southern Management Area,4,Southern
22-036,Steep Reef (22-036),150.451,-22.036,26.442,Habitat Protection,Southern Management Area,4,Southern
22-037,Low Island Reef (22-037),150.098,-22.046,7.928,Habitat Protection,Southern Management Area,4,Southern
22-040,Donovan Shoal (22-040),150.275,-22.156,215.955,Habitat Protection,Southern Management Area,4,Southern
22-041,North Rock Reef (22-041),150.356,-22.18,15.652,Habitat Protection,Southern Management Area,4,Southern
22-042,Mumford Reef (22-042),150.361,-22.192,155.252,Habitat Protection,Southern Management Area,4,Southern
22-043,White Rocks Reef (22-043),150.251,-22.203,40.679,Habitat Protection,Southern Management Area,4,Southern
22-044,Ten Pin Reef (22-044),150.352,-22.205,130.732,Habitat Protection,Southern Management Area,4,Southern
22-045,Holt Island Reef (22-045),150.374,-22.207,66.819,Habitat Protection,Southern Management Area,4,Southern
22-046,U/N Reef (22-046),150.371,-22.217,49.047,Habitat Protection,Southern Management Area,4,Southern
22-047b,Ripple Island Reef (No 2) (22-047b),150.423,-22.218,80.674,Habitat Protection,Southern Management Area,4,Southern
22-047c,Ripple Island Reef (No 3) (22-047c),150.438,-22.214,10.528,Habitat Protection,Southern Management Area,4,Southern
22-048,Harrison Reef (22-048),150.412,-22.217,58.505,Habitat Protection,Southern Management Area,4,Southern
22-049,Lingham Reef (22-049),150.27,-22.229,166.022,Habitat Protection,Southern Management Area,4,Southern
22-050,Turn Shoal (22-050),150.233,-22.21,19.738,Habitat Protection,Southern Management Area,4,Southern
22-052,Collins Reef (22-052),150.308,-22.237,583.234,Habitat Protection,Southern Management Area,4,Southern
22-053b,Leicester Island Reef (No 2) (22-053b),150.419,-22.292,51.293,Habitat Protection,Southern Management Area,4,Southern
22-054,Cape Island Reef (22-054),150.474,-22.207,18.991,Habitat Protection,Southern Management Area,4,Southern
22-055,White Shoal (22-055),150.284,-22.195,48.557,Habitat Protection,Southern Management Area,4,Southern
22-057,Blind Reef (22-057),150.292,-22.282,34.091,Habitat Protection,Southern Management Area,4,Southern
22-069,Tweed Reef (22-069),150.645,-22.007,31.72,Habitat Protection,Southern Management Area,4,Southern
22-070,Rothbury Reef (22-070),150.65,-22.029,53.087,Habitat Protection,Southern Management Area,4,Southern
22-071,Cheviot Reef (22-071),150.672,-22.088,48.132,Habitat Protection,Southern Management Area,4,Southern
22-075,Clara Group Reef (22-075),150.716,-22.338,116.474,Habitat Protection,Southern Management Area,4,Southern
22-088b,U/N Reef (22-088b),152.14,-22.015,16.653,Habitat Protection,Southern Management Area,4,Southern
22-089,U/N Reef (22-089),152.073,-22.033,88.097,Habitat Protection,Southern Management Area,4,Southern
22-091,U/N Reef (22-091),152.331,-22.058,105.277,Habitat Protection,Southern Management Area,4,Southern
22-092,U/N Reef (22-092),152.477,-22.077,262.897,Habitat Protection,Southern Management Area,4,Southern
22-095,U/N Reef (22-095),152.36,-22.104,239.577,Habitat Protection,Southern Management Area,4,Southern
22-096,U/N Reef (22-096),152.287,-22.109,89.783,Habitat Protection,Southern Management Area,4,Southern
22-097,U/N Reef (22-097),152.45,-22.169,366.635,Habitat Protection,Southern Management Area,4,Southern
22-101,U/N Reef (22-101),152.627,-22.003,609.912,Habitat Protection,Southern Management Area,4,Southern
22-103,Half Moon Reef (22-103),152.726,-22.011,382.818,Habitat Protection,Southern Management Area,4,Southern
22-104b,Horseshoe Reef (No 2) (22-104b),152.564,-22.044,136.603,Habitat Protection,Southern Management Area,4,Southern
22-104c,Horseshoe Reef (No 3) (22-104c),152.572,-22.058,28.6,Habitat Protection,Southern Management Area,4,Southern
22-105,U/N Reef (22-105),152.504,-22.059,270.996,Habitat Protection,Southern Management Area,4,Southern
22-106,U/N Reef (22-106),152.738,-22.057,134.58,Habitat Protection,Southern Management Area,4,Southern
22-107,U/N Reef (22-107),152.776,-22.053,16.274,Habitat Protection,Southern Management Area,4,Southern
22-110,U/N Reef (22-110),152.596,-22.066,66.931,Habitat Protection,Southern Management Area,4,Southern
22-111,U/N Reef (22-111),152.522,-22.073,174.118,Habitat Protection,Southern Management Area,4,Southern
22-112,U/N Reef (22-112),152.596,-22.085,131.85,Habitat Protection,Southern Management Area,4,Southern
22-113,U/N Reef (22-113),152.647,-22.095,172.833,Habitat Protection,Southern Management Area,4,Southern
22-114,U/N Reef (22-114),152.624,-22.104,121.232,Habitat Protection,Southern Management Area,4,Southern
22-115,U/N Reef (22-115),152.534,-22.106,498.289,Habitat Protection,Southern Management Area,4,Southern
22-117,U/N Reef (22-117),152.609,-22.124,145.063,Habitat Protection,Southern Management Area,4,Southern
22-118,U/N Reef (22-118),152.629,-22.125,282.431,Habitat Protection,Southern Management Area,4,Southern
22-119,U/N Reef (22-119),152.676,-22.121,93.524,Habitat Protection,Southern Management Area,4,Southern
22-120,U/N Reef (22-120),152.801,-22.115,11.389,Habitat Protection,Southern Management Area,4,Southern
22-121,Sinker Reef (22-121),152.746,-22.117,161.689,Habitat Protection,Southern Management Area,4,Southern
22-125,U/N Reef (22-125),152.553,-22.155,143.623,Habitat Protection,Southern Management Area,4,Southern
22-126,U/N Reef (22-126),152.652,-22.162,502.751,Habitat Protection,Southern Management Area,4,Southern
22-127,U/N Reef (22-127),152.524,-22.179,236.067,Habitat Protection,Southern Management Area,4,Southern
22-128,U/N Reef (22-128),152.604,-22.187,313.217,Habitat Protection,Southern Management Area,4,Southern
22-129,U/N Reef (22-129),152.627,-22.185,518.442,Habitat Protection,Southern Management Area,4,Southern
22-131,Sunray Reef (22-131),152.761,-22.183,251.921,Habitat Protection,Southern Management Area,4,Southern
22-132,U/N Reef (22-132),152.555,-22.203,299.425,Habitat Protection,Southern Management Area,4,Southern
22-134,U/N Reef (22-134),152.619,-22.223,173.164,Habitat Protection,Southern Management Area,4,Southern
22-135,U/N Reef (22-135),152.527,-22.24,194.412,Habitat Protection,Southern Management Area,4,Southern
22-136,U/N Reef (22-136),152.654,-22.245,173.47,Habitat Protection,Southern Management Area,4,Southern
22-137,U/N Reef (22-137),152.682,-22.244,96.945,Habitat Protection,Southern Management Area,4,Southern
22-139,U/N Reef (22-139),152.605,-22.264,632.587,Habitat Protection,Southern Management Area,4,Southern
22-141,Dicks Reef (22-141),152.663,-22.308,512.493,Habitat Protection,Southern Management Area,4,Southern
22-146b,Twins Reef (East) (22-146b),152.56,-22.38,265.525,Habitat Protection,Southern Management Area,4,Southern
22-152,Perforated (Peak) Reef (22-152),150.96,-22.656,18.07,Habitat Protection,Southern Management Area,4,Southern
22-153,Flat Island Reef (22-153),150.994,-22.731,34.473,Habitat Protection,Southern Management Area,4,Southern
22-154,Five Rocks Reef (22-154),150.812,-22.798,5.661,Habitat Protection,Southern Management Area,4,Southern
22-156,Karamea Bank (22-156),151.54,-22.644,671.764,Habitat Protection,Southern Management Area,4,Southern
22-158,Moresby Bank (22-158),151.771,-22.847,251.551,Habitat Protection,Southern Management Area,4,Southern
22-159,Edgell Bank (22-159),151.775,-22.883,274.82,Habitat Protection,Southern Management Area,4,Southern
22-160,Goodwin Shoal (22-160),151.724,-22.911,125.931,Habitat Protection,Southern Management Area,4,Southern
22-821,U/N Reef (22-821),152.583,-22.235,95.933,Habitat Protection,Southern Management Area,4,Southern
22-823,U/N Reef (22-823),152.623,-22.277,75.137,Habitat Protection,Southern Management Area,4,Southern
22-824,U/N Reef (22-824),152.65,-22.214,62.24,Habitat Protection,Southern Management Area,4,Southern
22-825,U/N Reef (22-825),152.664,-22.223,50.133,Habitat Protection,Southern Management Area,4,Southern
22-826,U/N Reef (22-826),152.676,-22.215,15.697,Habitat Protection,Southern Management Area,4,Southern
22-827,U/N Reef (22-827),152.708,-22.259,78.3,Habitat Protection,Southern Management Area,4,Southern
22-840,U/N Reef (22-840),152.5,-22.078,123.208,Habitat Protection,Southern Management Area,4,Southern
22-845,U/N Reef (22-845),152.564,-22.083,20.808,Habitat Protection,Southern Management Area,4,Southern
22-848,U/N Reef (22-848),152.655,-22.046,32.834,Habitat Protection,Southern Management Area,4,Southern
22-849,U/N Reef (22-849),152.703,-22.112,18.277,Habitat Protection,Southern Management Area,4,Southern
22-850,U/N Reef (22-850),152.71,-22.008,11.817,Habitat Protection,Southern Management Area,4,Southern
22-851,U/N Reef (22-851),152.74,-22.037,85.352,Habitat Protection,Southern Management Area,4,Southern
23-001,Conical Rocks Reef (23-001),150.877,-23.036,57.597,Habitat Protection,Southern Management Area,4,Southern
23-002,Corroboree (Te-ri-mul) Reef (23-002),150.88,-23.047,111.891,Habitat Protection,Southern Management Area,4,Southern
23-004b,North Keppel (Ko-no-mie) Island Rf (No 2) 23-004b,150.893,-23.082,132.224,Habitat Protection,Southern Management Area,4,Southern
23-005,Pumpkin Reef (23-005),150.899,-23.095,21.015,Habitat Protection,Southern Management Area,4,Southern
23-006,Square Rocks Reef (23-006),150.885,-23.097,43.301,Habitat Protection,Southern Management Area,4,Southern
23-007,Sloping Reef (23-007),150.897,-23.098,23.785,Habitat Protection,Southern Management Area,4,Southern
23-008,Man and Wife (Ban-ka-boo-la-re) Rcks Rf 23-008,150.992,-23.117,5.664,Habitat Protection,Southern Management Area,4,Southern
23-009,Miall (Ma-ma-lon-bi) Reef (23-009),150.905,-23.15,82.022,Habitat Protection,Southern Management Area,4,Southern
23-012a,Great Keppel (Wop-pa) Island Reef (No 1) (23-012a),150.958,-23.157,91.066,Habitat Protection,Southern Management Area,4,Southern
23-012b,Great Keppel (Wop-pa) Island Reef (No 2) (23-012b),150.976,-23.151,88.227,Habitat Protection,Southern Management Area,4,Southern
23-012c,Great Keppel (Wop-pa) Island Reef (No 3) (23-012c),150.986,-23.172,147.636,Habitat Protection,Southern Management Area,4,Southern
23-012d,Great Keppel (Wop-pa) Island Reef (No 4) (23-012d),150.966,-23.189,51.789,Habitat Protection,Southern Management Area,4,Southern
23-014,Halfway Island Reef (23-014),150.97,-23.2,29.539,Habitat Protection,Southern Management Area,4,Southern
23-017,Pelican Island Reef (23-017),150.873,-23.243,91.091,Habitat Protection,Southern Management Area,4,Southern
23-019,Wedge Island Reef (23-019),150.886,-23.277,119.369,Habitat Protection,Southern Management Area,4,Southern
23-020,Mother Macgregor Reef (23-020),150.826,-23.285,78.466,Habitat Protection,Southern Management Area,4,Southern
23-022,Round Rock Reef (23-022),150.83,-23.301,27.651,Habitat Protection,Southern Management Area,4,Southern
23-023,Divided Reef (23-023),150.922,-23.303,87.897,Habitat Protection,Southern Management Area,4,Southern
23-024,Flat Rock Reef (23-024),150.849,-23.314,10.921,Habitat Protection,Southern Management Area,4,Southern
23-028,Girt Reef (23-028),150.814,-23.357,87.621,Habitat Protection,Southern Management Area,4,Southern
23-029,Quartz Reef (23-029),150.858,-23.422,1.911,Habitat Protection,Southern Management Area,4,Southern
23-030,The Child Reef (23-030),151.085,-23.155,10.514,Habitat Protection,Southern Management Area,4,Southern
23-031a,Barren (A-rum-mi) (First Lump) Rf (No 1) 23-031a,151.071,-23.163,8.093,Habitat Protection,Southern Management Area,4,Southern
23-031b,Barren (A-rum-mi) (First Lump) Rf (No 2) 23-031b,151.079,-23.163,10.132,Habitat Protection,Southern Management Area,4,Southern
23-031c,Barren (A-rum-mi) (First Lump) Rf (No 3) 23-031c,151.075,-23.155,6.533,Habitat Protection,Southern Management Area,4,Southern
23-034,Lisa Jane Shoals (23-034),151.086,-23.291,59.668,Habitat Protection,Southern Management Area,4,Southern
23-036,Hummocky Reef (23-036),151.154,-23.4,59.37,Habitat Protection,Southern Management Area,4,Southern
23-041,Innamincka Shoal (23-041),151.833,-23.005,275.01,Habitat Protection,Southern Management Area,4,Southern
23-042a,Haberfield Shoal (23-042a),151.778,-23.032,1467.974,Habitat Protection,Southern Management Area,4,Southern
23-042b,Guthrie Shoal (23-042b),151.843,-23.049,354.625,Habitat Protection,Southern Management Area,4,Southern
23-043,Johnson Patch (23-043),151.597,-23.078,31.342,Habitat Protection,Southern Management Area,4,Southern
23-044,Douglas Shoal (23-044),151.667,-23.091,897.388,Habitat Protection,Southern Management Area,4,Southern
23-058,Keppel Rocks Reef (23-058),151.05,-23.43,25.963,Habitat Protection,Southern Management Area,4,Southern
23-059b,Curtis Island Reef (No 2) (23-059b),151.062,-23.449,42.942,Habitat Protection,Southern Management Area,4,Southern
23-059d,Curtis Island Reef (No 4) (23-059d),151.308,-23.748,160.356,Habitat Protection,Southern Management Area,4,Southern
23-060,Rat Reef (23-060),151.318,-23.765,15.876,Habitat Protection,Southern Management Area,4,Southern
23-061a,North Point Reef (Facing Island Reef) (23-061a),151.334,-23.754,58.314,Habitat Protection,Southern Management Area,4,Southern
23-061b,Facing Island Reef (No 2) (23-061b),151.327,-23.765,30.812,Habitat Protection,Southern Management Area,4,Southern
23-061c,Pearl Ledge (Facing Island Reef No 3) (23-061c),151.364,-23.801,104.432,Habitat Protection,Southern Management Area,4,Southern
23-061d,Facing Island Reef (No 4) (23-061d),151.382,-23.83,51.271,Habitat Protection,Southern Management Area,4,Southern
23-061e,East Point Ledge (Facing Island Reef) (23-061e),151.393,-23.857,70.349,Habitat Protection,Southern Management Area,4,Southern
23-062,Manning Reef (23-062),151.356,-23.856,39.266,Habitat Protection,Southern Management Area,4,Southern
23-064,Sable Chief Rocks Reef (23-064),151.388,-23.814,4.728,Habitat Protection,Southern Management Area,4,Southern
23-066,Curtis Rock Reef (23-066),151.481,-23.933,4.418,Habitat Protection,Southern Management Area,4,Southern
23-067a,Seal Rocks Reef (No 1) (23-067a),151.494,-23.95,45.548,Habitat Protection,Southern Management Area,4,Southern
23-067b,Seal Rocks Reef (No 2) (23-067b),151.485,-23.962,180.466,Habitat Protection,Southern Management Area,4,Southern
23-067c,Seal Rocks Reef (No 3) (23-067c),151.482,-23.974,34.89,Habitat Protection,Southern Management Area,4,Southern
23-072,Rock Cod Shoal (23-072),151.618,-23.674,2562.055,Habitat Protection,Southern Management Area,4,Southern
23-082b,U/N Reef (23-082b),152.397,-23.921,5.843,Habitat Protection,Southern Management Area,4,Southern
23-083b,U/N Reef (23-083b),150.825,-23.235,37.367,Habitat Protection,Southern Management Area,4,Southern
23-084,Farmers Reef (23-084),151.318,-23.772,6.239,Habitat Protection,Southern Management Area,4,Southern
23-085,Turtle Island Reef (23-085),151.265,-23.799,20.35,Habitat Protection,Southern Management Area,4,Southern
23-086,Bushy Island Reef (23-086),151.338,-23.834,2.098,Habitat Protection,Southern Management Area,4,Southern
23-090,Stuart Shoal (23-090),152.465,-23.871,66.043,Habitat Protection,Southern Management Area,4,Southern
24-003,U/N Reef (24-003),151.736,-24.006,107.615,Habitat Protection,Southern Management Area,4,Southern
24-009a,Herald Patches (No 1) (24-009a),152.667,-24.21,1489.889,Habitat Protection,Southern Management Area,4,Southern
24-009b,Herald Patches (No 2) (24-009b),152.742,-24.206,219.505,Habitat Protection,Southern Management Area,4,Southern
24-009c,Herald Patches (No 3) (24-009c),152.751,-24.215,282.099,Habitat Protection,Southern Management Area,4,Southern
17-065,Bob Endean Reef (17-065),146.727,-17.876,1859.414,Habitat Protection,Central Management Area,3,Central
17-067,U/N Reef (17-067),146.6,-17.969,717.118,Habitat Protection,Central Management Area,3,Central
17-071,U/N Reef (17-071),146.822,-17.894,114.2,Habitat Protection,Central Management Area,3,Central
18-007,Kennedy Shoal (18-007),146.451,-18.079,1050.075,Habitat Protection,Central Management Area,3,Central
18-023,U/N Reef (18-023),146.967,-18.134,430.53,Habitat Protection,Central Management Area,3,Central
18-035,Thread Shoal (18-035),147.175,-18.343,158.221,Habitat Protection,Central Management Area,3,Central
18-036,Urchin Shoal (18-036),147.081,-18.347,50.235,Habitat Protection,Central Management Area,3,Central
18-038,Thimble Shoal (18-038),147.259,-18.374,67.158,Habitat Protection,Central Management Area,3,Central
18-044,Westmoreland Reef (18-044),147.102,-18.493,440.268,Habitat Protection,Central Management Area,3,Central
18-050,Lady Elliot Reef (18-050),146.331,-18.682,51.277,Habitat Protection,Central Management Area,3,Central
18-052a,Curacoa (Noogoo) Reef (No 1) (18-052a),146.563,-18.665,33.601,Habitat Protection,Central Management Area,3,Central
18-053,Fantome (Eumilli) Island Reef (18-053),146.512,-18.677,182.962,Habitat Protection,Central Management Area,3,Central
18-054a,Great Palm Island Reef (No 1) (18-054a),146.576,-18.717,717.91,Habitat Protection,Central Management Area,3,Central
18-058,Eclipse (Garoogubbee) Reef (18-058),146.55,-18.769,12.022,Habitat Protection,Central Management Area,3,Central
18-059,Esk (Soopun) Reef (18-059),146.521,-18.774,23.22,Habitat Protection,Central Management Area,3,Central
18-062,Brisk-Falcon Reef (18-062),146.535,-18.777,80.599,Habitat Protection,Central Management Area,3,Central
18-064,Fly Island Reef (18-064),146.525,-18.829,23.019,Habitat Protection,Central Management Area,3,Central
18-065,Havannah Reef (18-065),146.538,-18.843,85.112,Habitat Protection,Central Management Area,3,Central
18-066,Acheron Reef (18-066),146.631,-18.964,26.258,Habitat Protection,Central Management Area,3,Central
18-067,Phillips Reef (18-067),146.619,-18.976,0.997,Habitat Protection,Central Management Area,3,Central
18-068,Cordelia Rocks Reef (18-068),146.685,-18.996,60.916,Habitat Protection,Central Management Area,3,Central
18-069b,Braggs Reef (18-069b),147.14,-18.547,1976.67,Habitat Protection,Central Management Area,3,Central
18-072,French Reef (18-072),147.232,-18.547,662.997,Habitat Protection,Central Management Area,3,Central
18-092,Anzac Reefs (No 4) (18-092),147.946,-18.75,157.765,Habitat Protection,Central Management Area,3,Central
18-093,Anzac Reefs (No 5) (18-093),147.934,-18.765,522.166,Habitat Protection,Central Management Area,3,Central
18-097,U/N Reef (18-097),148.017,-18.797,35.715,Habitat Protection,Central Management Area,3,Central
18-098,U/N Reef (18-098),147.977,-18.824,83.228,Habitat Protection,Central Management Area,3,Central
18-104,U/N Reef (18-104),147.868,-18.905,65.646,Habitat Protection,Central Management Area,3,Central
18-107,U/N Reef (18-107),148.033,-18.816,95.96,Habitat Protection,Central Management Area,3,Central
18-108,U/N Reef (18-108),148.129,-18.837,50.018,Habitat Protection,Central Management Area,3,Central
18-109,U/N Reef (18-109),148.071,-18.837,22.552,Habitat Protection,Central Management Area,3,Central
18-110,U/N Reef (18-110),148.165,-18.857,39.147,Habitat Protection,Central Management Area,3,Central
18-111,Eagle Reef (18-111),148.079,-18.854,121.918,Habitat Protection,Central Management Area,3,Central
18-113,U/N Reef (18-113),148.196,-18.888,20.909,Habitat Protection,Central Management Area,3,Central
18-114,U/N Reef (18-114),148.245,-18.892,64.408,Habitat Protection,Central Management Area,3,Central
18-116,U/N Reef (18-116),148.318,-18.933,524.186,Habitat Protection,Central Management Area,3,Central
18-117,U/N Reef (18-117),148.29,-18.955,853.288,Habitat Protection,Central Management Area,3,Central
18-121b,Hall Reef (South) (18-121b),147.49,-18.673,374.538,Habitat Protection,Central Management Area,3,Central
18-122,U/N Reef (18-122),148.545,-18.925,279.511,Habitat Protection,Central Management Area,3,Central
18-123,U/N Reef (18-123),148.484,-18.988,181.903,Habitat Protection,Central Management Area,3,Central
18-124,U/N Reef (18-124),147.39,-18.385,480.252,Habitat Protection,Central Management Area,3,Central
18-130,U/N Reef (18-130),148.099,-18.825,11.617,Habitat Protection,Central Management Area,3,Central
18-131,U/N Reef (18-131),148.12,-18.789,103.473,Habitat Protection,Central Management Area,3,Central
18-132,U/N Reef (18-132),148.181,-18.82,197.545,Habitat Protection,Central Management Area,3,Central
18-133,U/N Reef (18-133),148.245,-18.847,169.734,Habitat Protection,Central Management Area,3,Central
18-134,U/N Reef (18-134),148.295,-18.877,108.093,Habitat Protection,Central Management Area,3,Central
18-138,U/N Reef (18-138),146.97,-18.157,72.789,Habitat Protection,Central Management Area,3,Central
18-139,U/N Reef (18-139),146.979,-18.146,58.01,Habitat Protection,Central Management Area,3,Central
18-800,U/N Reef (18-800),146.346,-18.938,92.158,Habitat Protection,Central Management Area,3,Central
19-001,Bramble Rock Reef (19-001),146.628,-19.023,0.895,Habitat Protection,Central Management Area,3,Central
19-002,Herald Island Reef (19-002),146.63,-19.028,27.778,Habitat Protection,Central Management Area,3,Central
19-003,Rattlesnake Island Reef (19-003),146.609,-19.038,32.952,Habitat Protection,Central Management Area,3,Central
19-004,Lorne Reef (19-004),146.587,-19.035,0.097,Habitat Protection,Central Management Area,3,Central
19-005,Paluma Shoals (19-005),146.561,-19.098,126.541,Habitat Protection,Central Management Area,3,Central
19-006,Orchard Rocks Reef (19-006),146.881,-19.109,3.111,Habitat Protection,Central Management Area,3,Central
19-009b,Magnetic Island Reef (No 1) (19-009b),146.85,-19.166,48.459,Habitat Protection,Central Management Area,3,Central
19-009f,Magnetic Island Reef (No 5) (19-009f),146.862,-19.111,25.678,Habitat Protection,Central Management Area,3,Central
19-020,Morinda Shoal (19-020),147.637,-19.141,835.138,Habitat Protection,Central Management Area,3,Central
19-021,Tink Shoal (19-021),147.858,-19.362,218.037,Habitat Protection,Central Management Area,3,Central
19-023,Pakhoi Bank (19-023),147.883,-19.447,38.627,Habitat Protection,Central Management Area,3,Central
19-026,U/N Reef (19-026),148.429,-19.036,725.379,Habitat Protection,Central Management Area,3,Central
19-027,Pollux Reef (19-027),148.304,-19.047,1025.112,Habitat Protection,Central Management Area,3,Central
19-030,U/N Reef (19-030),148.201,-19.081,331.244,Habitat Protection,Central Management Area,3,Central
19-031,Crotan Reef (19-031),148.231,-19.077,265.061,Habitat Protection,Central Management Area,3,Central
19-032,U/N Reef (19-032),148.247,-19.093,101.411,Habitat Protection,Central Management Area,3,Central
19-033,U/N Reef (19-033),148.267,-19.093,103.176,Habitat Protection,Central Management Area,3,Central
19-034,Tabias Reef (19-034),148.287,-19.096,334.621,Habitat Protection,Central Management Area,3,Central
19-035,U/N Reef (19-035),148.461,-19.083,240.362,Habitat Protection,Central Management Area,3,Central
19-036,U/N Reef (19-036),148.322,-19.096,640.342,Habitat Protection,Central Management Area,3,Central
19-037,U/N Reef (19-037),148.306,-19.104,31.983,Habitat Protection,Central Management Area,3,Central
19-038d,Dingo Reef (No 4) (19-038d),148.345,-19.111,1417.734,Habitat Protection,Central Management Area,3,Central
19-038e,Dingo Reef (No 5) (19-038e),148.385,-19.12,3488.789,Habitat Protection,Central Management Area,3,Central
19-041,U/N Reef (19-041),148.16,-19.183,442.353,Habitat Protection,Central Management Area,3,Central
19-049,Lynx Reef (19-049),148.564,-19.032,483.085,Habitat Protection,Central Management Area,3,Central
19-067,U/N Reef (19-067),148.634,-19.359,381.4,Habitat Protection,Central Management Area,3,Central
19-068,U/N Reef (19-068),148.683,-19.351,1580.314,Habitat Protection,Central Management Area,3,Central
19-069,U/N Reef (19-069),148.99,-19.343,156.752,Habitat Protection,Central Management Area,3,Central
19-070,U/N Reef (19-070),148.727,-19.352,696.901,Habitat Protection,Central Management Area,3,Central
19-072b,Gould Reef (No 2) (19-072b),148.722,-19.456,4240.07,Habitat Protection,Central Management Area,3,Central
19-072c,Gould Reef (No 3) (19-072c),148.736,-19.503,3352.518,Habitat Protection,Central Management Area,3,Central
19-073,U/N Reef (19-073),148.999,-19.411,18.815,Habitat Protection,Central Management Area,3,Central
19-075,Martin Reef (19-075),148.824,-19.481,683.363,Habitat Protection,Central Management Area,3,Central
19-079,U/N Reef (19-079),149.097,-19.278,89.138,Habitat Protection,Central Management Area,3,Central
19-080,U/N Reef (19-080),149.064,-19.283,52.631,Habitat Protection,Central Management Area,3,Central
19-081,Ellen Reef (19-081),149.244,-19.311,1347.613,Habitat Protection,Central Management Area,3,Central
19-083,U/N Reef (19-083),149.188,-19.333,55.92,Habitat Protection,Central Management Area,3,Central
19-084,U/N Reef (19-084),149.215,-19.342,156.354,Habitat Protection,Central Management Area,3,Central
19-085,U/N Reef (19-085),149.158,-19.352,34.566,Habitat Protection,Central Management Area,3,Central
19-086,U/N Reef (19-086),149.026,-19.35,176.42,Habitat Protection,Central Management Area,3,Central
19-087,U/N Reef (19-087),149.031,-19.371,32.371,Habitat Protection,Central Management Area,3,Central
19-088,U/N Reef (19-088),149.097,-19.359,116.374,Habitat Protection,Central Management Area,3,Central
19-089,U/N Reef (19-089),149.114,-19.36,121.95,Habitat Protection,Central Management Area,3,Central
19-090,U/N Reef (19-090),149.072,-19.373,738.742,Habitat Protection,Central Management Area,3,Central
19-091,Eulalie Reef (19-091),149.416,-19.341,1244.952,Habitat Protection,Central Management Area,3,Central
19-092,U/N Reef (19-092),149.185,-19.369,1130.917,Habitat Protection,Central Management Area,3,Central
19-093,U/N Reef (19-093),149.037,-19.395,17.814,Habitat Protection,Central Management Area,3,Central
19-094,U/N Reef (19-094),149.451,-19.443,56.308,Habitat Protection,Central Management Area,3,Central
19-095,U/N Reef (19-095),149.226,-19.459,6544.017,Habitat Protection,Central Management Area,3,Central
19-098,Wansfell Reef (19-098),149.119,-19.5,492.702,Habitat Protection,Central Management Area,3,Central
19-099,Joist Reef (19-099),149.632,-19.46,2359.362,Habitat Protection,Central Management Area,3,Central
19-102,Camp Reef (19-102),147.896,-19.854,40.973,Habitat Protection,Central Management Area,3,Central
19-106,Middle Island Reef (19-106),148.364,-19.988,31.884,Habitat Protection,Central Management Area,3,Central
19-108,U/N Reef (19-108),148.882,-19.531,121.497,Habitat Protection,Central Management Area,3,Central
19-110,Rattray Reef (19-110),148.555,-19.996,21.418,Habitat Protection,Central Management Area,3,Central
19-111,U/N Reef (19-111),149.222,-19.52,206.935,Habitat Protection,Central Management Area,3,Central
19-112,U/N Reef (19-112),149.231,-19.531,125.336,Habitat Protection,Central Management Area,3,Central
19-114,U/N Reef (19-114),149.044,-19.539,363.438,Habitat Protection,Central Management Area,3,Central
19-115,U/N Reef (19-115),149.039,-19.556,26.744,Habitat Protection,Central Management Area,3,Central
19-117,U/N Reef (19-117),149.366,-19.532,157.016,Habitat Protection,Central Management Area,3,Central
19-118a,U/N Reef (19-118a),149.395,-19.533,29.231,Habitat Protection,Central Management Area,3,Central
19-118b,U/N Reef (19-118b),149.388,-19.538,11.67,Habitat Protection,Central Management Area,3,Central
19-118c,U/N Reef (19-118c),149.39,-19.516,11.756,Habitat Protection,Central Management Area,3,Central
19-118d,U/N Reef (19-118d),149.391,-19.535,11.197,Habitat Protection,Central Management Area,3,Central
19-118e,U/N Reef (19-118e),149.396,-19.544,18.968,Habitat Protection,Central Management Area,3,Central
19-118f,U/N Reef (19-118f),149.398,-19.528,24.248,Habitat Protection,Central Management Area,3,Central
19-119,U/N Reef (19-119),149.375,-19.545,36.465,Habitat Protection,Central Management Area,3,Central
19-121,U/N Reef (19-121),149.434,-19.548,680.964,Habitat Protection,Central Management Area,3,Central
19-122,U/N Reef (19-122),149.248,-19.579,322.203,Habitat Protection,Central Management Area,3,Central
19-123,U/N Reef (19-123),149.237,-19.589,240.009,Habitat Protection,Central Management Area,3,Central
19-124,U/N Reef (19-124),149.494,-19.571,57.063,Habitat Protection,Central Management Area,3,Central
19-125,U/N Reef (19-125),149.414,-19.589,237.596,Habitat Protection,Central Management Area,3,Central
19-126,U/N Reef (19-126),149.418,-19.645,1448.684,Habitat Protection,Central Management Area,3,Central
19-129,U/N Reef (19-129),149.303,-19.75,127.351,Habitat Protection,Central Management Area,3,Central
19-130,U/N Reef (19-130),149.336,-19.749,41.588,Habitat Protection,Central Management Area,3,Central
19-131b,U/N Reef (19-131b),149.366,-19.768,0.962,Habitat Protection,Central Management Area,3,Central
19-131c,U/N Reef (19-131c),149.372,-19.768,2.083,Habitat Protection,Central Management Area,3,Central
19-131d,U/N Reef (19-131d),149.377,-19.756,0.606,Habitat Protection,Central Management Area,3,Central
19-131e,U/N Reef (19-131e),149.378,-19.755,0.357,Habitat Protection,Central Management Area,3,Central
19-131f,U/N Reef (19-131f),149.378,-19.756,0.752,Habitat Protection,Central Management Area,3,Central
19-131g,U/N Reef (19-131g),149.38,-19.756,4.156,Habitat Protection,Central Management Area,3,Central
19-132,U/N Reef (19-132),149.4,-19.76,12.167,Habitat Protection,Central Management Area,3,Central
19-139,U/N Reef (19-139),149.588,-19.516,132.376,Habitat Protection,Central Management Area,3,Central
19-144,U/N Reef (19-144),149.568,-19.581,26.258,Habitat Protection,Central Management Area,3,Central
19-145,U/N Reef (19-145),149.505,-19.588,143.222,Habitat Protection,Central Management Area,3,Central
19-153,U/N Reef (19-153),149.759,-19.64,23.213,Habitat Protection,Central Management Area,3,Central
19-155,U/N Reef (19-155),149.72,-19.655,38.959,Habitat Protection,Central Management Area,3,Central
19-158,U/N Reef (19-158),149.692,-19.67,122.504,Habitat Protection,Central Management Area,3,Central
19-162,U/N Reef (19-162),149.526,-19.682,68.087,Habitat Protection,Central Management Area,3,Central
19-163,U/N Reef (19-163),149.538,-19.691,70.116,Habitat Protection,Central Management Area,3,Central
19-164,U/N Reef (19-164),149.728,-19.689,1357.548,Habitat Protection,Central Management Area,3,Central
19-165,U/N Reef (19-165),149.801,-19.698,1821.929,Habitat Protection,Central Management Area,3,Central
19-168,U/N Reef (19-168),149.611,-19.712,48.9,Habitat Protection,Central Management Area,3,Central
19-169,U/N Reef (19-169),149.613,-19.72,83.53,Habitat Protection,Central Management Area,3,Central
19-170,U/N Reef (19-170),149.686,-19.705,145.038,Habitat Protection,Central Management Area,3,Central
19-171,U/N Reef (19-171),149.743,-19.708,9.735,Habitat Protection,Central Management Area,3,Central
19-172,U/N Reef (19-172),149.759,-19.711,27.726,Habitat Protection,Central Management Area,3,Central
19-173,U/N Reef (19-173),149.767,-19.712,27.424,Habitat Protection,Central Management Area,3,Central
19-174,U/N Reef (19-174),149.808,-19.717,105.45,Habitat Protection,Central Management Area,3,Central
19-177,Crab Reef (19-177),149.709,-19.725,189.501,Habitat Protection,Central Management Area,3,Central
19-179,Howse Reef (19-179),149.787,-19.743,364.535,Habitat Protection,Central Management Area,3,Central
19-181,U/N Reef (19-181),149.617,-19.758,245.166,Habitat Protection,Central Management Area,3,Central
19-182,U/N Reef (19-182),149.73,-19.755,395.897,Habitat Protection,Central Management Area,3,Central
19-183,U/N Reef (19-183),149.654,-19.758,11.615,Habitat Protection,Central Management Area,3,Central
19-184,U/N Reef (19-184),149.656,-19.765,8.508,Habitat Protection,Central Management Area,3,Central
19-185,U/N Reef (19-185),149.659,-19.766,4.145,Habitat Protection,Central Management Area,3,Central
19-186,U/N Reef (19-186),149.725,-19.768,15.417,Habitat Protection,Central Management Area,3,Central
19-189,U/N Reef (19-189),149.695,-19.79,158.021,Habitat Protection,Central Management Area,3,Central
19-190,U/N Reef (19-190),149.705,-19.805,113.443,Habitat Protection,Central Management Area,3,Central
19-191,U/N Reef (19-191),149.722,-19.803,57.461,Habitat Protection,Central Management Area,3,Central
19-192,U/N Reef (19-192),149.616,-19.818,45.049,Habitat Protection,Central Management Area,3,Central
19-193,U/N Reef (19-193),149.733,-19.838,3691.21,Habitat Protection,Central Management Area,3,Central
19-194,U/N Reef (19-194),149.776,-19.826,167.621,Habitat Protection,Central Management Area,3,Central
19-196,U/N Reef (19-196),149.6,-19.859,27.27,Habitat Protection,Central Management Area,3,Central
19-197,Ross Reef (19-197),149.581,-19.873,1481.958,Habitat Protection,Central Management Area,3,Central
19-198,U/N Reef (19-198),149.719,-19.88,268.445,Habitat Protection,Central Management Area,3,Central
19-199,U/N Reef (19-199),149.698,-19.896,360.421,Habitat Protection,Central Management Area,3,Central
19-200,U/N Reef (19-200),149.829,-19.917,1637.769,Habitat Protection,Central Management Area,3,Central
19-201,U/N Reef (19-201),149.779,-19.941,54.973,Habitat Protection,Central Management Area,3,Central
19-202,U/N Reef (19-202),149.792,-19.928,502.352,Habitat Protection,Central Management Area,3,Central
19-203,U/N Reef (19-203),149.745,-19.943,749.36,Habitat Protection,Central Management Area,3,Central
19-204,Round Reef (19-204),149.624,-19.965,297.732,Habitat Protection,Central Management Area,3,Central
19-205a,Tideway Reef (No 1) (19-205a),149.725,-20.01,1522.552,Habitat Protection,Central Management Area,3,Central
19-205b,Tideway Reef (No 2) (19-205b),149.755,-19.998,242.537,Habitat Protection,Central Management Area,3,Central
19-205c,Tideway Reef (No 3) (19-205c),149.733,-19.977,1502.601,Habitat Protection,Central Management Area,3,Central
19-207,Hyde Reef (19-207),150.086,-19.756,797.407,Habitat Protection,Central Management Area,3,Central
19-208,U/N Reef (19-208),150.123,-19.786,905.533,Habitat Protection,Central Management Area,3,Central
19-209,Rebe Reef (19-209),150.153,-19.799,745.297,Habitat Protection,Central Management Area,3,Central
19-210,U/N Reef (19-210),150.098,-19.814,248.663,Habitat Protection,Central Management Area,3,Central
19-211,Wackett Reef (19-211),150.076,-19.823,911.147,Habitat Protection,Central Management Area,3,Central
19-212,Oom Reef (19-212),150.183,-19.828,99.99,Habitat Protection,Central Management Area,3,Central
19-213,U/N Reef (19-213),150.101,-19.833,23.526,Habitat Protection,Central Management Area,3,Central
19-214,Wyatt Earp Reef (19-214),150.22,-19.866,1834.927,Habitat Protection,Central Management Area,3,Central
19-215a,Sharon Shoal (No 1) (19-215a),150.288,-19.879,15.053,Habitat Protection,Central Management Area,3,Central
19-215b,Sharon Shoal (No 2) (19-215b),150.28,-19.866,54.157,Habitat Protection,Central Management Area,3,Central
19-215c,Sharon Shoal (No 3) (19-215c),150.297,-19.854,199.996,Habitat Protection,Central Management Area,3,Central
19-215d,Sharon Shoal (No 4) (19-215d),150.305,-19.871,38.118,Habitat Protection,Central Management Area,3,Central
19-216,U/N Reef (19-216),150.248,-19.889,761.535,Habitat Protection,Central Management Area,3,Central
19-217,U/N Reef (19-217),150.293,-19.893,21.176,Habitat Protection,Central Management Area,3,Central
19-218,Williams Reef (19-218),150.163,-19.903,334.534,Habitat Protection,Central Management Area,3,Central
19-219,Conder Reef (19-219),150.2,-19.921,571.647,Habitat Protection,Central Management Area,3,Central
19-220,White Tip Reef (19-220),150.271,-19.911,1293.973,Habitat Protection,Central Management Area,3,Central
19-221,Bond Reef (19-221),150.314,-19.926,63.458,Habitat Protection,Central Management Area,3,Central
19-222,Abott Reef (19-222),150.331,-19.937,95.744,Habitat Protection,Central Management Area,3,Central
19-223,U/N Reef (19-223),150.179,-19.943,33.266,Habitat Protection,Central Management Area,3,Central
19-224,U/N Reef (19-224),150.335,-19.945,35.442,Habitat Protection,Central Management Area,3,Central
19-225,U/N Reef (19-225),150.349,-19.954,761.997,Habitat Protection,Central Management Area,3,Central
19-226,Kerwin Reef (19-226),150.207,-19.956,865.907,Habitat Protection,Central Management Area,3,Central
19-227,U/N Reef (19-227),150.345,-19.974,80.882,Habitat Protection,Central Management Area,3,Central
19-228,U/N Reef (19-228),150.239,-19.993,41.404,Habitat Protection,Central Management Area,3,Central
19-229,Thompson Shoal (19-229),150.322,-19.904,18.681,Habitat Protection,Central Management Area,3,Central
19-230,Blossom Bank (West) (19-230),150.35,-19.793,82.646,Habitat Protection,Central Management Area,3,Central
19-231,Marilyn Shoal (19-231),150.389,-19.811,168.365,Habitat Protection,Central Management Area,3,Central
19-232,Ferris Shoal (19-232),150.37,-19.86,139.447,Habitat Protection,Central Management Area,3,Central
19-233,Maschke Shoal (19-233),150.357,-19.884,72.225,Habitat Protection,Central Management Area,3,Central
19-234,Blossom Bank (East) (19-234),150.363,-19.797,21.806,Habitat Protection,Central Management Area,3,Central
19-235,U/N Reef (19-235),150.344,-19.854,50.552,Habitat Protection,Central Management Area,3,Central
19-236,U/N Reef (19-236),149.411,-19.437,72.851,Habitat Protection,Central Management Area,3,Central
19-237,U/N Reef (19-237),149.419,-19.489,117.051,Habitat Protection,Central Management Area,3,Central
19-238,U/N Reef (19-238),149.519,-19.48,175.412,Habitat Protection,Central Management Area,3,Central
19-239,U/N Reef (19-239),149.526,-19.391,1010.433,Habitat Protection,Central Management Area,3,Central
19-240,U/N Reef (19-240),149.538,-19.536,39.31,Habitat Protection,Central Management Area,3,Central
19-241,U/N Reef (19-241),149.552,-19.339,102.224,Habitat Protection,Central Management Area,3,Central
19-242,U/N Reef (19-242),149.579,-19.421,642.37,Habitat Protection,Central Management Area,3,Central
19-243,U/N Reef (19-243),149.648,-19.763,1.394,Habitat Protection,Central Management Area,3,Central
19-244,U/N Reef (19-244),149.652,-19.497,249.346,Habitat Protection,Central Management Area,3,Central
19-245,U/N Reef (19-245),149.659,-19.783,0.387,Habitat Protection,Central Management Area,3,Central
19-246,U/N Reef (19-246),149.668,-19.811,815.676,Habitat Protection,Central Management Area,3,Central
19-248,U/N Reef (19-248),149.68,-19.977,374.797,Habitat Protection,Central Management Area,3,Central
19-252,U/N Reef (19-252),149.709,-19.659,14.376,Habitat Protection,Central Management Area,3,Central
19-253,U/N Reef (19-253),149.755,-19.715,2.374,Habitat Protection,Central Management Area,3,Central
19-254,U/N Reef (19-254),149.762,-19.792,0.948,Habitat Protection,Central Management Area,3,Central
19-255,U/N Reef (19-255),149.762,-19.79,1.15,Habitat Protection,Central Management Area,3,Central
19-256,U/N Reef (19-256),149.763,-19.791,0.518,Habitat Protection,Central Management Area,3,Central
19-257,U/N Reef (19-257),149.766,-19.723,83.599,Habitat Protection,Central Management Area,3,Central
19-258,U/N Reef (19-258),149.776,-19.728,10.325,Habitat Protection,Central Management Area,3,Central
19-260,U/N Reef (19-260),149.836,-19.952,28.463,Habitat Protection,Central Management Area,3,Central
19-261,U/N Reef (19-261),149.844,-19.94,8.656,Habitat Protection,Central Management Area,3,Central
19-269,U/N Reef (19-269),150.099,-19.742,56.989,Habitat Protection,Central Management Area,3,Central
19-270,U/N Reef (19-270),150.168,-19.855,6.324,Habitat Protection,Central Management Area,3,Central
19-271,U/N Reef (19-271),150.169,-19.91,0.364,Habitat Protection,Central Management Area,3,Central
19-272,U/N Reef (19-272),150.188,-19.889,239.045,Habitat Protection,Central Management Area,3,Central
19-273,U/N Reef (19-273),150.229,-19.893,0.551,Habitat Protection,Central Management Area,3,Central
19-274,U/N Reef (19-274),150.246,-19.911,6.133,Habitat Protection,Central Management Area,3,Central
19-276,U/N Reef (19-276),148.225,-19.236,141.943,Habitat Protection,Central Management Area,3,Central
19-277,U/N Reef (19-277),148.241,-19.233,31.916,Habitat Protection,Central Management Area,3,Central
19-278,U/N Reef (19-278),148.258,-19.117,64.465,Habitat Protection,Central Management Area,3,Central
19-279,U/N Reef (19-279),148.543,-19.095,286.707,Habitat Protection,Central Management Area,3,Central
19-285,U/N Reef (19-285),148.743,-19.372,36.755,Habitat Protection,Central Management Area,3,Central
19-286,U/N Reef (19-286),148.747,-19.296,919.142,Habitat Protection,Central Management Area,3,Central
19-287,U/N Reef (19-287),148.76,-19.37,18.19,Habitat Protection,Central Management Area,3,Central
19-289,U/N Reef (19-289),149.022,-19.308,43.601,Habitat Protection,Central Management Area,3,Central
19-290,U/N Reef (19-290),149.029,-19.527,9.769,Habitat Protection,Central Management Area,3,Central
19-293,U/N Reef (19-293),149.117,-19.26,36.136,Habitat Protection,Central Management Area,3,Central
19-294,U/N Reef (19-294),149.148,-19.304,158.539,Habitat Protection,Central Management Area,3,Central
19-297,U/N Reef (19-297),149.202,-19.512,5.59,Habitat Protection,Central Management Area,3,Central
19-298,U/N Reef (19-298),149.203,-19.521,25.258,Habitat Protection,Central Management Area,3,Central
19-299,U/N Reef (19-299),149.214,-19.277,202.982,Habitat Protection,Central Management Area,3,Central
19-300,U/N Reef (19-300),149.218,-19.325,219.049,Habitat Protection,Central Management Area,3,Central
19-301,U/N Reef (19-301),149.229,-19.286,64.153,Habitat Protection,Central Management Area,3,Central
19-302,U/N Reef (19-302),149.239,-19.546,267.278,Habitat Protection,Central Management Area,3,Central
19-303,U/N Reef (19-303),149.241,-19.565,79.267,Habitat Protection,Central Management Area,3,Central
19-304,U/N Reef (19-304),149.245,-19.54,6.832,Habitat Protection,Central Management Area,3,Central
19-305,U/N Reef (19-305),149.265,-19.656,2193.618,Habitat Protection,Central Management Area,3,Central
19-307,U/N Reef (19-307),149.28,-19.35,423.76,Habitat Protection,Central Management Area,3,Central
19-308,U/N Reef (19-308),149.287,-19.411,781.604,Habitat Protection,Central Management Area,3,Central
19-309,U/N Reef (19-309),149.351,-19.394,36.69,Habitat Protection,Central Management Area,3,Central
19-310,U/N Reef (19-310),149.353,-19.257,723.316,Habitat Protection,Central Management Area,3,Central
19-311,U/N Reef (19-311),149.38,-19.333,666.043,Habitat Protection,Central Management Area,3,Central
20-001,U/N Reef (20-001),148.25,-20.025,368.561,Habitat Protection,Central Management Area,3,Central
20-002,North Head Reef (20-002),148.274,-20.022,8.784,Habitat Protection,Central Management Area,3,Central
20-005,U/N Reef (20-005),148.266,-20.069,714.709,Habitat Protection,Central Management Area,3,Central
20-006,Passage Islet Reef (20-006),148.442,-20.065,344.987,Habitat Protection,Central Management Area,3,Central
20-007,Chyebassa Shoal (20-007),148.338,-20.076,22.942,Habitat Protection,Central Management Area,3,Central
20-008,Winter Shoal (20-008),148.302,-20.073,10.478,Habitat Protection,Central Management Area,3,Central
20-009,Thomas Reef (20-009),148.296,-20.082,41.298,Habitat Protection,Central Management Area,3,Central
20-010a,Black Currant-Manta Ray Reef (No 1) (20-010a),148.508,-20.086,205.546,Habitat Protection,Central Management Area,3,Central
20-010b,Black Currant-Manta Ray Reef (No 2) (20-010b),148.442,-20.065,439.093,Habitat Protection,Central Management Area,3,Central
20-011,Poole Reef (20-011),148.308,-20.108,176.273,Habitat Protection,Central Management Area,3,Central
20-015a,Saddleback Island Reef (No 1) (20-015a),148.539,-20.065,33.025,Habitat Protection,Central Management Area,3,Central
20-015b,Saddleback Island Reef (No 2) (20-015b),148.544,-20.06,8.205,Habitat Protection,Central Management Area,3,Central
20-016a,U/N Reef (20-016a),148.537,-20.086,10.727,Habitat Protection,Central Management Area,3,Central
20-016b,U/N Reef (20-016b),148.508,-20.086,37.53,Habitat Protection,Central Management Area,3,Central
20-018,Double Rock Reef (20-018),148.975,-20.072,0.375,Habitat Protection,Central Management Area,3,Central
20-020,Gumbrell Reef (20-020),148.608,-20.1,28.977,Habitat Protection,Central Management Area,3,Central
20-021,Olden Reef (20-021),148.572,-20.104,43.19,Habitat Protection,Central Management Area,3,Central
20-025a,U/N Reef (20-025a),148.558,-20.112,44.962,Habitat Protection,Central Management Area,3,Central
20-025b,U/N Reef (20-025b),148.569,-20.129,41.635,Habitat Protection,Central Management Area,3,Central
20-026,Edwin Reef (20-026),148.612,-20.126,1.858,Habitat Protection,Central Management Area,3,Central
20-027,U/N Reef (20-027),148.606,-20.133,9.422,Habitat Protection,Central Management Area,3,Central
20-028b,Hook Island Reef (No 2) (20-028b),148.929,-20.16,378.7,Habitat Protection,Central Management Area,3,Central
20-028c,Hook Island Reef (No 3) (20-028c),148.921,-20.159,188.519,Habitat Protection,Central Management Area,3,Central
20-028l,Hook Island Reef (No 11) (20-028l),148.956,-20.104,6.296,Habitat Protection,Central Management Area,3,Central
20-030,Grassy Reef (20-030),148.607,-20.149,97.399,Habitat Protection,Central Management Area,3,Central
20-031,Roseric Shoal (20-031),148.709,-20.184,19.225,Habitat Protection,Central Management Area,3,Central
20-032,Pioneer Rocks Reef (20-032),148.757,-20.227,3.423,Habitat Protection,Central Management Area,3,Central
20-036,Conder Shoal (20-036),148.912,-20.242,10.598,Habitat Protection,Central Management Area,3,Central
20-041a,Whitsunday Island Reef (No 1) (20-041a),148.98,-20.195,126.534,Habitat Protection,Central Management Area,3,Central
20-041b,Whitsunday Island Reef (No 2) (20-041b),148.993,-20.222,35.52,Habitat Protection,Central Management Area,3,Central
20-041c,Whitsunday Island Reef (No 3) (20-041c),148.998,-20.24,82.535,Habitat Protection,Central Management Area,3,Central
20-041d,Whitsunday Island Reef (No 4) (20-041d),149.013,-20.244,249.03,Habitat Protection,Central Management Area,3,Central
20-041p,Whitsunday Island Reef (No 15) (20-041p),148.945,-20.224,34.875,Habitat Protection,Central Management Area,3,Central
20-041q,Whitsunday Island Reef (No 16) (20-041q),148.952,-20.217,12.278,Habitat Protection,Central Management Area,3,Central
20-041r,Whitsunday Island Reef (No 17) (20-041r),148.958,-20.18,58.918,Habitat Protection,Central Management Area,3,Central
20-041t,Whitsunday Island Reef (No 18) (20-041t),148.959,-20.156,6.109,Habitat Protection,Central Management Area,3,Central
20-045,Almora Reef (20-045),148.77,-20.234,1.981,Habitat Protection,Central Management Area,3,Central
20-046,U/N Reef (20-046),148.795,-20.284,59.523,Habitat Protection,Central Management Area,3,Central
20-047,Low Rock Reef (20-047),148.802,-20.288,1.331,Habitat Protection,Central Management Area,3,Central
20-050,Alert Bank (20-050),148.847,-20.305,28.18,Habitat Protection,Central Management Area,3,Central
20-051,White Rock Reef (20-051),148.81,-20.303,1.729,Habitat Protection,Central Management Area,3,Central
20-052,U/N Reef (20-052),148.784,-20.302,394.418,Habitat Protection,Central Management Area,3,Central
20-058a,Dent Reef (No 1) (20-058a),148.936,-20.349,58.983,Habitat Protection,Central Management Area,3,Central
20-058b,Dent Reef (No 2) (20-058b),148.927,-20.35,10.586,Habitat Protection,Central Management Area,3,Central
20-059,U/N Reef (20-059),148.963,-20.372,3.274,Habitat Protection,Central Management Area,3,Central
20-062a,U/N Reef (20-062a),148.829,-20.386,71.466,Habitat Protection,Central Management Area,3,Central
20-062b,U/N Reef (20-062b),148.833,-20.37,41.662,Habitat Protection,Central Management Area,3,Central
20-069,Petrel Reef (20-069),149.115,-20.198,1.911,Habitat Protection,Central Management Area,3,Central
20-071,Ireby Reef (20-071),149.142,-20.227,4.415,Habitat Protection,Central Management Area,3,Central
20-072,Sillago Reef (20-072),149.16,-20.237,3.047,Habitat Protection,Central Management Area,3,Central
20-073,Wirrainbeia Reef (20-073),149.142,-20.234,3.501,Habitat Protection,Central Management Area,3,Central
20-074,Harold Reef (20-074),149.153,-20.24,10.91,Habitat Protection,Central Management Area,3,Central
20-075a,Edward Island Reef (20-075a),149.174,-20.248,35.435,Habitat Protection,Central Management Area,3,Central
20-075b,U/N Reef (20-075b),149.185,-20.255,0.575,Habitat Protection,Central Management Area,3,Central
20-080,Leeper Shoal (20-080),149.089,-20.141,154.84,Habitat Protection,Central Management Area,3,Central
20-083,Surprise Rock Reef (20-083),149.026,-20.355,0.133,Habitat Protection,Central Management Area,3,Central
20-088,Jester Reef (20-088),149.072,-20.144,1.162,Habitat Protection,Central Management Area,3,Central
20-103,U/N Reef (20-103),149.831,-20.015,341.481,Habitat Protection,Central Management Area,3,Central
20-104,U/N Reef (20-104),149.688,-20.032,272.331,Habitat Protection,Central Management Area,3,Central
20-105,Square Reef (20-105),149.812,-20.064,4344.092,Habitat Protection,Central Management Area,3,Central
20-113,Ben Reef (20-113),150.32,-20.007,75.15,Habitat Protection,Central Management Area,3,Central
20-114,U/N Reef (20-114),150.261,-20.007,23.847,Habitat Protection,Central Management Area,3,Central
20-115,Little Bugatti (Wheatley) Reef (20-115),150.243,-20.026,1510.054,Habitat Protection,Central Management Area,3,Central
20-120,Wup Reef (20-120),150.196,-20.102,211.383,Habitat Protection,Central Management Area,3,Central
20-127,Bugatti Reef (20-127),150.316,-20.101,2955.882,Habitat Protection,Central Management Area,3,Central
20-143,U/N Reef (20-143),150.241,-20.446,141.243,Habitat Protection,Central Management Area,3,Central
20-144,Cannan Reef (20-144),150.152,-20.481,217.515,Habitat Protection,Central Management Area,3,Central
20-145,Packer Reefs (20-145),150.204,-20.475,279.933,Habitat Protection,Central Management Area,3,Central
20-146,Boulton Reef (20-146),150.29,-20.468,2065.422,Habitat Protection,Central Management Area,3,Central
20-208,North Repulse Reef (20-208),148.862,-20.582,11.779,Habitat Protection,Central Management Area,3,Central
20-209,East Repulse Reef (20-209),148.877,-20.599,35.967,Habitat Protection,Central Management Area,3,Central
20-210,South Repulse Reef (20-210),148.867,-20.612,42.181,Habitat Protection,Central Management Area,3,Central
20-234a,Thomas Reef (No 1) (20-234a),149.11,-20.542,15.623,Habitat Protection,Central Management Area,3,Central
20-234b,Thomas Reef (No 2) (20-234b),149.101,-20.545,3.753,Habitat Protection,Central Management Area,3,Central
20-234c,Thomas Reef (No 3) (20-234c),149.105,-20.551,4.965,Habitat Protection,Central Management Area,3,Central
20-234d,Thomas Reef (No 4) (20-234d),149.111,-20.552,7.158,Habitat Protection,Central Management Area,3,Central
20-234e,Thomas Reef (No 5) (20-234e),149.12,-20.547,29.296,Habitat Protection,Central Management Area,3,Central
20-234f,Thomas Reef (No 6) (20-234f),149.12,-20.541,1.769,Habitat Protection,Central Management Area,3,Central
20-234g,Thomas Reef (No 7) (20-234g),149.126,-20.548,2.197,Habitat Protection,Central Management Area,3,Central
20-234h,Thomas Reef (No 8) (20-234h),149.106,-20.541,2.536,Habitat Protection,Central Management Area,3,Central
20-235,Fairlight Reef (20-235),149.133,-20.549,0.438,Habitat Protection,Central Management Area,3,Central
20-236,St Helen Reef (20-236),149.078,-20.553,0.54,Habitat Protection,Central Management Area,3,Central
20-286,Parker Reef (20-286),149.751,-20.542,106.014,Habitat Protection,Central Management Area,3,Central
20-287,Credlin Reefs (East) (20-287),149.951,-20.54,1222.023,Habitat Protection,Central Management Area,3,Central
20-288,Credlin Reefs (West) (20-288),149.928,-20.56,474.289,Habitat Protection,Central Management Area,3,Central
20-294,(Little) Stevens Reef (20-294),150.052,-20.564,3605.735,Habitat Protection,Central Management Area,3,Central
20-295,(Big) Stevens Reef (20-295),150.126,-20.57,5087.362,Habitat Protection,Central Management Area,3,Central
20-296,Liff Reef (20-296),150.242,-20.516,301.853,Habitat Protection,Central Management Area,3,Central
20-297,Creal Reef (20-297),150.381,-20.534,172.095,Habitat Protection,Central Management Area,3,Central
20-401,Deliverance Bank (20-401),150.405,-20.015,303.618,Habitat Protection,Central Management Area,3,Central
20-409,Plum Pudding Reef (20-409),148.939,-20.335,7.773,Habitat Protection,Central Management Area,3,Central
20-589,U/N Reef (20-589),150.315,-20.125,2.755,Habitat Protection,Central Management Area,3,Central
20-592,U/N Reef (20-592),150.374,-20.033,6.836,Habitat Protection,Central Management Area,3,Central
20-593,U/N Reef (20-593),150.376,-20.053,11.798,Habitat Protection,Central Management Area,3,Central
20-628,U/N Reef (20-628),148.776,-20.26,54.06,Habitat Protection,Central Management Area,3,Central
20-629,U/N Reef (20-629),148.789,-20.276,6.115,Habitat Protection,Central Management Area,3,Central
20-630,U/N Reef (20-630),148.797,-20.277,2.833,Habitat Protection,Central Management Area,3,Central
20-631,U/N Reef (20-631),148.82,-20.339,96.8,Habitat Protection,Central Management Area,3,Central
10-314,Ida Reef (10-314),142.559,-10.71,44.626,Habitat Protection,Far Northern Management Area,1,Far Northern
10-316,Tree Reef (10-316),142.597,-10.704,9.203,Habitat Protection,Far Northern Management Area,1,Far Northern
10-317,Brush Islet Reef (10-317),142.598,-10.709,13.972,Habitat Protection,Far Northern Management Area,1,Far Northern
10-318a,Albany Island Reef (No 1) (10-318a),142.593,-10.715,68.683,Habitat Protection,Far Northern Management Area,1,Far Northern
10-318b,Albany Island Reef (No 2) (10-318b),142.618,-10.728,82.361,Habitat Protection,Far Northern Management Area,1,Far Northern
10-318c,Albany Island Reef (No 3) (10-318c),142.623,-10.747,53.854,Habitat Protection,Far Northern Management Area,1,Far Northern
10-318d,Albany Island Reef (No 4) (10-318d),142.605,-10.739,124.451,Habitat Protection,Far Northern Management Area,1,Far Northern
10-320,Mai Reef (10-320),142.625,-10.724,84.121,Habitat Protection,Far Northern Management Area,1,Far Northern
10-323,Middle Brother Reef (10-323),142.685,-10.712,67.465,Habitat Protection,Far Northern Management Area,1,Far Northern
10-324,South Brother Reef (10-324),142.692,-10.717,27.781,Habitat Protection,Far Northern Management Area,1,Far Northern
10-325,North Ledge (10-325),142.738,-10.68,587.07,Habitat Protection,Far Northern Management Area,1,Far Northern
10-326,Meggi-Damun Reef (10-326),142.786,-10.683,509.78,Habitat Protection,Far Northern Management Area,1,Far Northern
10-328,Ulfa Reef (10-328),142.614,-10.758,7.145,Habitat Protection,Far Northern Management Area,1,Far Northern
10-329,Ariel Bank (10-329),142.625,-10.771,29.291,Habitat Protection,Far Northern Management Area,1,Far Northern
10-330,U/N Reef (10-330),142.592,-10.78,216.042,Habitat Protection,Far Northern Management Area,1,Far Northern
10-332,U/N Reef (10-332),142.574,-10.824,97.7,Habitat Protection,Far Northern Management Area,1,Far Northern
10-333,U/N Reef (10-333),142.577,-10.835,45.489,Habitat Protection,Far Northern Management Area,1,Far Northern
10-335,Harrington Reef (10-335),142.723,-10.821,196.718,Habitat Protection,Far Northern Management Area,1,Far Northern
10-336,Wyborn Reef (10-336),142.762,-10.821,1482.663,Habitat Protection,Far Northern Management Area,1,Far Northern
10-337,U/N Reef (10-337),142.929,-10.808,63.565,Habitat Protection,Far Northern Management Area,1,Far Northern
10-338,Womer Reef (10-338),142.984,-10.8,309.035,Habitat Protection,Far Northern Management Area,1,Far Northern
10-339,Brewis Reef (10-339),142.693,-10.887,17.003,Habitat Protection,Far Northern Management Area,1,Far Northern
10-340,Turtle Island Reef (10-340),142.696,-10.89,28.91,Habitat Protection,Far Northern Management Area,1,Far Northern
10-341,Shortland Reef (10-341),142.773,-10.901,361.444,Habitat Protection,Far Northern Management Area,1,Far Northern
10-342,Trochus Reef (10-342),142.632,-10.921,65.506,Habitat Protection,Far Northern Management Area,1,Far Northern
10-343a,Turtle Head Island Reef (No 1) (10-343a),142.706,-10.937,20.991,Habitat Protection,Far Northern Management Area,1,Far Northern
10-343b,Turtle Head Island Reef (No 2) (10-343b),142.706,-10.948,67.541,Habitat Protection,Far Northern Management Area,1,Far Northern
10-344,Tern Reef (10-344),142.766,-10.99,22.519,Habitat Protection,Far Northern Management Area,1,Far Northern
10-349,U/N Reef (10-349),143.434,-10.697,135.394,Habitat Protection,Far Northern Management Area,1,Far Northern
10-350,U/N Reef (10-350),143.466,-10.697,50.613,Habitat Protection,Far Northern Management Area,1,Far Northern
10-352,U/N Reef (10-352),143.337,-10.735,474.229,Habitat Protection,Far Northern Management Area,1,Far Northern
10-355,U/N Reef (10-355),143.324,-10.757,159.246,Habitat Protection,Far Northern Management Area,1,Far Northern
10-356,U/N Reef (10-356),143.412,-10.776,146.109,Habitat Protection,Far Northern Management Area,1,Far Northern
10-357,U/N Reef (10-357),143.353,-10.806,256.563,Habitat Protection,Far Northern Management Area,1,Far Northern
10-358,U/N Reef (10-358),143.336,-10.838,927.711,Habitat Protection,Far Northern Management Area,1,Far Northern
10-360,U/N Reef (10-360),143.298,-10.839,78.592,Habitat Protection,Far Northern Management Area,1,Far Northern
10-362,U/N Reef (10-362),143.239,-10.853,169.384,Habitat Protection,Far Northern Management Area,1,Far Northern
10-364,U/N Reef (10-364),143.21,-10.898,128.008,Habitat Protection,Far Northern Management Area,1,Far Northern
10-365,Linda Reef (10-365),143.178,-10.907,143.245,Habitat Protection,Far Northern Management Area,1,Far Northern
10-368,U/N Reef (10-368),143.314,-10.915,459.217,Habitat Protection,Far Northern Management Area,1,Far Northern
10-373,U/N Reef (10-373),143.13,-10.952,76.975,Habitat Protection,Far Northern Management Area,1,Far Northern
10-376,U/N Reef (10-376),143.126,-10.987,118.513,Habitat Protection,Far Northern Management Area,1,Far Northern
10-382,U/N Reef (10-382),143.787,-10.703,421.989,Habitat Protection,Far Northern Management Area,1,Far Northern
10-392,U/N Reef (10-392),143.606,-10.742,8258.664,Habitat Protection,Far Northern Management Area,1,Far Northern
10-394,U/N Reef (10-394),143.506,-10.77,84.447,Habitat Protection,Far Northern Management Area,1,Far Northern
10-404,U/N Reef (10-404),143.824,-10.825,270.024,Habitat Protection,Far Northern Management Area,1,Far Northern
10-406,U/N Reef (10-406),144.014,-10.845,909.486,Habitat Protection,Far Northern Management Area,1,Far Northern
10-407a,U/N Reef (10-407a),143.984,-10.866,157.595,Habitat Protection,Far Northern Management Area,1,Far Northern
10-407b,U/N Reef (10-407b),143.992,-10.86,80.469,Habitat Protection,Far Northern Management Area,1,Far Northern
10-410,U/N Reef (10-410),143.793,-10.87,168.134,Habitat Protection,Far Northern Management Area,1,Far Northern
10-411,U/N Reef (10-411),143.47,-10.805,1167.15,Habitat Protection,Far Northern Management Area,1,Far Northern
10-412,U/N Reef (10-412),144.014,-10.887,1953.092,Habitat Protection,Far Northern Management Area,1,Far Northern
10-416a,U/N Reef (10-416a),144.015,-10.964,117.513,Habitat Protection,Far Northern Management Area,1,Far Northern
10-416b,U/N Reef (10-416b),144.032,-10.966,624.55,Habitat Protection,Far Northern Management Area,1,Far Northern
10-418a,U/N Reef (10-418a),144.035,-10.997,779.391,Habitat Protection,Far Northern Management Area,1,Far Northern
10-418b,U/N Reef (10-418b),144.018,-10.986,383.993,Habitat Protection,Far Northern Management Area,1,Far Northern
10-419a,U/N Reef (10-419a),144.013,-11.008,353.97,Habitat Protection,Far Northern Management Area,1,Far Northern
10-419b,U/N Reef (10-419b),144.013,-11.018,30.048,Habitat Protection,Far Northern Management Area,1,Far Northern
10-420,U/N Reef (10-420),143.995,-11.018,494.366,Habitat Protection,Far Northern Management Area,1,Far Northern
10-426,U/N Reef (10-426),144.014,-10.951,464.806,Habitat Protection,Far Northern Management Area,1,Far Northern
10-429,U/N Reef (10-429),142.566,-10.722,9.441,Habitat Protection,Far Northern Management Area,1,Far Northern
10-430,U/N Reef (10-430),142.577,-10.73,13.487,Habitat Protection,Far Northern Management Area,1,Far Northern
10-431,U/N Reef (10-431),142.58,-10.799,30.433,Habitat Protection,Far Northern Management Area,1,Far Northern
10-432,U/N Reef (10-432),142.553,-10.832,151.975,Habitat Protection,Far Northern Management Area,1,Far Northern
10-434,U/N Reef (10-434),142.604,-10.757,98.354,Habitat Protection,Far Northern Management Area,1,Far Northern
10-444,U/N Reef (10-444),144.002,-10.935,26.848,Habitat Protection,Far Northern Management Area,1,Far Northern
10-445,U/N Reef (10-445),144.034,-10.913,18.549,Habitat Protection,Far Northern Management Area,1,Far Northern
10-800,U/N Reef (10-800),142.739,-10.811,230.767,Habitat Protection,Far Northern Management Area,1,Far Northern
10-801,U/N Reef (10-801),142.746,-10.993,32.162,Habitat Protection,Far Northern Management Area,1,Far Northern
11-001,Arnold Reef (11-001),142.993,-11.007,60.857,Habitat Protection,Far Northern Management Area,1,Far Northern
11-002,Thomson Islet Reef (11-002),142.756,-11.025,7.742,Habitat Protection,Far Northern Management Area,1,Far Northern
11-003,U/N Reef (11-003),142.783,-11.07,221.041,Habitat Protection,Far Northern Management Area,1,Far Northern
11-004,Gilmore Bank (11-004),142.837,-11.159,12.334,Habitat Protection,Far Northern Management Area,1,Far Northern
11-005,U/N Reef (11-005),142.811,-11.186,29.659,Habitat Protection,Far Northern Management Area,1,Far Northern
11-006,U/N Reef (11-006),142.812,-11.194,7.781,Habitat Protection,Far Northern Management Area,1,Far Northern
11-007,U/N Reef (11-007),142.824,-11.232,17.145,Habitat Protection,Far Northern Management Area,1,Far Northern
11-008,U/N Reef (11-008),142.819,-11.249,161.923,Habitat Protection,Far Northern Management Area,1,Far Northern
11-009,Bushy Island Reef (11-009),142.872,-11.257,254.657,Habitat Protection,Far Northern Management Area,1,Far Northern
11-010,Cairncross Islets Reef (11-010),142.929,-11.25,207.066,Habitat Protection,Far Northern Management Area,1,Far Northern
11-011a,U/N Reef (11-011a),142.829,-11.29,4.963,Habitat Protection,Far Northern Management Area,1,Far Northern
11-011b,U/N Reef (11-011b),142.831,-11.294,4.234,Habitat Protection,Far Northern Management Area,1,Far Northern
11-019,U/N Reef (11-019),143.474,-11.029,165.469,Habitat Protection,Far Northern Management Area,1,Far Northern
11-025,U/N Reef (11-025),143.091,-11.07,1700.286,Habitat Protection,Far Northern Management Area,1,Far Northern
11-040,U/N Reef (11-040),143.15,-11.271,1249.968,Habitat Protection,Far Northern Management Area,1,Far Northern
11-112,U/N Reef (11-112),143.998,-11.031,224.263,Habitat Protection,Far Northern Management Area,1,Far Northern
11-113,U/N Reef (11-113),144.017,-11.039,579.011,Habitat Protection,Far Northern Management Area,1,Far Northern
11-114,U/N Reef (11-114),144.022,-11.049,140.795,Habitat Protection,Far Northern Management Area,1,Far Northern
11-115,U/N Reef (11-115),144.034,-11.055,668.414,Habitat Protection,Far Northern Management Area,1,Far Northern
11-116,U/N Reef (11-116),144.041,-11.069,141.317,Habitat Protection,Far Northern Management Area,1,Far Northern
11-117,U/N Reef (11-117),144.044,-11.103,1201.136,Habitat Protection,Far Northern Management Area,1,Far Northern
11-118a,U/N Reef (11-118a),144.033,-11.132,379.733,Habitat Protection,Far Northern Management Area,1,Far Northern
11-118b,U/N Reef (11-118b),144.026,-11.141,56.367,Habitat Protection,Far Northern Management Area,1,Far Northern
11-119,U/N Reef (11-119),144.058,-11.146,1241.995,Habitat Protection,Far Northern Management Area,1,Far Northern
11-120,U/N Reef (11-120),144.06,-11.185,271.622,Habitat Protection,Far Northern Management Area,1,Far Northern
11-121,U/N Reef (11-121),144.044,-11.192,163.348,Habitat Protection,Far Northern Management Area,1,Far Northern
11-122,U/N Reef (11-122),144.047,-11.201,197.436,Habitat Protection,Far Northern Management Area,1,Far Northern
11-123,U/N Reef (11-123),144.051,-11.21,157.808,Habitat Protection,Far Northern Management Area,1,Far Northern
11-124,U/N Reef (11-124),144.056,-11.218,42.747,Habitat Protection,Far Northern Management Area,1,Far Northern
11-171,Guthray Reef (11-171),143.265,-11.802,132.412,Habitat Protection,Far Northern Management Area,1,Far Northern
11-173,Cockburn Reef (11-173),143.363,-11.821,29484.824,Habitat Protection,Far Northern Management Area,1,Far Northern
11-174,Magra Reef (11-174),143.286,-11.864,336.052,Habitat Protection,Far Northern Management Area,1,Far Northern
11-175,U/N Reef (11-175),143.297,-11.874,65.161,Habitat Protection,Far Northern Management Area,1,Far Northern
11-176,Rodney Reef (11-176),143.107,-11.895,210.562,Habitat Protection,Far Northern Management Area,1,Far Northern
11-177,U/N Reef (11-177),143.129,-11.906,78.859,Habitat Protection,Far Northern Management Area,1,Far Northern
11-178,Cockburn Patch (11-178),143.338,-11.911,20.684,Habitat Protection,Far Northern Management Area,1,Far Northern
11-179,Erlangen Patch (11-179),143.351,-11.918,23.645,Habitat Protection,Far Northern Management Area,1,Far Northern
11-181,Sunday Reef (11-181),143.208,-11.927,74.718,Habitat Protection,Far Northern Management Area,1,Far Northern
11-182,Bremner Shoal (11-182),143.216,-11.944,18.483,Habitat Protection,Far Northern Management Area,1,Far Northern
11-185,Nob Reef (11-185),143.269,-11.952,21.398,Habitat Protection,Far Northern Management Area,1,Far Northern
11-186,U/N Reef (11-186),143.271,-11.961,74.194,Habitat Protection,Far Northern Management Area,1,Far Northern
11-187,Harvey Reef (11-187),143.268,-11.97,59.012,Habitat Protection,Far Northern Management Area,1,Far Northern
11-189,Perry Reef (11-189),143.255,-11.971,20.297,Habitat Protection,Far Northern Management Area,1,Far Northern
11-190a,Cape Grenville Reef (No 1) (11-190a),143.234,-11.959,146.882,Habitat Protection,Far Northern Management Area,1,Far Northern
11-190b,Cape Grenville Reef (No 2) (11-190b),143.244,-11.972,5.451,Habitat Protection,Far Northern Management Area,1,Far Northern
11-190c,Cape Grenville Reef (No 3) (11-190c),143.22,-11.983,49.901,Habitat Protection,Far Northern Management Area,1,Far Northern
11-191,Hicks Reef (11-191),143.27,-11.984,140.096,Habitat Protection,Far Northern Management Area,1,Far Northern
11-192,Middle Reef (11-192),143.256,-11.984,11.117,Habitat Protection,Far Northern Management Area,1,Far Northern
11-193a,Twin Reefs (North) (11-193a),143.268,-11.995,5.27,Habitat Protection,Far Northern Management Area,1,Far Northern
11-193b,Twin Reefs (South) (11-193b),143.267,-11.998,3.689,Habitat Protection,Far Northern Management Area,1,Far Northern
11-194,Gore Reef (11-194),143.248,-11.99,71.26,Habitat Protection,Far Northern Management Area,1,Far Northern
11-195,South Reef (11-195),143.241,-11.998,50.956,Habitat Protection,Far Northern Management Area,1,Far Northern
11-227,U/N Reef (11-227),143.865,-11.809,69.655,Habitat Protection,Far Northern Management Area,1,Far Northern
11-229a,Devlin Reef (11-229a),143.856,-11.826,697.918,Habitat Protection,Far Northern Management Area,1,Far Northern
11-229b,U/N Reef (11-229b),143.843,-11.844,259.322,Habitat Protection,Far Northern Management Area,1,Far Northern
11-230,U/N Reef (11-230),143.824,-11.854,30.533,Habitat Protection,Far Northern Management Area,1,Far Northern
11-231,U/N Reef (11-231),143.83,-11.86,34.044,Habitat Protection,Far Northern Management Area,1,Far Northern
11-232,Five Reefs (11-232),143.838,-11.87,365.181,Habitat Protection,Far Northern Management Area,1,Far Northern
11-233,U/N Reef (11-233),143.59,-11.857,1707.552,Habitat Protection,Far Northern Management Area,1,Far Northern
11-234,U/N Reef (11-234),143.677,-11.825,6496.273,Habitat Protection,Far Northern Management Area,1,Far Northern
11-235,U/N Reef (11-235),143.825,-11.883,22.142,Habitat Protection,Far Northern Management Area,1,Far Northern
11-236,U/N Reef (11-236),143.834,-11.897,335.533,Habitat Protection,Far Northern Management Area,1,Far Northern
11-237a,Ashmore Banks (No 1) (11-237a),143.629,-11.885,5077.66,Habitat Protection,Far Northern Management Area,1,Far Northern
11-237b,Ashmore Banks (No 2) (11-237b),143.71,-11.88,5091.688,Habitat Protection,Far Northern Management Area,1,Far Northern
11-237c,Ashmore Banks (No 3) (11-237c),143.688,-11.927,4633.731,Habitat Protection,Far Northern Management Area,1,Far Northern
11-238,U/N Reef (11-238),143.853,-11.927,506.093,Habitat Protection,Far Northern Management Area,1,Far Northern
11-239,Star Reef (11-239),143.868,-11.953,371.808,Habitat Protection,Far Northern Management Area,1,Far Northern
11-241,Job Reef (11-241),143.884,-11.98,303.779,Habitat Protection,Far Northern Management Area,1,Far Northern
11-246,Passage Reef (11-246),143.247,-11.965,5.025,Habitat Protection,Far Northern Management Area,1,Far Northern
11-261,U/N Reef (11-261),143.746,-11.806,365.081,Habitat Protection,Far Northern Management Area,1,Far Northern
11-264,U/N Reef (11-264),143.774,-11.808,31.429,Habitat Protection,Far Northern Management Area,1,Far Northern
11-266,U/N Reef (11-266),143.778,-11.813,12.781,Habitat Protection,Far Northern Management Area,1,Far Northern
11-267,U/N Reef (11-267),143.782,-11.811,8.339,Habitat Protection,Far Northern Management Area,1,Far Northern
11-268,U/N Reef (11-268),143.785,-11.826,12.643,Habitat Protection,Far Northern Management Area,1,Far Northern
11-272,U/N Reef (11-272),143.826,-11.845,3.165,Habitat Protection,Far Northern Management Area,1,Far Northern
11-273,U/N Reef (11-273),143.835,-11.917,1.076,Habitat Protection,Far Northern Management Area,1,Far Northern
11-300,U/N Reef (11-300),144.006,-11.122,40.244,Habitat Protection,Far Northern Management Area,1,Far Northern
11-314,U/N Reef (11-314),144.063,-11.091,11.815,Habitat Protection,Far Northern Management Area,1,Far Northern
11-324,U/N Reef (11-324),144.061,-11.08,30.74,Habitat Protection,Far Northern Management Area,1,Far Northern
12-001,Haggerston Reef (12-001),143.301,-12.029,381.448,Habitat Protection,Far Northern Management Area,1,Far Northern
12-003b,U/N Reef (12-003b),143.352,-12.114,16.292,Habitat Protection,Far Northern Management Area,1,Far Northern
12-003c,U/N Reef (12-003c),143.447,-12.153,6.981,Habitat Protection,Far Northern Management Area,1,Far Northern
12-003d,U/N Reef (12-003d),143.588,-12.186,6.96,Habitat Protection,Far Northern Management Area,1,Far Northern
12-004,Moody Reef (12-004),143.265,-12.099,658.545,Habitat Protection,Far Northern Management Area,1,Far Northern
12-005,Young Reef (12-005),143.218,-12.127,18.901,Habitat Protection,Far Northern Management Area,1,Far Northern
12-006,Laurel Reef (12-006),143.276,-12.14,227.331,Habitat Protection,Far Northern Management Area,1,Far Northern
12-009,Pickard Reef (12-009),143.133,-12.232,314.814,Habitat Protection,Far Northern Management Area,1,Far Northern
12-010,Kay Reef (12-010),143.286,-12.231,947.877,Habitat Protection,Far Northern Management Area,1,Far Northern
12-011,Beesley-Baird Reef (12-011),143.206,-12.243,166.63,Habitat Protection,Far Northern Management Area,1,Far Northern
12-012,Piper Reef (12-012),143.238,-12.25,510.906,Habitat Protection,Far Northern Management Area,1,Far Northern
12-013,Inset Reef (12-013),143.275,-12.247,260.939,Habitat Protection,Far Northern Management Area,1,Far Northern
12-014,Hazel Reef (12-014),143.3,-12.272,193.78,Habitat Protection,Far Northern Management Area,1,Far Northern
12-019,North Pint Patch (12-019),143.344,-12.331,12.168,Habitat Protection,Far Northern Management Area,1,Far Northern
12-020,South Pint Patch (12-020),143.358,-12.351,15.61,Habitat Protection,Far Northern Management Area,1,Far Northern
12-024,U/N Reef (12-024),143.482,-12.385,628.82,Habitat Protection,Far Northern Management Area,1,Far Northern
12-027,Quoin Reef (12-027),143.499,-12.423,3125.069,Habitat Protection,Far Northern Management Area,1,Far Northern
12-027c,Fison Reefs (12-027c),143.546,-12.374,3877.661,Habitat Protection,Far Northern Management Area,1,Far Northern
12-030,U/N Reef (12-030),143.679,-12.111,85813.789,Habitat Protection,Far Northern Management Area,1,Far Northern
12-036,U/N Reef (12-036),143.833,-12.042,200.459,Habitat Protection,Far Northern Management Area,1,Far Northern
12-039,U/N Reef (12-039),143.818,-12.051,68.423,Habitat Protection,Far Northern Management Area,1,Far Northern
12-040,U/N Reef (12-040),143.811,-12.072,451.515,Habitat Protection,Far Northern Management Area,1,Far Northern
12-041,U/N Reef (12-041),143.549,-12.058,61.472,Habitat Protection,Far Northern Management Area,1,Far Northern
12-042,U/N Reef (12-042),143.804,-12.095,125.635,Habitat Protection,Far Northern Management Area,1,Far Northern
12-043a,Martha Ridgway Reef (North) (12-043a),143.808,-12.12,308.912,Habitat Protection,Far Northern Management Area,1,Far Northern
12-043b,Martha Ridgway Reef (South) (12-043b),143.811,-12.145,261.978,Habitat Protection,Far Northern Management Area,1,Far Northern
12-044,U/N Reef (12-044),143.784,-12.172,3.302,Habitat Protection,Far Northern Management Area,1,Far Northern
12-045,U/N Reef (12-045),143.79,-12.158,62.843,Habitat Protection,Far Northern Management Area,1,Far Northern
12-046,U/N Reef (12-046),143.805,-12.172,55.81,Habitat Protection,Far Northern Management Area,1,Far Northern
12-047,U/N Reef (12-047),143.791,-12.194,20.028,Habitat Protection,Far Northern Management Area,1,Far Northern
12-048,U/N Reef (12-048),143.781,-12.194,80.38,Habitat Protection,Far Northern Management Area,1,Far Northern
12-049,U/N Reef (12-049),143.81,-12.205,85.197,Habitat Protection,Far Northern Management Area,1,Far Northern
12-050,U/N Reef (12-050),143.822,-12.21,8.482,Habitat Protection,Far Northern Management Area,1,Far Northern
12-051,U/N Reef (12-051),143.794,-12.208,69.748,Habitat Protection,Far Northern Management Area,1,Far Northern
12-053,Henry Reef (12-053),143.819,-12.223,18.176,Habitat Protection,Far Northern Management Area,1,Far Northern
12-057,U/N Reef (12-057),143.643,-12.315,1666.924,Habitat Protection,Far Northern Management Area,1,Far Northern
12-058,Ferguson Reef (12-058),143.827,-12.34,715.137,Habitat Protection,Far Northern Management Area,1,Far Northern
12-060,U/N Reef (12-060),143.61,-12.381,2192.673,Habitat Protection,Far Northern Management Area,1,Far Northern
12-062,U/N Reef (12-062),143.747,-12.412,373.527,Habitat Protection,Far Northern Management Area,1,Far Northern
12-063,U/N Reef (12-063),143.766,-12.412,70.132,Habitat Protection,Far Northern Management Area,1,Far Northern
12-064,U/N Reef (12-064),143.633,-12.403,43.176,Habitat Protection,Far Northern Management Area,1,Far Northern
12-065,U/N Reef (12-065),143.568,-12.423,7.588,Habitat Protection,Far Northern Management Area,1,Far Northern
12-066,U/N Reef (12-066),143.632,-12.417,392.494,Habitat Protection,Far Northern Management Area,1,Far Northern
12-068,U/N Reef (12-068),143.751,-12.437,435.061,Habitat Protection,Far Northern Management Area,1,Far Northern
12-069,U/N Reef (12-069),143.763,-12.466,520.181,Habitat Protection,Far Northern Management Area,1,Far Northern
12-070,U/N Reef (12-070),143.759,-12.484,29.432,Habitat Protection,Far Northern Management Area,1,Far Northern
12-071,U/N Reef (12-071),143.771,-12.489,260.315,Habitat Protection,Far Northern Management Area,1,Far Northern
12-072,Middle Reef (12-072),143.39,-12.519,111.858,Habitat Protection,Far Northern Management Area,1,Far Northern
12-076,Rocky Island Reef (12-076),143.39,-12.586,365.432,Habitat Protection,Far Northern Management Area,1,Far Northern
12-077,U/N Reef (12-077),143.435,-12.613,84.592,Habitat Protection,Far Northern Management Area,1,Far Northern
12-078,Restoration Island Reef (12-078),143.447,-12.623,84.227,Habitat Protection,Far Northern Management Area,1,Far Northern
12-080,U/N Reef (12-080),143.418,-12.649,280.154,Habitat Protection,Far Northern Management Area,1,Far Northern
12-081,Edward Shoal (12-081),143.45,-12.658,26.884,Habitat Protection,Far Northern Management Area,1,Far Northern
12-082,U/N Reef (12-082),143.422,-12.662,11.665,Habitat Protection,Far Northern Management Area,1,Far Northern
12-083,U/N Reef (12-083),143.396,-12.712,31.137,Habitat Protection,Far Northern Management Area,1,Far Northern
12-085,Hazelgrove Reefs (12-085),143.482,-12.755,84.518,Habitat Protection,Far Northern Management Area,1,Far Northern
12-086,May Reef (12-086),143.466,-12.778,25.379,Habitat Protection,Far Northern Management Area,1,Far Northern
12-089,Exit Reef (12-089),143.487,-12.783,71.495,Habitat Protection,Far Northern Management Area,1,Far Northern
12-092,U/N Reef (12-092),143.771,-12.519,40.744,Habitat Protection,Far Northern Management Area,1,Far Northern
12-093,Bunker Reef (12-093),143.605,-12.52,1751.503,Habitat Protection,Far Northern Management Area,1,Far Northern
12-094,Long Sandy Reef (12-094),143.794,-12.535,769.062,Habitat Protection,Far Northern Management Area,1,Far Northern
12-095,U/N Reef (12-095),143.778,-12.569,31.124,Habitat Protection,Far Northern Management Area,1,Far Northern
12-096,Dolphin Reef (12-096),143.53,-12.559,214.246,Habitat Protection,Far Northern Management Area,1,Far Northern
12-097,U/N Reef (12-097),143.786,-12.577,105.117,Habitat Protection,Far Northern Management Area,1,Far Northern
12-098,Second Small Reef (12-098),143.794,-12.582,144.19,Habitat Protection,Far Northern Management Area,1,Far Northern
12-101,U/N Reef (12-101),143.811,-12.599,527.875,Habitat Protection,Far Northern Management Area,1,Far Northern
12-102,Curd Reef (12-102),143.549,-12.581,2337.317,Habitat Protection,Far Northern Management Area,1,Far Northern
12-103,U/N Reef (12-103),143.812,-12.617,23.528,Habitat Protection,Far Northern Management Area,1,Far Northern
12-105,Burke Reef (12-105),143.563,-12.633,1620.344,Habitat Protection,Far Northern Management Area,1,Far Northern
12-106,Tannadice Shoal (12-106),143.524,-12.662,44.93,Habitat Protection,Far Northern Management Area,1,Far Northern
12-107,Log Reef (South) (12-107),143.844,-12.685,1106.814,Habitat Protection,Far Northern Management Area,1,Far Northern
12-108,U/N Reef (12-108),143.814,-12.696,63.598,Habitat Protection,Far Northern Management Area,1,Far Northern
12-109,U/N Reef (12-109),143.822,-12.691,19.357,Habitat Protection,Far Northern Management Area,1,Far Northern
12-110,U/N Reef (12-110),143.81,-12.705,158.54,Habitat Protection,Far Northern Management Area,1,Far Northern
12-111,First Small Reef (12-111),143.808,-12.722,320.785,Habitat Protection,Far Northern Management Area,1,Far Northern
12-112,Ape Reef (12-112),143.62,-12.696,3615.54,Habitat Protection,Far Northern Management Area,1,Far Northern
12-113,U/N Reef (12-113),143.792,-12.746,29.334,Habitat Protection,Far Northern Management Area,1,Far Northern
12-114,U/N Reef (12-114),143.813,-12.758,1067.952,Habitat Protection,Far Northern Management Area,1,Far Northern
12-115,Zenith Reef (12-115),143.613,-12.768,692.646,Habitat Protection,Far Northern Management Area,1,Far Northern
12-116,U/N Reef (12-116),143.802,-12.798,260.685,Habitat Protection,Far Northern Management Area,1,Far Northern
12-119,Wye Reef (12-119),143.615,-12.81,320.729,Habitat Protection,Far Northern Management Area,1,Far Northern
12-121,U/N Reef (12-121),143.745,-12.839,6207.517,Habitat Protection,Far Northern Management Area,1,Far Northern
12-122,Sunk Reef (12-122),143.646,-12.848,216.578,Habitat Protection,Far Northern Management Area,1,Far Northern
12-123,U/N Reef (12-123),143.794,-12.868,78.191,Habitat Protection,Far Northern Management Area,1,Far Northern
12-124,U/N Reef (12-124),143.598,-12.879,18.718,Habitat Protection,Far Northern Management Area,1,Far Northern
12-126,Frederick Patches (12-126),143.626,-12.879,319.831,Habitat Protection,Far Northern Management Area,1,Far Northern
12-129,Chapman Reef (12-129),143.6,-12.887,105.065,Habitat Protection,Far Northern Management Area,1,Far Northern
12-130,U/N Reef (12-130),143.768,-12.934,4521.444,Habitat Protection,Far Northern Management Area,1,Far Northern
12-133,U/N Reef (12-133),143.654,-12.929,27.611,Habitat Protection,Far Northern Management Area,1,Far Northern
12-135,U/N Reef (12-135),143.817,-12.949,30.331,Habitat Protection,Far Northern Management Area,1,Far Northern
12-139,U/N Reef (12-139),143.693,-12.952,17.1,Habitat Protection,Far Northern Management Area,1,Far Northern
12-142,U/N Reef (12-142),143.724,-12.995,40.46,Habitat Protection,Far Northern Management Area,1,Far Northern
12-145,Sherrard Reef (12-145),143.614,-12.99,118.168,Habitat Protection,Far Northern Management Area,1,Far Northern
12-146,U/N Reef (12-146),143.688,-12.995,503.216,Habitat Protection,Far Northern Management Area,1,Far Northern
12-149,U/N Reef (12-149),143.768,-12.509,16.399,Habitat Protection,Far Northern Management Area,1,Far Northern
12-150,U/N Reef (12-150),143.807,-12.164,8.737,Habitat Protection,Far Northern Management Area,1,Far Northern
13-009,Wilsen Shoal (13-009),143.866,-13.053,10.538,Habitat Protection,Far Northern Management Area,1,Far Northern
13-010a,U/N Reef (13-010a),143.88,-13.061,11.593,Habitat Protection,Far Northern Management Area,1,Far Northern
13-010b,U/N Reef (13-010b),143.882,-13.066,9.561,Habitat Protection,Far Northern Management Area,1,Far Northern
13-011,U/N Reef (13-011),143.819,-13.066,571.234,Habitat Protection,Far Northern Management Area,1,Far Northern
13-012,Stork Reef (13-012),143.556,-13.065,177.811,Habitat Protection,Far Northern Management Area,1,Far Northern
13-013,U/N Reef (13-013),143.524,-13.076,41.857,Habitat Protection,Far Northern Management Area,1,Far Northern
13-015,Franklin Reef (13-015),143.898,-13.076,198.56,Habitat Protection,Far Northern Management Area,1,Far Northern
13-016a,U/N Reef (13-016a),143.916,-13.079,17.018,Habitat Protection,Far Northern Management Area,1,Far Northern
13-016b,U/N Reef (13-016b),143.922,-13.083,5.703,Habitat Protection,Far Northern Management Area,1,Far Northern
13-017b,U/N Reef (13-017b),143.929,-13.079,19.859,Habitat Protection,Far Northern Management Area,1,Far Northern
13-017c,U/N Reef (13-017c),143.934,-13.079,18.153,Habitat Protection,Far Northern Management Area,1,Far Northern
13-019,U/N Reef (13-019),143.508,-13.111,602.142,Habitat Protection,Far Northern Management Area,1,Far Northern
13-020,Sykes Reef (13-020),143.558,-13.109,14.495,Habitat Protection,Far Northern Management Area,1,Far Northern
13-021,Colclough Reef (13-021),143.724,-13.107,2080.171,Habitat Protection,Far Northern Management Area,1,Far Northern
13-022,New Reef (13-022),143.658,-13.111,2200.843,Habitat Protection,Far Northern Management Area,1,Far Northern
13-023,Dart Shoal (13-023),143.749,-13.139,13.34,Habitat Protection,Far Northern Management Area,1,Far Northern
13-024,Glennie Reef (13-024),143.642,-13.152,65.385,Habitat Protection,Far Northern Management Area,1,Far Northern
13-025,Waterwitch Reef (13-025),143.616,-13.151,29.898,Habitat Protection,Far Northern Management Area,1,Far Northern
13-026,Gertrude Reef (13-026),143.661,-13.162,48.591,Habitat Protection,Far Northern Management Area,1,Far Northern
13-027,Jubilee Reef (13-027),143.762,-13.17,249.821,Habitat Protection,Far Northern Management Area,1,Far Northern
13-032,Diamond Reign Reefs (13-032),143.694,-13.205,2141.284,Habitat Protection,Far Northern Management Area,1,Far Northern
13-034,Binstead Reef (13-034),143.571,-13.218,58.478,Habitat Protection,Far Northern Management Area,1,Far Northern
13-035,U/N Reef (13-035),143.81,-13.186,297.164,Habitat Protection,Far Northern Management Area,1,Far Northern
13-037,U/N Reef (13-037),143.935,-13.25,34.782,Habitat Protection,Far Northern Management Area,1,Far Northern
13-038,U/N Reef (13-038),143.691,-13.257,46.558,Habitat Protection,Far Northern Management Area,1,Far Northern
13-041,Celebration Reef (13-041),143.694,-13.276,952.739,Habitat Protection,Far Northern Management Area,1,Far Northern
13-042,U/N Reef (13-042),143.531,-13.316,701.114,Habitat Protection,Far Northern Management Area,1,Far Northern
13-043,U/N Reef (13-043),143.539,-13.282,79.102,Habitat Protection,Far Northern Management Area,1,Far Northern
13-045,Lowrie Reef (13-045),143.596,-13.276,28.239,Habitat Protection,Far Northern Management Area,1,Far Northern
13-048,Bow Reef (13-048),143.673,-13.308,57.78,Habitat Protection,Far Northern Management Area,1,Far Northern
13-049,U/N Reef (13-049),143.89,-13.318,372.135,Habitat Protection,Far Northern Management Area,1,Far Northern
13-051,U/N Reef (13-051),143.557,-13.33,18.74,Habitat Protection,Far Northern Management Area,1,Far Northern
13-052,U/N Reef (13-052),143.724,-13.328,164.581,Habitat Protection,Far Northern Management Area,1,Far Northern
13-053,Treat Reef (13-053),143.601,-13.327,142.242,Habitat Protection,Far Northern Management Area,1,Far Northern
13-054,U/N Reef (13-054),143.573,-13.352,12.525,Habitat Protection,Far Northern Management Area,1,Far Northern
13-059,Ellis Reef (13-059),143.705,-13.38,770.749,Habitat Protection,Far Northern Management Area,1,Far Northern
13-063,U/N Reef (13-063),143.815,-13.423,2142.104,Habitat Protection,Far Northern Management Area,1,Far Northern
13-072,Morris Island Reef (13-072),143.739,-13.486,1540.278,Habitat Protection,Far Northern Management Area,1,Far Northern
13-075,MacDonald Reef (13-075),143.655,-13.542,21.06,Habitat Protection,Far Northern Management Area,1,Far Northern
13-078,U/N Reef (13-078),143.922,-13.641,264.86,Habitat Protection,Far Northern Management Area,1,Far Northern
13-079a,Noddy Reef (No 1) (13-079a),143.792,-13.682,4298.398,Habitat Protection,Far Northern Management Area,1,Far Northern
13-079b,Noddy Reef (No 2) (13-079b),143.825,-13.624,906.466,Habitat Protection,Far Northern Management Area,1,Far Northern
13-079c,Noddy Reef (No 3) (13-079c),143.908,-13.607,1427.856,Habitat Protection,Far Northern Management Area,1,Far Northern
13-080,U/N Reef (13-080),143.557,-13.638,1051.785,Habitat Protection,Far Northern Management Area,1,Far Northern
13-081,Fife Reef (13-081),143.731,-13.653,411.798,Habitat Protection,Far Northern Management Area,1,Far Northern
13-084,U/N Reef (13-084),143.817,-13.702,66.889,Habitat Protection,Far Northern Management Area,1,Far Northern
13-085,Frenchman Reef (13-085),143.564,-13.729,171.067,Habitat Protection,Far Northern Management Area,1,Far Northern
13-086,Poulsen Reef (13-086),143.639,-13.737,7.893,Habitat Protection,Far Northern Management Area,1,Far Northern
13-091,Wilkie Reef (13-091),143.64,-13.771,95.476,Habitat Protection,Far Northern Management Area,1,Far Northern
13-092,U/N Reef (13-092),143.544,-13.772,385.219,Habitat Protection,Far Northern Management Area,1,Far Northern
13-095,Sullivan Shoal (13-095),143.687,-13.846,130.599,Habitat Protection,Far Northern Management Area,1,Far Northern
13-096,Ballerina Shoal (13-096),143.778,-13.845,34.989,Habitat Protection,Far Northern Management Area,1,Far Northern
13-104,Kestrel Reef (13-104),143.892,-13.904,123.448,Habitat Protection,Far Northern Management Area,1,Far Northern
13-107,Pelican Island Reef (13-107),143.842,-13.915,418.633,Habitat Protection,Far Northern Management Area,1,Far Northern
13-111,Burkitt Reef (13-111),143.754,-13.944,116.21,Habitat Protection,Far Northern Management Area,1,Far Northern
13-113,Iris Reef (13-113),143.842,-13.96,280.43,Habitat Protection,Far Northern Management Area,1,Far Northern
13-118a,Creech Reef (North) (13-118a),144.104,-13.626,569.724,Habitat Protection,Far Northern Management Area,1,Far Northern
13-123,U/N Reef (13-123),144.135,-13.856,299.168,Habitat Protection,Far Northern Management Area,1,Far Northern
13-134,U/N Reef (13-134),143.618,-13.517,29.8,Habitat Protection,Far Northern Management Area,1,Far Northern
13-135,U/N Reef (13-135),143.604,-13.543,73.316,Habitat Protection,Far Northern Management Area,1,Far Northern
13-136,U/N Reef (13-136),143.806,-13.461,21.702,Habitat Protection,Far Northern Management Area,1,Far Northern
14-006,Fahey Reef (14-006),143.859,-14.064,34.207,Habitat Protection,Far Northern Management Area,1,Far Northern
14-008,Eden Reef (14-008),143.914,-14.078,93.998,Habitat Protection,Far Northern Management Area,1,Far Northern
14-022,Wharton Reef (14-022),144.002,-14.128,114.284,Habitat Protection,Far Northern Management Area,1,Far Northern
14-062,U/N Reef (14-062),144.961,-14.375,943.838,Habitat Protection,Far Northern Management Area,1,Far Northern
14-064,Ingram-Beanley Reef (14-064),144.89,-14.426,673.421,Habitat Protection,Far Northern Management Area,1,Far Northern
14-065,Bewick Reef (14-065),144.812,-14.433,78.549,Habitat Protection,Far Northern Management Area,1,Far Northern
14-066,Mid Reef (14-066),144.958,-14.457,1375.451,Habitat Protection,Far Northern Management Area,1,Far Northern
14-068,Watson Reef (14-068),144.893,-14.463,65.965,Habitat Protection,Far Northern Management Area,1,Far Northern
14-069,Wooden Patch (14-069),144.754,-14.476,55.702,Habitat Protection,Far Northern Management Area,1,Far Northern
14-072,Megaera Reef (14-072),144.958,-14.477,96.231,Habitat Protection,Far Northern Management Area,1,Far Northern
14-076,U/N Reef (14-076),145.182,-14.313,20.265,Habitat Protection,Far Northern Management Area,1,Far Northern
14-077b,U/N Reef (14-077b),145.235,-14.329,47.879,Habitat Protection,Far Northern Management Area,1,Far Northern
14-080,U/N Reef (14-080),145.018,-14.364,776.054,Habitat Protection,Far Northern Management Area,1,Far Northern
14-081,U/N Reef (14-081),145.035,-14.399,196.439,Habitat Protection,Far Northern Management Area,1,Far Northern
14-084,U/N Reef (14-084),145.044,-14.444,97.914,Habitat Protection,Far Northern Management Area,1,Far Northern
14-092,Newton Reef (14-092),144.916,-14.506,63.543,Habitat Protection,Far Northern Management Area,1,Far Northern
14-093,Sand Reef (14-093),144.845,-14.522,6.159,Habitat Protection,Far Northern Management Area,1,Far Northern
14-098a,Miles Reef (North) (14-098a),144.922,-14.541,10.781,Habitat Protection,Far Northern Management Area,1,Far Northern
14-098b,Miles Reef (South) (14-098b),144.919,-14.544,13.011,Habitat Protection,Far Northern Management Area,1,Far Northern
14-110,Underwood Shoal (14-110),145.466,-14.591,59.58,Habitat Protection,Northern Management Area,2,Northern
14-111,Covered Reef (14-111),145.178,-14.66,32.892,Habitat Protection,Northern Management Area,2,Northern
14-112,Stewart Shoal (14-112),145.468,-14.615,43.022,Habitat Protection,Northern Management Area,2,Northern
14-113,Petricola Shoal (14-113),145.48,-14.633,60.912,Habitat Protection,Northern Management Area,2,Northern
14-117,Gunga Shoal (14-117),145.2,-14.669,26.232,Habitat Protection,Northern Management Area,2,Northern
14-121,Crompton Shoals (14-121),145.276,-14.718,43.414,Habitat Protection,Northern Management Area,2,Northern
14-122a,Pethebridge Islets Reef (East) (14-122a),145.101,-14.731,15.454,Habitat Protection,Northern Management Area,2,Northern
14-122b,Pethebridge Islets Reef (West) (14-122b),145.083,-14.736,43.943,Habitat Protection,Northern Management Area,2,Northern
14-125,Maxwell Reef (14-125),145.316,-14.787,30.191,Habitat Protection,Northern Management Area,2,Northern
14-128,Sim Reef (14-128),145.283,-14.817,9.064,Habitat Protection,Northern Management Area,2,Northern
14-150,U/N Reef (14-150),145.557,-14.883,118.141,Habitat Protection,Northern Management Area,2,Northern
15-001,Ada Bank (15-001),145.464,-15.004,70.243,Habitat Protection,Northern Management Area,2,Northern
15-003,Low Wooded Reef (15-003),145.38,-15.094,87.977,Habitat Protection,Northern Management Area,2,Northern
15-006,Conical Rock Reef (15-006),145.318,-15.138,164.575,Habitat Protection,Northern Management Area,2,Northern
15-011,Petty Patch (15-011),145.342,-15.215,25.125,Habitat Protection,Northern Management Area,2,Northern
15-014a,Blackbird Patches (North) (15-014a),145.29,-15.478,6.178,Habitat Protection,Northern Management Area,2,Northern
15-014b,Blackbird Patches (South) (15-014b),145.289,-15.484,6.088,Habitat Protection,Northern Management Area,2,Northern
15-015,Tilbrook Bank (15-015),145.511,-15.006,79.903,Habitat Protection,Northern Management Area,2,Northern
15-016,Gull Reef (15-016),145.569,-15.005,58.527,Habitat Protection,Northern Management Area,2,Northern
15-017a,U/N Reef (15-017a),145.696,-15.034,359.196,Habitat Protection,Northern Management Area,2,Northern
15-017b,U/N Reef (15-017b),145.703,-15.045,9.871,Habitat Protection,Northern Management Area,2,Northern
15-017c,U/N Reef (15-017c),145.68,-15.024,15.893,Habitat Protection,Northern Management Area,2,Northern
15-020,Strickland Reef (15-020),145.518,-15.073,74.956,Habitat Protection,Northern Management Area,2,Northern
15-021b,U/N Reef (15-021b),145.705,-15.075,20.249,Habitat Protection,Northern Management Area,2,Northern
15-025,Harrier Reef (15-025),145.697,-15.137,160.365,Habitat Protection,Northern Management Area,2,Northern
15-044,U/N Reef (15-044),145.613,-15.428,272.119,Habitat Protection,Northern Management Area,2,Northern
15-045,U/N Reef (15-045),145.658,-15.43,41.166,Habitat Protection,Northern Management Area,2,Northern
15-047,U/N Reef (15-047),145.677,-15.462,445.362,Habitat Protection,Northern Management Area,2,Northern
15-051,Dawson Reef (15-051),145.328,-15.505,64.034,Habitat Protection,Northern Management Area,2,Northern
15-052,Cowlishaw Reef (15-052),145.353,-15.535,107.146,Habitat Protection,Northern Management Area,2,Northern
15-053,Draper Patch (15-053),145.303,-15.546,38.731,Habitat Protection,Northern Management Area,2,Northern
15-054,Rocky Island Reef (15-054),145.33,-15.602,32.542,Habitat Protection,Northern Management Area,2,Northern
15-055,U/N Reef (15-055),145.319,-15.613,120.09,Habitat Protection,Northern Management Area,2,Northern
15-056,Malcolm Patch (15-056),145.448,-15.625,36.301,Habitat Protection,Northern Management Area,2,Northern
15-057,Bee Reef (15-057),145.43,-15.64,127.077,Habitat Protection,Northern Management Area,2,Northern
15-058,U/N Reef (15-058),145.319,-15.644,221.011,Habitat Protection,Northern Management Area,2,Northern
15-060,Ottaway Patch (15-060),145.43,-15.707,1.877,Habitat Protection,Northern Management Area,2,Northern
15-061,Stonor Patch (15-061),145.438,-15.706,2.242,Habitat Protection,Northern Management Area,2,Northern
15-062,Delius Patch (15-062),145.405,-15.71,2.449,Habitat Protection,Northern Management Area,2,Northern
15-063,Gubbins Reef (15-063),145.395,-15.709,37.939,Habitat Protection,Northern Management Area,2,Northern
15-068,Lake Reef (15-068),145.395,-15.916,8.022,Habitat Protection,Northern Management Area,2,Northern
15-071a,U/N Reef (15-071a),145.534,-15.513,125.279,Habitat Protection,Northern Management Area,2,Northern
15-071b,U/N Reef (15-071b),145.546,-15.506,172.124,Habitat Protection,Northern Management Area,2,Northern
15-074,U/N Reef (15-074),145.641,-15.535,35.012,Habitat Protection,Northern Management Area,2,Northern
15-076,U/N Reef (15-076),145.593,-15.561,76.683,Habitat Protection,Northern Management Area,2,Northern
15-079,U/N Reef (15-079),145.768,-15.595,168.534,Habitat Protection,Northern Management Area,2,Northern
15-083,Gill Patches (15-083),145.508,-15.63,24.384,Habitat Protection,Northern Management Area,2,Northern
15-091a,U/N Reef (15-091a),145.775,-15.811,27.085,Habitat Protection,Northern Management Area,2,Northern
15-091b,U/N Reef (15-091b),145.773,-15.822,56.401,Habitat Protection,Northern Management Area,2,Northern
15-800,U/N Reef (15-800),145.693,-15.447,9.535,Habitat Protection,Northern Management Area,2,Northern
15-801,U/N Reef (15-801),145.656,-15.518,16.755,Habitat Protection,Northern Management Area,2,Northern
16-005,Black Rock Reef (16-005),145.486,-16.244,2.651,Habitat Protection,Northern Management Area,2,Northern
16-007,U/N Reef (16-007),145.426,-16.362,301.109,Habitat Protection,Northern Management Area,2,Northern
16-008a,U/N Reef (16-008a),145.427,-16.403,99.808,Habitat Protection,Northern Management Area,2,Northern
16-008b,U/N Reef (16-008b),145.42,-16.407,20.37,Habitat Protection,Northern Management Area,2,Northern
16-009a,U/N Reef (16-009a),145.414,-16.448,390.102,Habitat Protection,Northern Management Area,2,Northern
16-009b,U/N Reef (16-009b),145.419,-16.424,54.082,Habitat Protection,Northern Management Area,2,Northern
16-011,U/N Reef (16-011),145.764,-16.007,10.234,Habitat Protection,Northern Management Area,2,Northern
16-012a,Spitfire Reefs (West) (16-012a),145.62,-16.009,138.553,Habitat Protection,Northern Management Area,2,Northern
16-014a,U/N Reef (16-014a),145.7,-16.024,15.14,Habitat Protection,Northern Management Area,2,Northern
16-014b,U/N Reef (16-014b),145.71,-16.033,111.326,Habitat Protection,Northern Management Area,2,Northern
16-018b,U/N Reef (16-018b),145.747,-16.086,11.218,Habitat Protection,Northern Management Area,2,Northern
16-022a,U/N Reef (16-022a),145.645,-16.174,24.544,Habitat Protection,Northern Management Area,2,Northern
16-022b,U/N Reef (16-022b),145.637,-16.184,20.895,Habitat Protection,Northern Management Area,2,Northern
16-033,Linden Bank (16-033),146.002,-16.306,339.617,Habitat Protection,Northern Management Area,2,Northern
16-034,Spur Reef (16-034),146.046,-16.405,241.968,Habitat Protection,Northern Management Area,2,Northern
16-035,Onyx Reef (16-035),146.066,-16.439,86.541,Habitat Protection,Northern Management Area,2,Northern
16-036,Nicholas Reef (16-036),146.101,-16.494,142.404,Habitat Protection,Northern Management Area,2,Northern
16-047,Double Island Reef (16-047),145.684,-16.729,96.159,Habitat Protection,Northern Management Area,2,Northern
16-048,Haycock Reef (16-048),145.688,-16.734,86.439,Habitat Protection,Northern Management Area,2,Northern
16-052,U/N Reef (16-052),145.956,-16.9,7.885,Habitat Protection,Northern Management Area,2,Northern
16-056,U/N Reef (16-056),145.902,-16.982,6.034,Habitat Protection,Northern Management Area,2,Northern
16-058,Hope Reef (16-058),146.13,-16.527,152.247,Habitat Protection,Northern Management Area,2,Northern
16-061,Fin Reef (16-061),146.164,-16.609,41.61,Habitat Protection,Northern Management Area,2,Northern
16-062a,Pretty Patches (No 1) (16-062a),146.023,-16.643,31.764,Habitat Protection,Northern Management Area,2,Northern
16-062b,Pretty Patches (No 2) (16-062b),146.042,-16.624,142.062,Habitat Protection,Northern Management Area,2,Northern
16-062c,Pretty Patches (No 3) (16-062c),146.036,-16.646,33.234,Habitat Protection,Northern Management Area,2,Northern
16-066a,Jenny Louise Shoal (North) (16-066a),146.326,-16.734,127.909,Habitat Protection,Northern Management Area,2,Northern
16-066b,Jenny Louise Shoal (South) (16-066b),146.342,-16.754,76.735,Habitat Protection,Northern Management Area,2,Northern
16-069,Baines Patches (16-069),146.354,-16.805,306.043,Habitat Protection,Northern Management Area,2,Northern
16-075,Channel Reef (16-075),146.445,-16.945,1321.72,Habitat Protection,Northern Management Area,2,Northern
16-076,U/N Reef (16-076),146.484,-16.969,71.149,Habitat Protection,Northern Management Area,2,Northern
16-077,U/N Reef (16-077),146.449,-16.976,710.76,Habitat Protection,Northern Management Area,2,Northern
16-078,U/N Reef (16-078),146.485,-16.985,66.436,Habitat Protection,Northern Management Area,2,Northern
16-079,Outer Shoal (16-079),146.515,-16.994,237.637,Habitat Protection,Northern Management Area,2,Northern
16-087,U/N Reef (16-087),145.476,-16.246,115.546,Habitat Protection,Northern Management Area,2,Northern
16-088,U/N Reef (16-088),145.423,-16.353,25.136,Habitat Protection,Northern Management Area,2,Northern
16-093,U/N Reef (16-093),145.629,-16.705,2.956,Habitat Protection,Northern Management Area,2,Northern
16-094,U/N Reef (16-094),145.694,-16.776,0.89,Habitat Protection,Northern Management Area,2,Northern
16-096,U/N Reef (16-096),145.917,-16.865,0.33,Habitat Protection,Northern Management Area,2,Northern
16-097,U/N Reef (16-097),145.918,-16.864,0.092,Habitat Protection,Northern Management Area,2,Northern
16-098,U/N Reef (16-098),145.922,-16.865,1.214,Habitat Protection,Northern Management Area,2,Northern
16-099,U/N Reef (16-099),145.926,-16.866,0.887,Habitat Protection,Northern Management Area,2,Northern
16-100,U/N Reef (16-100),145.93,-16.868,1.383,Habitat Protection,Northern Management Area,2,Northern
16-102,U/N Reef (16-102),145.932,-16.871,0.255,Habitat Protection,Northern Management Area,2,Northern
16-103,U/N Reef (16-103),145.934,-16.873,0.856,Habitat Protection,Northern Management Area,2,Northern
16-104,U/N Reef (16-104),145.935,-16.874,0.083,Habitat Protection,Northern Management Area,2,Northern
16-105,U/N Reef (16-105),145.936,-16.875,0.474,Habitat Protection,Northern Management Area,2,Northern
16-106,U/N Reef (16-106),145.939,-16.878,1.171,Habitat Protection,Northern Management Area,2,Northern
16-107,U/N Reef (16-107),145.943,-16.882,0.199,Habitat Protection,Northern Management Area,2,Northern
16-108,U/N Reef (16-108),145.951,-16.89,2.589,Habitat Protection,Northern Management Area,2,Northern
16-109,U/N Reef (16-109),145.954,-16.891,0.61,Habitat Protection,Northern Management Area,2,Northern
16-110,U/N Reef (16-110),145.956,-16.894,2.287,Habitat Protection,Northern Management Area,2,Northern
16-112,U/N Reef (16-112),145.926,-16.955,21.126,Habitat Protection,Northern Management Area,2,Northern
16-113,U/N Reef (16-113),145.908,-16.973,2.293,Habitat Protection,Northern Management Area,2,Northern
16-800,U/N Reef (16-800),146.075,-16.605,37.581,Habitat Protection,Northern Management Area,2,Northern
16-801,U/N Reef (16-801),145.9,-16.995,17.307,Habitat Protection,Northern Management Area,2,Northern
17-001b,Sudbury Reef (No 2) (17-001b),146.195,-16.951,97.428,Habitat Protection,Northern Management Area,2,Northern
17-001c,Sudbury Reef (No 3) (17-001c),146.217,-16.953,13.947,Habitat Protection,Northern Management Area,2,Northern
17-001d,Sudbury Reef (No 4) (17-001d),146.211,-16.998,20.477,Habitat Protection,Northern Management Area,2,Northern
17-002a,Stagg Patches (North) (17-002a),146.129,-17.012,36.154,Habitat Protection,Northern Management Area,2,Northern
17-002b,Stagg Patches (South) (17-002b),146.131,-17.02,20.444,Habitat Protection,Northern Management Area,2,Northern
17-003a,Hervey Shoals (North) (17-003a),146.456,-16.999,903.209,Habitat Protection,Northern Management Area,2,Northern
17-009a,Tobias Spit (17-009a),146.01,-17.158,98.258,Habitat Protection,Northern Management Area,2,Northern
17-015,Jackson Patches (17-015),146.303,-17.279,716.194,Habitat Protection,Northern Management Area,2,Northern
17-016b,McCulloch Reef (No 2) (17-016b),146.466,-17.275,5.418,Habitat Protection,Northern Management Area,2,Northern
17-020a,U/N Reef (17-020a),146.479,-17.446,52.238,Habitat Protection,Northern Management Area,2,Northern
17-020b,U/N Reef (17-020b),146.46,-17.429,12.601,Habitat Protection,Northern Management Area,2,Northern
17-021a,U/N Reef (17-021a),146.455,-17.454,40.679,Habitat Protection,Northern Management Area,2,Northern
17-021b,U/N Reef (17-021b),146.463,-17.448,1.803,Habitat Protection,Northern Management Area,2,Northern
17-025,U/N Reef (17-025),146.494,-17.1,1025.578,Habitat Protection,Northern Management Area,2,Northern
17-026,U/N Reef (17-026),146.571,-17.139,90.991,Habitat Protection,Northern Management Area,2,Northern
17-029a,Mustard Patches (North) (17-029a),146.609,-17.262,206.536,Habitat Protection,Northern Management Area,2,Northern
17-029b,Mustard Patches (South) (17-029b),146.61,-17.286,219.328,Habitat Protection,Northern Management Area,2,Northern
17-030,Publican Shoals (South) (17-030),146.544,-17.31,228.162,Habitat Protection,Northern Management Area,2,Northern
17-031,U/N Reef (17-031),146.535,-17.354,244.148,Habitat Protection,Northern Management Area,2,Northern
17-033,U/N Reef (17-033),146.509,-17.443,21.858,Habitat Protection,Northern Management Area,2,Northern
17-038,Surprise Shoal (17-038),146.419,-17.608,114.779,Habitat Protection,Northern Management Area,2,Northern
17-039,U/N Reef (17-039),146.144,-17.641,57.104,Habitat Protection,Northern Management Area,2,Northern
17-040,Lindquist Reef (17-040),146.158,-17.654,49.44,Habitat Protection,Northern Management Area,2,Northern
17-041,Goudge Bank (17-041),146.382,-17.662,117.408,Habitat Protection,Northern Management Area,2,Northern
17-044,Ellison Reef (17-044),146.394,-17.722,2511.197,Habitat Protection,Northern Management Area,2,Northern
17-045,U/N Reef (17-045),146.107,-17.725,20.963,Habitat Protection,Northern Management Area,2,Northern
17-048,King Reefs (17-048),146.123,-17.773,1647.038,Habitat Protection,Northern Management Area,2,Northern
17-050,U/N Reef (17-050),146.103,-17.834,42.96,Habitat Protection,Northern Management Area,2,Northern
17-052,U/N Reef (17-052),146.117,-17.856,218.353,Habitat Protection,Northern Management Area,2,Northern
17-058,Armistice Reef (17-058),146.715,-17.67,146.701,Habitat Protection,Northern Management Area,2,Northern
17-059b,Potter Reef (No 2) (17-059b),146.554,-17.725,103.655,Habitat Protection,Northern Management Area,2,Northern
17-059c,Potter Reef (No 3) (17-059c),146.572,-17.694,191.097,Habitat Protection,Northern Management Area,2,Northern
17-060,U/N Reef (17-060),146.502,-17.739,244.067,Habitat Protection,Northern Management Area,2,Northern
17-061,U/N Reef (17-061),146.508,-17.75,527.564,Habitat Protection,Northern Management Area,2,Northern
17-063b,Farquharson Reef (No 2) (17-063b),146.542,-17.756,48.728,Habitat Protection,Northern Management Area,2,Northern
17-070,U/N Reef (17-070),146.157,-17.773,3.689,Habitat Protection,Northern Management Area,2,Northern
17-072,U/N Reef (17-072),146.485,-17.149,158.902,Habitat Protection,Northern Management Area,2,Northern
17-073,U/N Reef (17-073),146.681,-17.566,275.316,Habitat Protection,Northern Management Area,2,Northern
17-074,U/N Reef (17-074),145.898,-17.002,0.428,Habitat Protection,Northern Management Area,2,Northern
17-075,U/N Reef (17-075),145.9,-17.005,0.36,Habitat Protection,Northern Management Area,2,Northern
14-106,Rocky Ledges (14-106),144.953,-14.685,125.257,Marine National Park,Northern Management Area,2,Northern
14-107a,U/N Reef (14-107a),144.994,-14.712,24.986,Marine National Park,Northern Management Area,2,Northern
14-107b,U/N Reef (14-107b),144.986,-14.714,6.217,Marine National Park,Northern Management Area,2,Northern
14-108,U/N Reef (14-108),144.953,-14.718,158.926,Marine National Park,Northern Management Area,2,Northern
14-115,Nymph Reef (14-115),145.252,-14.655,130.963,Marine National Park,Northern Management Area,2,Northern
14-119a,Turtle Reef (North) (14-119a),145.166,-14.716,14.4,Marine National Park,Northern Management Area,2,Northern
14-119b,Turtle Reef (South) (14-119b),145.161,-14.721,4.399,Marine National Park,Northern Management Area,2,Northern
14-120a,Turtle Group Reef (No 1) (14-120a),145.187,-14.735,42.276,Marine National Park,Northern Management Area,2,Northern
14-120b,Turtle Group Reef (No 2) (14-120b),145.199,-14.735,79.092,Marine National Park,Northern Management Area,2,Northern
14-120c,Turtle Group Reef (No 3) (14-120c),145.179,-14.73,19.991,Marine National Park,Northern Management Area,2,Northern
14-120d,Turtle Group Reef (No 4) (14-120d),145.198,-14.721,59.456,Marine National Park,Northern Management Area,2,Northern
14-120e,Turtle Group Reef (No 5) (14-120e),145.204,-14.705,31.789,Marine National Park,Northern Management Area,2,Northern
14-120f,Turtle Group Reef (No 6) (14-120f),145.193,-14.714,16.725,Marine National Park,Northern Management Area,2,Northern
14-120g,Turtle Group Reef (No 7) (14-120g),145.19,-14.728,21.246,Marine National Park,Northern Management Area,2,Northern
14-120h,Turtle Group Reef (No 8) (14-120h),145.185,-14.718,11.855,Marine National Park,Northern Management Area,2,Northern
14-120j,Turtle Group Reef (No 9) (14-120j),145.208,-14.743,12.181,Marine National Park,Northern Management Area,2,Northern
14-124,U/N Reef (14-124),145.087,-14.78,641.506,Marine National Park,Northern Management Area,2,Northern
14-127a,U/N Reef (14-127a),145.14,-14.788,10.571,Marine National Park,Northern Management Area,2,Northern
14-127b,U/N Reef (14-127b),145.136,-14.798,13.668,Marine National Park,Northern Management Area,2,Northern
14-129a,U/N Reef (14-129a),145.182,-14.816,10.669,Marine National Park,Northern Management Area,2,Northern
14-129b,U/N Reef (14-129b),145.189,-14.822,10.534,Marine National Park,Northern Management Area,2,Northern
14-131,Decapolis Reef (14-131),145.273,-14.85,16.221,Marine National Park,Northern Management Area,2,Northern
14-163,U/N Reef (14-163),145.454,-14.909,41.787,Marine National Park,Northern Management Area,2,Northern
15-005,Three Islands Reef (15-005),145.422,-15.115,165.306,Marine National Park,Northern Management Area,2,Northern
15-034,U/N Reef (15-034),145.764,-15.313,408.365,Marine National Park,Northern Management Area,2,Northern
15-035,U/N Reef (15-035),145.639,-15.319,26.099,Marine National Park,Northern Management Area,2,Northern
15-036,U/N Reef (15-036),145.647,-15.331,81.861,Marine National Park,Northern Management Area,2,Northern
15-042,U/N Reef (15-042),145.772,-15.41,58.755,Marine National Park,Northern Management Area,2,Northern
15-059b,U/N Reef (15-059b),145.367,-15.775,48.59,Marine National Park,Northern Management Area,2,Northern
15-059c,U/N Reef (15-059c),145.36,-15.785,22.151,Marine National Park,Northern Management Area,2,Northern
15-059d,U/N Reef (15-059d),145.357,-15.797,50.089,Marine National Park,Northern Management Area,2,Northern
15-059e,U/N Island (15-059e),145.363,-15.779,0.089,Marine National Park,Northern Management Area,2,Northern
15-069,U/N Reef (15-069),145.436,-15.993,135.754,Marine National Park,Northern Management Area,2,Northern
16-001,U/N Reef (16-001),145.457,-16.029,150.835,Marine National Park,Northern Management Area,2,Northern
16-002,U/N Reef (16-002),145.469,-16.071,59.272,Marine National Park,Northern Management Area,2,Northern
16-013c,U/N Reef (16-013c),145.808,-16.034,8.539,Marine National Park,Northern Management Area,2,Northern
16-045b,Unity Reef (No 2) (16-045b),145.581,-16.655,8.538,Marine National Park,Northern Management Area,2,Northern
16-053,U/N Reef (16-053),145.949,-16.908,14.453,Marine National Park,Northern Management Area,2,Northern
16-059,U/N Reef (16-059),146.001,-16.568,35.446,Marine National Park,Northern Management Area,2,Northern
16-090,U/N Reef (16-090),145.539,-16.616,2.271,Marine National Park,Northern Management Area,2,Northern
16-111,U/N Reef (16-111),145.934,-16.936,6.759,Marine National Park,Northern Management Area,2,Northern
16-118,U/N Reef (16-118),145.648,-16.317,301.812,Marine National Park,Northern Management Area,2,Northern
17-003b,Hervey Shoals (South) (17-003b),146.461,-17.037,697.878,Marine National Park,Northern Management Area,2,Northern
17-005,Stevens Reef (17-005),146.41,-17.099,239.274,Marine National Park,Northern Management Area,2,Northern
17-007,U/N Reef (17-007),146.421,-17.121,56.581,Marine National Park,Northern Management Area,2,Northern
17-027,Raaf Shoals (17-027),146.542,-17.191,934.711,Marine National Park,Northern Management Area,2,Northern
17-028,Publican Shoals (North) (17-028),146.546,-17.266,104.164,Marine National Park,Northern Management Area,2,Northern
17-046,Sisters-Stephens Reef (17-046),146.154,-17.75,340.235,Marine National Park,Northern Management Area,2,Northern
17-049,U/N Reef (17-049),146.105,-17.811,109.52,Marine National Park,Northern Management Area,2,Northern
17-053,Stingaree Reefs (17-053),146.151,-17.952,176.708,Marine National Park,Central Management Area,3,Central
17-068,Moss Reef (17-068),146.795,-17.946,695.689,Marine National Park,Central Management Area,3,Central
18-005,Smith-Bowden Reef (18-005),146.2,-18.04,77.47,Marine National Park,Central Management Area,3,Central
18-006,Hudson (Coolah) Reef (18-006),146.203,-18.051,49.966,Marine National Park,Central Management Area,3,Central
18-008,Brook Islands Reef (18-008),146.29,-18.149,146.975,Marine National Park,Central Management Area,3,Central
18-009,Brook Shoal (18-009),146.267,-18.156,22.244,Marine National Park,Central Management Area,3,Central
18-014,Hinchinbrook Reef (18-014),146.316,-18.359,391.271,Marine National Park,Central Management Area,3,Central
18-015,Agnes Reef (18-015),146.328,-18.355,16.399,Marine National Park,Central Management Area,3,Central
18-016,Virginia Chadwick Reef (18-016),146.838,-18.004,685.86,Marine National Park,Central Management Area,3,Central
18-021,U/N Reef (18-021),146.748,-18.107,176.945,Marine National Park,Central Management Area,3,Central
18-022,Felicity Wishart Reef (18-022),146.766,-18.117,742.934,Marine National Park,Central Management Area,3,Central
18-046,Coil Reef (18-046),147.522,-18.435,222.958,Marine National Park,Central Management Area,3,Central
18-049d,Orpheus (Goolboddi) Island Reef (No 4) (18-049d),146.506,-18.639,50.493,Marine National Park,Central Management Area,3,Central
18-051,Pandora Reef (18-051),146.434,-18.812,23.778,Marine National Park,Central Management Area,3,Central
18-052b,Curacoa (Noogoo) Reef (No 2) (18-052b),146.555,-18.678,240.18,Marine National Park,Central Management Area,3,Central
18-082,Cowboys Reef (18-082),147.841,-18.582,822.228,Marine National Park,Central Management Area,3,Central
18-084b,Cup Reef (South) (18-084b),147.598,-18.642,416.568,Marine National Park,Central Management Area,3,Central
18-085b,Spoon Reef (South) (18-085b),147.564,-18.669,59.997,Marine National Park,Central Management Area,3,Central
18-089,Anzac Reefs (No 2) (18-089),147.889,-18.721,291.314,Marine National Park,Central Management Area,3,Central
18-094,Anzac Reefs (No 6) (18-094),147.874,-18.774,505.353,Marine National Park,Central Management Area,3,Central
18-102,U/N Reef (18-102),147.921,-18.895,457.677,Marine National Park,Central Management Area,3,Central
18-119,Lion Reef (18-119),148.377,-18.951,133.465,Marine National Park,Central Management Area,3,Central
18-120,Jaguar Reef (18-120),148.427,-18.976,352.202,Marine National Park,Central Management Area,3,Central
18-125,U/N Reef (18-125),147.417,-18.548,37.911,Marine National Park,Central Management Area,3,Central
18-126,U/N Reef (18-126),147.442,-18.552,752.662,Marine National Park,Central Management Area,3,Central
18-127,U/N Reef (18-127),147.478,-18.565,10.168,Marine National Park,Central Management Area,3,Central
18-128,U/N Reef (18-128),147.582,-18.425,188.606,Marine National Park,Central Management Area,3,Central
18-129,U/N Reef (18-129),147.802,-18.491,2018.327,Marine National Park,Central Management Area,3,Central
18-135,U/N Reef (18-135),148.392,-18.877,408.876,Marine National Park,Central Management Area,3,Central
18-136,U/N Reef (18-136),148.443,-18.894,291.133,Marine National Park,Central Management Area,3,Central
18-137,U/N Reef (18-137),148.483,-18.906,132.75,Marine National Park,Central Management Area,3,Central
19-009c,Magnetic Island Reef (No 2) (19-009c),146.865,-19.154,37.381,Marine National Park,Central Management Area,3,Central
19-009d,Magnetic Island Reef (No 3) (19-009d),146.881,-19.122,5.156,Marine National Park,Central Management Area,3,Central
19-009e,Magnetic Island Reef (No 4) (19-009e),146.882,-19.117,12.381,Marine National Park,Central Management Area,3,Central
19-009g,Magnetic Island Reef (No 6) (19-009g),146.815,-19.116,7.373,Marine National Park,Central Management Area,3,Central
19-009h,Magnetic Island Reef (No 7) (19-009h),146.833,-19.109,14.413,Marine National Park,Central Management Area,3,Central
19-022,Wilson Shoal (19-022),147.943,-19.359,253.61,Marine National Park,Central Management Area,3,Central
19-050,Leopard Reef (19-050),148.692,-19.086,874.264,Marine National Park,Central Management Area,3,Central
19-051,U/N Reef (19-051),148.689,-19.112,544.656,Marine National Park,Central Management Area,3,Central
19-052,U/N Reef (19-052),148.907,-19.119,900.868,Marine National Park,Central Management Area,3,Central
19-053,U/N Reef (19-053),148.82,-19.127,620.388,Marine National Park,Central Management Area,3,Central
19-055,U/N Reef (19-055),148.871,-19.146,117.882,Marine National Park,Central Management Area,3,Central
19-056,U/N Reef (19-056),148.929,-19.166,235.625,Marine National Park,Central Management Area,3,Central
19-057,U/N Reef (19-057),148.594,-19.198,118.33,Marine National Park,Central Management Area,3,Central
19-058,U/N Reef (19-058),148.96,-19.19,207.311,Marine National Park,Central Management Area,3,Central
19-059,U/N Reef (19-059),148.88,-19.188,156.693,Marine National Park,Central Management Area,3,Central
19-060,U/N Reef (19-060),148.612,-19.203,15.783,Marine National Park,Central Management Area,3,Central
19-062,U/N Reef (19-062),148.816,-19.209,566.094,Marine National Park,Central Management Area,3,Central
19-063b,Kangaroo Reef (West) (19-063b),148.551,-19.26,249.442,Marine National Park,Central Management Area,3,Central
19-064,U/N Reef (19-064),148.985,-19.276,1018.819,Marine National Park,Central Management Area,3,Central
19-065,U/N Reef (19-065),148.632,-19.32,1035.044,Marine National Park,Central Management Area,3,Central
19-066,U/N Reef (19-066),148.632,-19.342,450.74,Marine National Park,Central Management Area,3,Central
19-077,U/N Reef (19-077),149.02,-19.205,675.245,Marine National Park,Central Management Area,3,Central
19-078,U/N Reef (19-078),149.094,-19.227,728.037,Marine National Park,Central Management Area,3,Central
19-109b,Fairey Reef (No 2) (19-109b),148.936,-19.561,200.03,Marine National Park,Central Management Area,3,Central
19-109c,Fairey Reef (No 3) (19-109c),148.944,-19.579,32.844,Marine National Park,Central Management Area,3,Central
19-113,U/N Reef (19-113),149.002,-19.528,30.819,Marine National Park,Central Management Area,3,Central
19-133,Sinker Reef (19-133),149.199,-19.719,35.514,Marine National Park,Central Management Area,3,Central
19-140,Gable Reef (19-140),149.743,-19.53,510.502,Marine National Park,Central Management Area,3,Central
19-143,U/N Reef (19-143),149.708,-19.585,30.883,Marine National Park,Central Management Area,3,Central
19-148,Eave Reef (19-148),149.77,-19.603,67.871,Marine National Park,Central Management Area,3,Central
19-149,Brick Reef (19-149),149.725,-19.61,265.58,Marine National Park,Central Management Area,3,Central
19-150,U/N Reef (19-150),149.725,-19.624,14.343,Marine National Park,Central Management Area,3,Central
19-154,U/N Reef (19-154),149.843,-19.642,7.906,Marine National Park,Central Management Area,3,Central
19-159,Slate Reef (19-159),149.926,-19.667,377.304,Marine National Park,Central Management Area,3,Central
19-160,U/N Reef (19-160),149.952,-19.659,32.721,Marine National Park,Central Management Area,3,Central
19-166,U/N Reef (19-166),149.91,-19.699,1.63,Marine National Park,Central Management Area,3,Central
19-167,Thatch Reef (19-167),149.978,-19.693,259.296,Marine National Park,Central Management Area,3,Central
19-175,U/N Reef (19-175),149.925,-19.709,9.321,Marine National Park,Central Management Area,3,Central
19-176,U/N Reef (19-176),149.976,-19.719,175.797,Marine National Park,Central Management Area,3,Central
19-178,U/N Reef (19-178),149.961,-19.737,197.424,Marine National Park,Central Management Area,3,Central
19-206,U/N Reef (19-206),150.007,-19.71,453.602,Marine National Park,Central Management Area,3,Central
19-247,U/N Reef (19-247),149.672,-19.538,7.335,Marine National Park,Central Management Area,3,Central
19-249,U/N Reef (19-249),149.685,-19.564,20.018,Marine National Park,Central Management Area,3,Central
19-250,U/N Reef (19-250),149.7,-19.503,1237.843,Marine National Park,Central Management Area,3,Central
19-251,U/N Reef (19-251),149.701,-19.546,753.708,Marine National Park,Central Management Area,3,Central
19-259,U/N Reef (19-259),149.798,-19.568,67.983,Marine National Park,Central Management Area,3,Central
19-264,U/N Reef (19-264),149.908,-19.678,31.107,Marine National Park,Central Management Area,3,Central
19-265,U/N Reef (19-265),149.918,-19.651,68.805,Marine National Park,Central Management Area,3,Central
19-266,U/N Reef (19-266),149.95,-19.664,1.046,Marine National Park,Central Management Area,3,Central
19-267,U/N Reef (19-267),149.997,-19.724,6.095,Marine National Park,Central Management Area,3,Central
19-268,U/N Reef (19-268),150.042,-19.716,18.797,Marine National Park,Central Management Area,3,Central
19-281,U/N Reef (19-281),148.595,-19.323,214.578,Marine National Park,Central Management Area,3,Central
19-282,U/N Reef (19-282),148.607,-19.332,30.601,Marine National Park,Central Management Area,3,Central
19-283,U/N Reef (19-283),148.65,-19.072,102.755,Marine National Park,Central Management Area,3,Central
19-284,U/N Reef (19-284),148.68,-19.173,64.036,Marine National Park,Central Management Area,3,Central
19-288,U/N Reef (19-288),148.963,-19.284,244.159,Marine National Park,Central Management Area,3,Central
19-291,U/N Reef (19-291),149.033,-19.115,893.691,Marine National Park,Central Management Area,3,Central
19-292,U/N Reef (19-292),149.111,-19.136,709.837,Marine National Park,Central Management Area,3,Central
19-295,U/N Reef (19-295),149.166,-19.245,440.626,Marine National Park,Central Management Area,3,Central
19-306,U/N Reef (19-306),149.279,-19.216,1192.242,Marine National Park,Central Management Area,3,Central
19-802,Sand Island (19-802),147.37,-19.351,47.924,Marine National Park,Central Management Area,3,Central
20-022,Armit Island Reef (20-022),148.652,-20.108,60.351,Marine National Park,Central Management Area,3,Central
20-023,U/N Reef (20-023),148.664,-20.109,1.36,Marine National Park,Central Management Area,3,Central
20-029,Low Island Reef (20-029),148.58,-20.146,11.865,Marine National Park,Central Management Area,3,Central
20-042a,South Molle Reef (No 1) (20-042a),148.841,-20.276,61.561,Marine National Park,Central Management Area,3,Central
20-044,Denman Reef (20-044),148.849,-20.282,4.623,Marine National Park,Central Management Area,3,Central
20-054,East Rocks Reef (20-054),148.861,-20.336,1.508,Marine National Park,Central Management Area,3,Central
20-060e,Long Island Reef (No 5) (20-060e),148.862,-20.391,36.606,Marine National Park,Central Management Area,3,Central
20-061,Pine Island Reef (20-061),148.886,-20.375,29.075,Marine National Park,Central Management Area,3,Central
20-063,Three Fathom Patch (20-063),148.861,-20.414,32.218,Marine National Park,Central Management Area,3,Central
20-064,Cow Reef (20-064),148.842,-20.423,28.221,Marine National Park,Central Management Area,3,Central
20-065a,Calf Reef (No 1) (20-065a),148.844,-20.429,71.115,Marine National Park,Central Management Area,3,Central
20-065b,Calf Reef (No 2) (20-065b),148.85,-20.426,0.066,Marine National Park,Central Management Area,3,Central
20-065c,Calf Reef (No 3) (20-065c),148.851,-20.427,0.027,Marine National Park,Central Management Area,3,Central
20-066,Long Shoal (20-066),148.938,-20.489,204.558,Marine National Park,Central Management Area,3,Central
20-070,Esk Island Reef (20-070),149.041,-20.234,17.301,Marine National Park,Central Management Area,3,Central
20-078e,Haslewood Island Reef (No 5) (20-078e),149.099,-20.28,321.913,Marine National Park,Central Management Area,3,Central
20-078f,Lupton Reef (20-078f),149.112,-20.276,62.259,Marine National Park,Central Management Area,3,Central
20-078g,Cashell Reef (20-078g),149.105,-20.264,60.714,Marine National Park,Central Management Area,3,Central
20-078h,Haslewood Island Reef (No 6) (20-078h),149.088,-20.302,14.522,Marine National Park,Central Management Area,3,Central
20-090d,Lindeman Island Reef (No 4) (20-090d),149.042,-20.436,20.308,Marine National Park,Central Management Area,3,Central
20-091,Baynham Reef (20-091),149.102,-20.435,3.618,Marine National Park,Central Management Area,3,Central
20-093,Comston Reef (20-093),149.106,-20.464,10.278,Marine National Park,Central Management Area,3,Central
20-096,Mansell Reef (20-096),149.126,-20.471,29.17,Marine National Park,Central Management Area,3,Central
20-100,Triangle Island Reef (20-100),149.111,-20.49,4.683,Marine National Park,Central Management Area,3,Central
20-102a,Shaw Island Reef (No 1) (20-102a),149.081,-20.437,31.255,Marine National Park,Central Management Area,3,Central
20-102e,Shaw Island Reef (No 6) (20-102e),149.07,-20.507,2.666,Marine National Park,Central Management Area,3,Central
20-102f,Shaw Island Reef (No 7) (20-102f),149.09,-20.487,14.373,Marine National Park,Central Management Area,3,Central
20-102g,Shaw Island Reef (No 8) (20-102g),149.099,-20.484,15.406,Marine National Park,Central Management Area,3,Central
20-102h,Shaw Island Reef (No 9) (20-102h),149.086,-20.459,15.386,Marine National Park,Central Management Area,3,Central
20-102i,Shaw Island Reef (No 5) (20-102i),149.061,-20.52,43.609,Marine National Park,Central Management Area,3,Central
20-102k,Shaw Island Reef (No 10) (20-102k),149.083,-20.442,9.497,Marine National Park,Central Management Area,3,Central
20-102l,Shaw Island Reef (No 12) (20-102l),149.089,-20.427,2.978,Marine National Park,Central Management Area,3,Central
20-106a,Peta Patches (No 1) (20-106a),149.947,-20.036,31.366,Marine National Park,Central Management Area,3,Central
20-106b,Peta Patches (No 2) (20-106b),149.941,-20.032,14.627,Marine National Park,Central Management Area,3,Central
20-106c,Peta Patches (No 3) (20-106c),149.95,-20.041,13.114,Marine National Park,Central Management Area,3,Central
20-106d,Peta Patches (No 4) (20-106d),149.954,-20.034,30.485,Marine National Park,Central Management Area,3,Central
20-107,U/N Reef (20-107),149.948,-20.058,27.378,Marine National Park,Central Management Area,3,Central
20-108,U/N Reef (20-108),149.96,-20.061,29.906,Marine National Park,Central Management Area,3,Central
20-109,U/N Reef (20-109),149.934,-20.063,132.013,Marine National Park,Central Management Area,3,Central
20-110,U/N Reef (20-110),149.926,-20.102,32.771,Marine National Park,Central Management Area,3,Central
20-111,Edgell Reefs (No 2) (20-111),149.992,-20.055,1312.583,Marine National Park,Central Management Area,3,Central
20-112,Edgell Reefs (No 5) (20-112),149.937,-20.134,1253.83,Marine National Park,Central Management Area,3,Central
20-116,Edgell Reefs (No 1) (20-116),150.014,-20.024,23.432,Marine National Park,Central Management Area,3,Central
20-117,Edgell Reefs (No 3) (20-117),150.024,-20.068,1641.15,Marine National Park,Central Management Area,3,Central
20-128,Edgell Reefs (No 4) (20-128),150.01,-20.12,2566.089,Marine National Park,Central Management Area,3,Central
20-129,Henderson Reefs (20-129),150.072,-20.19,11649.272,Marine National Park,Central Management Area,3,Central
20-134,Hunt Reef (20-134),150.103,-20.296,3662.497,Marine National Park,Central Management Area,3,Central
20-136,Robertson Reefs (No 2) (20-136),150.068,-20.35,630.708,Marine National Park,Central Management Area,3,Central
20-137,Robertson Reefs (No 3) (20-137),150.096,-20.349,327.184,Marine National Park,Central Management Area,3,Central
20-138,Bax Reef (20-138),150.198,-20.342,6226.065,Marine National Park,Central Management Area,3,Central
20-139,Robertson Reefs (No 4) (20-139),150.073,-20.369,38.146,Marine National Park,Central Management Area,3,Central
20-140,Nixon Reef (20-140),150.125,-20.401,138.068,Marine National Park,Central Management Area,3,Central
20-141,U/N Reef (20-141),150.202,-20.407,61.687,Marine National Park,Central Management Area,3,Central
20-142,U/N Reef (20-142),150.237,-20.402,217.622,Marine National Park,Central Management Area,3,Central
20-231,Volskow Reef (20-231),149.089,-20.506,1.462,Marine National Park,Central Management Area,3,Central
20-232,Keyser Reef (20-232),149.085,-20.522,24.314,Marine National Park,Central Management Area,3,Central
20-233,Long Rock Reef (20-233),149.087,-20.533,5.447,Marine National Park,Central Management Area,3,Central
20-402,Sheriff Shoal (20-402),150.146,-20.244,57.646,Marine National Park,Central Management Area,3,Central
20-582,U/N Reef (20-582),149.887,-20.006,125.649,Marine National Park,Central Management Area,3,Central
20-583,U/N Reef (20-583),149.935,-20.17,19.658,Marine National Park,Central Management Area,3,Central
20-585,U/N Reef (20-585),149.96,-20.016,30.82,Marine National Park,Central Management Area,3,Central
20-586,U/N Reef (20-586),149.968,-20.147,54.903,Marine National Park,Central Management Area,3,Central
20-587,U/N Reef (20-587),149.973,-20.026,9.7,Marine National Park,Central Management Area,3,Central
20-588,U/N Reef (20-588),150.062,-20.279,0.419,Marine National Park,Central Management Area,3,Central
20-636,U/N Reef (20-636),148.9,-20.478,18.097,Marine National Park,Central Management Area,3,Central
20-637,U/N Reef (20-637),148.905,-20.504,54.793,Marine National Park,Central Management Area,3,Central
20-830,U/N Reef (20-830),148.892,-20.485,1.536,Marine National Park,Central Management Area,3,Central
20-854,U/N Reef (20-854),149.942,-20.05,6.253,Marine National Park,Central Management Area,3,Central
10-361,U/N Reef (10-361),143.404,-10.849,200.301,Marine National Park,Far Northern Management Area,1,Far Northern
10-367,U/N Reef (10-367),143.383,-10.905,417.242,Marine National Park,Far Northern Management Area,1,Far Northern
10-378,U/N Reef (10-378),143.511,-10.906,526.451,Marine National Park,Far Northern Management Area,1,Far Northern
10-381,U/N Reef (10-381),143.964,-10.688,1129.532,Marine National Park,Far Northern Management Area,1,Far Northern
10-385,U/N Reef (10-385),143.959,-10.725,155.828,Marine National Park,Far Northern Management Area,1,Far Northern
10-386,U/N Reef (10-386),143.98,-10.723,454.865,Marine National Park,Far Northern Management Area,1,Far Northern
10-389,U/N Reef (10-389),143.965,-10.734,119.053,Marine National Park,Far Northern Management Area,1,Far Northern
10-390,U/N Reef (10-390),143.973,-10.74,326.691,Marine National Park,Far Northern Management Area,1,Far Northern
10-391,Triangle Reef (10-391),143.982,-10.755,1797.769,Marine National Park,Far Northern Management Area,1,Far Northern
10-398,U/N Reef (10-398),143.976,-10.778,394.946,Marine National Park,Far Northern Management Area,1,Far Northern
10-399,U/N Reef (10-399),143.985,-10.786,421.733,Marine National Park,Far Northern Management Area,1,Far Northern
10-402,U/N Reef (10-402),144.007,-10.805,814.232,Marine National Park,Far Northern Management Area,1,Far Northern
10-408,U/N Reef (10-408),143.659,-10.856,169.566,Marine National Park,Far Northern Management Area,1,Far Northern
10-411b,U/N Reef (10-411b),143.587,-10.852,4613.793,Marine National Park,Far Northern Management Area,1,Far Northern
10-413,U/N Reef (10-413),143.552,-10.896,464.268,Marine National Park,Far Northern Management Area,1,Far Northern
10-415,U/N Reef (10-415),143.573,-10.912,184.745,Marine National Park,Far Northern Management Area,1,Far Northern
10-417,U/N Reef (10-417),143.467,-10.882,907.868,Marine National Park,Far Northern Management Area,1,Far Northern
10-423,U/N Reef (10-423),143.663,-10.904,1110.567,Marine National Park,Far Northern Management Area,1,Far Northern
10-425,U/N Reef (10-425),143.534,-10.914,507.454,Marine National Park,Far Northern Management Area,1,Far Northern
10-428a,U/N Reef (10-428a),143.999,-10.836,41.566,Marine National Park,Far Northern Management Area,1,Far Northern
10-428b,U/N Reef (10-428b),144.009,-10.83,43.89,Marine National Park,Far Northern Management Area,1,Far Northern
10-436,U/N Reef (10-436),143.38,-10.84,6.821,Marine National Park,Far Northern Management Area,1,Far Northern
10-437,U/N Reef (10-437),143.446,-10.898,227.487,Marine National Park,Far Northern Management Area,1,Far Northern
10-443,U/N Reef (10-443),143.956,-10.742,1.734,Marine National Park,Far Northern Management Area,1,Far Northern
10-807,U/N Reef (10-807),143.953,-10.685,22.65,Marine National Park,Far Northern Management Area,1,Far Northern
11-012,U/N Reef (11-012),142.866,-11.373,109.286,Marine National Park,Far Northern Management Area,1,Far Northern
11-013,Halfway Islet Reef (11-013),142.965,-11.385,115.165,Marine National Park,Far Northern Management Area,1,Far Northern
11-014,Pearn Reef (11-014),142.935,-11.435,13.88,Marine National Park,Far Northern Management Area,1,Far Northern
11-015,U/N Reef (11-015),142.841,-11.424,108.728,Marine National Park,Far Northern Management Area,1,Far Northern
11-026,Sinclair Reef (11-026),143.028,-11.117,225.972,Marine National Park,Far Northern Management Area,1,Far Northern
11-027,U/N Reef (11-027),143.001,-11.129,8.483,Marine National Park,Far Northern Management Area,1,Far Northern
11-034,U/N Reef (11-034),143.1,-11.174,1283.074,Marine National Park,Far Northern Management Area,1,Far Northern
11-038,Douglas Islet Reef (11-038),143.001,-11.243,204.561,Marine National Park,Far Northern Management Area,1,Far Northern
11-046,U/N Reef (11-046),143.126,-11.319,136.966,Marine National Park,Far Northern Management Area,1,Far Northern
11-047,U/N Reef (11-047),143.128,-11.342,383.065,Marine National Park,Far Northern Management Area,1,Far Northern
11-048b,Turning Point Patches (No 2) (11-048b),143.546,-11.368,6178.973,Marine National Park,Far Northern Management Area,1,Far Northern
11-050,U/N Reef (11-050),143.161,-11.377,890.442,Marine National Park,Far Northern Management Area,1,Far Northern
11-051,U/N Reef (11-051),143.073,-11.37,16.226,Marine National Park,Far Northern Management Area,1,Far Northern
11-052,Cholmondeley Reef (11-052),143.07,-11.39,856.57,Marine National Park,Far Northern Management Area,1,Far Northern
11-053,Jardine Reef (11-053),143.035,-11.385,167.108,Marine National Park,Far Northern Management Area,1,Far Northern
11-054,U/N Reef (11-054),143.165,-11.434,1097.263,Marine National Park,Far Northern Management Area,1,Far Northern
11-055,Wallace Islet Reef (11-055),143.042,-11.454,477.186,Marine National Park,Far Northern Management Area,1,Far Northern
11-056c,U/N Reef (11-056c),143.31,-11.397,3318.395,Marine National Park,Far Northern Management Area,1,Far Northern
11-056d,U/N Reef (11-056d),143.378,-11.46,719.233,Marine National Park,Far Northern Management Area,1,Far Northern
11-057,Cochin Reef (11-057),143.439,-11.431,2090.322,Marine National Park,Far Northern Management Area,1,Far Northern
11-059,Monkman Reef (11-059),143.157,-11.472,718.749,Marine National Park,Far Northern Management Area,1,Far Northern
11-060,U/N Reef (11-060),143.075,-11.482,199.688,Marine National Park,Far Northern Management Area,1,Far Northern
11-061,Little Boydong Reef (11-061),143.041,-11.489,304.017,Marine National Park,Far Northern Management Area,1,Far Northern
11-062,Boydong Island Reef (11-062),143.029,-11.498,493.781,Marine National Park,Far Northern Management Area,1,Far Northern
11-070a,Maclennan Reef (No 1) (11-070a),143.798,-11.315,511.561,Marine National Park,Far Northern Management Area,1,Far Northern
11-070b,Maclennan Reef (No 2) (11-070b),143.675,-11.253,6394.816,Marine National Park,Far Northern Management Area,1,Far Northern
11-070c,Maclennan Reef (No 3) (11-070c),143.819,-11.256,2829.841,Marine National Park,Far Northern Management Area,1,Far Northern
11-072,U/N Reef (11-072),143.996,-11.283,81.007,Marine National Park,Far Northern Management Area,1,Far Northern
11-073,U/N Reef (11-073),144.006,-11.282,62.58,Marine National Park,Far Northern Management Area,1,Far Northern
11-074,U/N Reef (11-074),143.996,-11.295,192.182,Marine National Park,Far Northern Management Area,1,Far Northern
11-075,U/N Reef (11-075),143.979,-11.295,80.665,Marine National Park,Far Northern Management Area,1,Far Northern
11-076,U/N Reef (11-076),143.981,-11.309,82.619,Marine National Park,Far Northern Management Area,1,Far Northern
11-077,U/N Reef (11-077),143.962,-11.322,638.962,Marine National Park,Far Northern Management Area,1,Far Northern
11-078,U/N Reef (11-078),143.982,-11.328,17.548,Marine National Park,Far Northern Management Area,1,Far Northern
11-079,U/N Reef (11-079),143.506,-11.308,563.18,Marine National Park,Far Northern Management Area,1,Far Northern
11-080,U/N Reef (11-080),143.672,-11.305,1209.356,Marine National Park,Far Northern Management Area,1,Far Northern
11-081,U/N Reef (11-081),143.957,-11.348,214.421,Marine National Park,Far Northern Management Area,1,Far Northern
11-082,U/N Reef (11-082),143.952,-11.356,130.635,Marine National Park,Far Northern Management Area,1,Far Northern
11-083,U/N Reef (11-083),143.964,-11.361,17.93,Marine National Park,Far Northern Management Area,1,Far Northern
11-084,U/N Reef (11-084),143.977,-11.364,96.635,Marine National Park,Far Northern Management Area,1,Far Northern
11-085,U/N Reef (11-085),143.952,-11.364,22.505,Marine National Park,Far Northern Management Area,1,Far Northern
11-087a,U/N Reef (11-087a),143.944,-11.372,156.085,Marine National Park,Far Northern Management Area,1,Far Northern
11-087b,U/N Reef (11-087b),143.959,-11.372,270.041,Marine National Park,Far Northern Management Area,1,Far Northern
11-088,U/N Reef (11-088),143.96,-11.383,129.261,Marine National Park,Far Northern Management Area,1,Far Northern
11-089a,U/N Reef (11-089a),143.978,-11.391,69.728,Marine National Park,Far Northern Management Area,1,Far Northern
11-089b,U/N Reef (11-089b),143.958,-11.392,212.104,Marine National Park,Far Northern Management Area,1,Far Northern
11-090,U/N Reef (11-090),143.59,-11.336,610.045,Marine National Park,Far Northern Management Area,1,Far Northern
11-092,U/N Reef (11-092),143.716,-11.371,4906.272,Marine National Park,Far Northern Management Area,1,Far Northern
11-093,U/N Reef (11-093),143.769,-11.401,564.716,Marine National Park,Far Northern Management Area,1,Far Northern
11-094,U/N Reef (11-094),143.965,-11.412,29.696,Marine National Park,Far Northern Management Area,1,Far Northern
11-095,U/N Reef (11-095),143.97,-11.416,35.379,Marine National Park,Far Northern Management Area,1,Far Northern
11-096,U/N Reef (11-096),143.975,-11.421,34.645,Marine National Park,Far Northern Management Area,1,Far Northern
11-097,U/N Reef (11-097),143.974,-11.427,67.49,Marine National Park,Far Northern Management Area,1,Far Northern
11-098,Risk Reef (11-098),143.768,-11.423,469.871,Marine National Park,Far Northern Management Area,1,Far Northern
11-099,U/N Reef (11-099),143.542,-11.424,5477.816,Marine National Park,Far Northern Management Area,1,Far Northern
11-100,Shadwell Reef (11-100),143.769,-11.458,532.754,Marine National Park,Far Northern Management Area,1,Far Northern
11-101,U/N Reef (11-101),143.512,-11.466,707.61,Marine National Park,Far Northern Management Area,1,Far Northern
11-102,U/N Reef (11-102),143.968,-11.463,454.548,Marine National Park,Far Northern Management Area,1,Far Northern
11-103,Indefatigable Reef (11-103),143.637,-11.474,1158.639,Marine National Park,Far Northern Management Area,1,Far Northern
11-104,U/N Reef (11-104),143.708,-11.466,1904.32,Marine National Park,Far Northern Management Area,1,Far Northern
11-105,U/N Reef (11-105),143.928,-11.476,254.063,Marine National Park,Far Northern Management Area,1,Far Northern
11-107,U/N Reef (11-107),144.018,-11.475,271.58,Marine National Park,Far Northern Management Area,1,Far Northern
11-108,U/N Reef (11-108),143.901,-11.478,74.114,Marine National Park,Far Northern Management Area,1,Far Northern
11-109a,U/N Reef (11-109a),143.924,-11.492,662.913,Marine National Park,Far Northern Management Area,1,Far Northern
11-109b,U/N Reef (11-109b),143.946,-11.483,368.94,Marine National Park,Far Northern Management Area,1,Far Northern
11-110,U/N Reef (11-110),143.858,-11.49,270.433,Marine National Park,Far Northern Management Area,1,Far Northern
11-111,U/N Reef (11-111),143.538,-11.499,3399.815,Marine National Park,Far Northern Management Area,1,Far Northern
11-125,Stark Reef (11-125),144.066,-11.261,1692.792,Marine National Park,Far Northern Management Area,1,Far Northern
11-126a,U/N Reef (11-126a),144.012,-11.264,22.028,Marine National Park,Far Northern Management Area,1,Far Northern
11-126b,U/N Reef (11-126b),144.018,-11.269,160.194,Marine National Park,Far Northern Management Area,1,Far Northern
11-127a,U/N Reef (11-127a),144.024,-11.262,73.641,Marine National Park,Far Northern Management Area,1,Far Northern
11-127b,U/N Reef (11-127b),144.026,-11.276,70.416,Marine National Park,Far Northern Management Area,1,Far Northern
11-128,U/N Reef (11-128),144.034,-11.279,212.047,Marine National Park,Far Northern Management Area,1,Far Northern
11-129,U/N Reef (11-129),144.044,-11.276,235.997,Marine National Park,Far Northern Management Area,1,Far Northern
11-130,Moulter Reef (11-130),144.038,-11.425,567.873,Marine National Park,Far Northern Management Area,1,Far Northern
11-131,Saunders Reef (11-131),144.07,-11.494,2936.973,Marine National Park,Far Northern Management Area,1,Far Northern
11-132,Hunter Reefs (11-132),142.873,-11.512,471.311,Marine National Park,Far Northern Management Area,1,Far Northern
11-134,Pirie Reef (11-134),142.898,-11.59,103.77,Marine National Park,Far Northern Management Area,1,Far Northern
11-136,Hannibal Islands Reef (11-136),142.94,-11.598,359.263,Marine National Park,Far Northern Management Area,1,Far Northern
11-137,U/N Reef (11-137),142.908,-11.651,88.444,Marine National Park,Far Northern Management Area,1,Far Northern
11-138,MacArthur Islands Reef (11-138),142.986,-11.732,297.826,Marine National Park,Far Northern Management Area,1,Far Northern
11-139,U/N Reef (11-139),142.973,-11.759,643.266,Marine National Park,Far Northern Management Area,1,Far Northern
11-140,U/N Reef (11-140),142.896,-11.762,63.895,Marine National Park,Far Northern Management Area,1,Far Northern
11-141,U/N Reef (11-141),142.916,-11.77,118.822,Marine National Park,Far Northern Management Area,1,Far Northern
11-142,U/N Reef (11-142),142.936,-11.772,481.309,Marine National Park,Far Northern Management Area,1,Far Northern
11-143,U/N Reef (11-143),142.955,-11.771,9.974,Marine National Park,Far Northern Management Area,1,Far Northern
11-144,U/N Reef (11-144),142.878,-11.781,14.881,Marine National Park,Far Northern Management Area,1,Far Northern
11-145,U/N Reef (11-145),142.856,-11.8,273.116,Marine National Park,Far Northern Management Area,1,Far Northern
11-146,Nigger Head Reef (11-146),142.936,-11.797,43.918,Marine National Park,Far Northern Management Area,1,Far Northern
11-147,U/N Reef (11-147),142.9,-11.805,137.088,Marine National Park,Far Northern Management Area,1,Far Northern
11-148,U/N Reef (11-148),142.896,-11.827,19.881,Marine National Park,Far Northern Management Area,1,Far Northern
11-149,U/N Reef (11-149),142.876,-11.849,1172.166,Marine National Park,Far Northern Management Area,1,Far Northern
11-150,U/N Reef (11-150),142.939,-11.843,27.547,Marine National Park,Far Northern Management Area,1,Far Northern
11-151,U/N Reef (11-151),142.994,-11.862,62.626,Marine National Park,Far Northern Management Area,1,Far Northern
11-152,U/N Reef (11-152),142.913,-11.88,548.941,Marine National Park,Far Northern Management Area,1,Far Northern
11-153,U/N Reef (11-153),142.97,-11.884,19.283,Marine National Park,Far Northern Management Area,1,Far Northern
11-154,U/N Reef (11-154),143.082,-11.518,238.044,Marine National Park,Far Northern Management Area,1,Far Northern
11-155,U/N Reef (11-155),143.178,-11.532,3190.092,Marine National Park,Far Northern Management Area,1,Far Northern
11-156,Wizard Reef (11-156),143.017,-11.55,2163.216,Marine National Park,Far Northern Management Area,1,Far Northern
11-157,U/N Reef (11-157),143.516,-11.553,9771.4,Marine National Park,Far Northern Management Area,1,Far Northern
11-158,U/N Reef (11-158),143.232,-11.58,818.785,Marine National Park,Far Northern Management Area,1,Far Northern
11-159,U/N Reef (11-159),143.178,-11.59,1627.756,Marine National Park,Far Northern Management Area,1,Far Northern
11-160,U/N Reef (11-160),143.424,-11.586,3838.316,Marine National Park,Far Northern Management Area,1,Far Northern
11-161,Viking Reef (11-161),143.01,-11.594,377.343,Marine National Park,Far Northern Management Area,1,Far Northern
11-163,U/N Reef (11-163),143.521,-11.621,4339.169,Marine National Park,Far Northern Management Area,1,Far Northern
11-164,U/N Reef (11-164),143.434,-11.691,9834.253,Marine National Park,Far Northern Management Area,1,Far Northern
11-165,Thrush Reef (11-165),143.193,-11.711,660.797,Marine National Park,Far Northern Management Area,1,Far Northern
11-166,Forwood Reef (11-166),143.248,-11.736,369.389,Marine National Park,Far Northern Management Area,1,Far Northern
11-167,Bird Islands Reef (North) (11-167),143.089,-11.771,136.311,Marine National Park,Far Northern Management Area,1,Far Northern
11-169,Bird Islands Reef (South) (11-169),143.086,-11.789,76.014,Marine National Park,Far Northern Management Area,1,Far Northern
11-172,U/N Reef (11-172),143.009,-11.807,16.039,Marine National Park,Far Northern Management Area,1,Far Northern
11-184a,Queue Reef (11-184a),143.371,-11.933,107.144,Marine National Park,Far Northern Management Area,1,Far Northern
11-184b,Wreck Reef (11-184b),143.417,-11.948,115.728,Marine National Park,Far Northern Management Area,1,Far Northern
11-196,U/N Reef (11-196),143.962,-11.512,21.961,Marine National Park,Far Northern Management Area,1,Far Northern
11-197,U/N Reef (11-197),143.869,-11.514,109.685,Marine National Park,Far Northern Management Area,1,Far Northern
11-200,Siddons Reef (11-200),143.642,-11.513,736.349,Marine National Park,Far Northern Management Area,1,Far Northern
11-201,U/N Reef (11-201),143.867,-11.531,207.848,Marine National Park,Far Northern Management Area,1,Far Northern
11-202,U/N Reef (11-202),143.878,-11.527,30.302,Marine National Park,Far Northern Management Area,1,Far Northern
11-203,U/N Reef (11-203),143.856,-11.54,152.242,Marine National Park,Far Northern Management Area,1,Far Northern
11-204,U/N Reef (11-204),143.865,-11.55,30.585,Marine National Park,Far Northern Management Area,1,Far Northern
11-205,U/N Reef (11-205),143.912,-11.531,308.555,Marine National Park,Far Northern Management Area,1,Far Northern
11-206,U/N Reef (11-206),143.982,-11.516,721.802,Marine National Park,Far Northern Management Area,1,Far Northern
11-207,U/N Reef (11-207),143.902,-11.545,366.177,Marine National Park,Far Northern Management Area,1,Far Northern
11-208a,U/N Reef (11-208a),143.862,-11.559,66.272,Marine National Park,Far Northern Management Area,1,Far Northern
11-208b,U/N Reef (11-208b),143.865,-11.564,11.67,Marine National Park,Far Northern Management Area,1,Far Northern
11-209,U/N Reef (11-209),143.882,-11.556,23.505,Marine National Park,Far Northern Management Area,1,Far Northern
11-210a,U/N Reef (11-210a),143.869,-11.57,23.359,Marine National Park,Far Northern Management Area,1,Far Northern
11-210b,U/N Reef (11-210b),143.875,-11.572,50.715,Marine National Park,Far Northern Management Area,1,Far Northern
11-212,Jukes Reef (11-212),143.855,-11.592,94.788,Marine National Park,Far Northern Management Area,1,Far Northern
11-213,U/N Reef (11-213),143.516,-11.602,239.953,Marine National Park,Far Northern Management Area,1,Far Northern
11-214,Bowles Reef (11-214),143.684,-11.623,3382.209,Marine National Park,Far Northern Management Area,1,Far Northern
11-215,U/N Reef (11-215),143.88,-11.63,21.604,Marine National Park,Far Northern Management Area,1,Far Northern
11-216,U/N Reef (11-216),143.578,-11.659,6817.001,Marine National Park,Far Northern Management Area,1,Far Northern
11-217,U/N Reef (11-217),143.55,-11.69,4131.385,Marine National Park,Far Northern Management Area,1,Far Northern
11-218,U/N Reef (11-218),143.914,-11.637,42.551,Marine National Park,Far Northern Management Area,1,Far Northern
11-219,U/N Reef (11-219),143.902,-11.665,15.188,Marine National Park,Far Northern Management Area,1,Far Northern
11-220,U/N Reef (11-220),143.902,-11.699,13.262,Marine National Park,Far Northern Management Area,1,Far Northern
11-221,U/N Reef (11-221),143.895,-11.728,13.373,Marine National Park,Far Northern Management Area,1,Far Northern
11-222b,Salamander Reef (11-222b),143.505,-11.764,29.098,Marine National Park,Far Northern Management Area,1,Far Northern
11-223,Three Reefs (11-223),143.895,-11.769,754.534,Marine National Park,Far Northern Management Area,1,Far Northern
11-224,U/N Reef (11-224),143.869,-11.781,12.906,Marine National Park,Far Northern Management Area,1,Far Northern
11-225,U/N Reef (11-225),143.87,-11.791,63.105,Marine National Park,Far Northern Management Area,1,Far Northern
11-226,U/N Reef (11-226),143.864,-11.801,38.517,Marine National Park,Far Northern Management Area,1,Far Northern
11-228,Wood Reef (11-228),143.969,-11.802,836.717,Marine National Park,Far Northern Management Area,1,Far Northern
11-242,U/N Reef (11-242),143.905,-11.994,10.763,Marine National Park,Far Northern Management Area,1,Far Northern
11-243,Raine Reef (11-243),144.044,-11.595,224.513,Marine National Park,Far Northern Management Area,1,Far Northern
11-244a,Great Detached Reef (No 1) (11-244a),144.018,-11.681,986.019,Marine National Park,Far Northern Management Area,1,Far Northern
11-244b,Great Detached Reef (No 2) (11-244b),144.07,-11.778,3884.321,Marine National Park,Far Northern Management Area,1,Far Northern
11-244c,Great Detached Reef (No 3) (11-244c),143.998,-11.784,404.57,Marine National Park,Far Northern Management Area,1,Far Northern
11-244d,Great Detached Reef (No 4) (11-244d),143.973,-11.705,112.732,Marine National Park,Far Northern Management Area,1,Far Northern
11-244e,Great Detached Reef (No 5) (11-244e),143.977,-11.732,52.191,Marine National Park,Far Northern Management Area,1,Far Northern
11-244f,Great Detached Reef (No 6) (11-244f),144.013,-11.762,36.831,Marine National Park,Far Northern Management Area,1,Far Northern
11-244g,Great Detached Reef (No 7) (11-244g),144.022,-11.772,122.958,Marine National Park,Far Northern Management Area,1,Far Northern
11-244h,Great Detached Reef (No 8) (11-244h),144.027,-11.768,7.143,Marine National Park,Far Northern Management Area,1,Far Northern
11-245,U/N Reef (11-245),144.021,-11.532,83.94,Marine National Park,Far Northern Management Area,1,Far Northern
11-247,U/N Reef (11-247),143.112,-11.507,10.609,Marine National Park,Far Northern Management Area,1,Far Northern
11-248,U/N Reef (11-248),143.114,-11.327,38.445,Marine National Park,Far Northern Management Area,1,Far Northern
11-249,U/N Reef (11-249),143.33,-11.62,67.192,Marine National Park,Far Northern Management Area,1,Far Northern
11-250,U/N Reef (11-250),143.354,-11.488,35.348,Marine National Park,Far Northern Management Area,1,Far Northern
11-251,U/N Reef (11-251),143.37,-11.552,63.456,Marine National Park,Far Northern Management Area,1,Far Northern
11-252,U/N Reef (11-252),143.412,-11.45,211.078,Marine National Park,Far Northern Management Area,1,Far Northern
11-255,U/N Reef (11-255),143.478,-11.498,77.559,Marine National Park,Far Northern Management Area,1,Far Northern
11-256,U/N Reef (11-256),143.651,-11.626,29.521,Marine National Park,Far Northern Management Area,1,Far Northern
11-257,U/N Reef (11-257),143.659,-11.428,2277.751,Marine National Park,Far Northern Management Area,1,Far Northern
11-258,U/N Reef (11-258),143.686,-11.56,68.131,Marine National Park,Far Northern Management Area,1,Far Northern
11-260,U/N Reef (11-260),143.724,-11.796,6.8,Marine National Park,Far Northern Management Area,1,Far Northern
11-262,U/N Reef (11-262),143.75,-11.488,159.054,Marine National Park,Far Northern Management Area,1,Far Northern
11-263,U/N Reef (11-263),143.754,-11.306,174.275,Marine National Park,Far Northern Management Area,1,Far Northern
11-265,U/N Reef (11-265),143.777,-11.507,32.14,Marine National Park,Far Northern Management Area,1,Far Northern
11-269,U/N Reef (11-269),143.801,-11.418,6.238,Marine National Park,Far Northern Management Area,1,Far Northern
11-270,U/N Reef (11-270),143.805,-11.374,43.77,Marine National Park,Far Northern Management Area,1,Far Northern
11-274,U/N Reef (11-274),143.85,-11.526,36.888,Marine National Park,Far Northern Management Area,1,Far Northern
11-275,U/N Reef (11-275),143.855,-11.288,366.466,Marine National Park,Far Northern Management Area,1,Far Northern
11-276,U/N Reef (11-276),143.874,-11.73,2.822,Marine National Park,Far Northern Management Area,1,Far Northern
11-278,U/N Reef (11-278),143.885,-11.706,1.663,Marine National Park,Far Northern Management Area,1,Far Northern
11-279,U/N Reef (11-279),143.887,-11.736,3.235,Marine National Park,Far Northern Management Area,1,Far Northern
11-280,U/N Reef (11-280),143.89,-11.755,0.626,Marine National Park,Far Northern Management Area,1,Far Northern
11-281,U/N Reef (11-281),143.89,-11.632,15.026,Marine National Park,Far Northern Management Area,1,Far Northern
11-282,U/N Reef (11-282),143.891,-11.522,1.747,Marine National Park,Far Northern Management Area,1,Far Northern
11-283,U/N Reef (11-283),143.894,-11.632,2.751,Marine National Park,Far Northern Management Area,1,Far Northern
11-284,U/N Reef (11-284),143.895,-11.575,4.661,Marine National Park,Far Northern Management Area,1,Far Northern
11-285,U/N Reef (11-285),143.896,-11.598,26.876,Marine National Park,Far Northern Management Area,1,Far Northern
11-286,U/N Reef (11-286),143.904,-11.597,12.345,Marine National Park,Far Northern Management Area,1,Far Northern
11-287,U/N Reef (11-287),143.964,-11.575,7.397,Marine National Park,Far Northern Management Area,1,Far Northern
11-289,U/N Reef (11-289),143.982,-11.378,3.366,Marine National Park,Far Northern Management Area,1,Far Northern
11-290,U/N Reef (11-290),143.983,-11.471,199.8,Marine National Park,Far Northern Management Area,1,Far Northern
11-291,U/N Reef (11-291),143.988,-11.329,1.995,Marine National Park,Far Northern Management Area,1,Far Northern
11-292,U/N Reef (11-292),143.989,-11.349,12.762,Marine National Park,Far Northern Management Area,1,Far Northern
11-293,U/N Reef (11-293),143.991,-11.371,73.886,Marine National Park,Far Northern Management Area,1,Far Northern
11-294,U/N Reef (11-294),143.992,-11.356,13.344,Marine National Park,Far Northern Management Area,1,Far Northern
11-295,U/N Reef (11-295),143.996,-11.323,3.963,Marine National Park,Far Northern Management Area,1,Far Northern
11-296,U/N Reef (11-296),143.998,-11.345,69.041,Marine National Park,Far Northern Management Area,1,Far Northern
11-297,U/N Reef (11-297),144.002,-11.323,17.942,Marine National Park,Far Northern Management Area,1,Far Northern
11-298,U/N Reef (11-298),144.004,-11.331,64.804,Marine National Park,Far Northern Management Area,1,Far Northern
11-299,U/N Reef (11-299),144.005,-11.252,92.24,Marine National Park,Far Northern Management Area,1,Far Northern
11-301,U/N Reef (11-301),144.01,-11.328,21.711,Marine National Park,Far Northern Management Area,1,Far Northern
11-302,U/N Reef (11-302),144.01,-11.343,20.736,Marine National Park,Far Northern Management Area,1,Far Northern
11-304,U/N Reef (11-304),144.014,-11.31,6.382,Marine National Park,Far Northern Management Area,1,Far Northern
11-305,U/N Reef (11-305),144.015,-11.257,6.154,Marine National Park,Far Northern Management Area,1,Far Northern
11-306,U/N Reef (11-306),144.016,-11.303,24.113,Marine National Park,Far Northern Management Area,1,Far Northern
11-307,U/N Reef (11-307),144.016,-11.332,45.166,Marine National Park,Far Northern Management Area,1,Far Northern
11-308,U/N Reef (11-308),144.018,-11.286,4.866,Marine National Park,Far Northern Management Area,1,Far Northern
11-309,U/N Reef (11-309),144.02,-11.31,22.102,Marine National Park,Far Northern Management Area,1,Far Northern
11-312,U/N Reef (11-312),144.044,-11.293,1.828,Marine National Park,Far Northern Management Area,1,Far Northern
11-313,U/N Reef (11-313),144.053,-11.274,4.188,Marine National Park,Far Northern Management Area,1,Far Northern
11-800,U/N Reef (11-800),142.834,-11.484,152.945,Marine National Park,Far Northern Management Area,1,Far Northern
12-008,Tyrrel Reefs (12-008),143.108,-12.192,300.072,Marine National Park,Far Northern Management Area,1,Far Northern
12-015,Ada Reef (12-015),143.126,-12.287,14.229,Marine National Park,Far Northern Management Area,1,Far Northern
12-017,Lion Reef (12-017),143.183,-12.305,16.102,Marine National Park,Far Northern Management Area,1,Far Northern
12-018,Daniell Reef (12-018),143.197,-12.312,34.386,Marine National Park,Far Northern Management Area,1,Far Northern
12-025,U/N Reef (12-025),143.284,-12.433,21.993,Marine National Park,Far Northern Management Area,1,Far Northern
12-028,U/N Reef (12-028),143.908,-11.995,12.129,Marine National Park,Far Northern Management Area,1,Far Northern
12-029,U/N Reef (12-029),143.911,-11.996,12.563,Marine National Park,Far Northern Management Area,1,Far Northern
12-031,U/N Reef (12-031),143.923,-12.004,208.793,Marine National Park,Far Northern Management Area,1,Far Northern
12-032,U/N Reef (12-032),143.956,-12.022,267.444,Marine National Park,Far Northern Management Area,1,Far Northern
12-033,U/N Reef (12-033),143.848,-12.034,72.52,Marine National Park,Far Northern Management Area,1,Far Northern
12-034,U/N Reef (12-034),143.872,-12.038,375.104,Marine National Park,Far Northern Management Area,1,Far Northern
12-035,U/N Reef (12-035),143.897,-12.047,28.944,Marine National Park,Far Northern Management Area,1,Far Northern
12-037,Wishbone Reef (12-037),143.965,-12.065,1572.266,Marine National Park,Far Northern Management Area,1,Far Northern
12-038a,U/N Reef (12-038a),143.909,-12.054,219.93,Marine National Park,Far Northern Management Area,1,Far Northern
12-038b,U/N Reef (12-038b),143.933,-12.058,10.817,Marine National Park,Far Northern Management Area,1,Far Northern
12-038c,U/N Reef (12-038c),143.926,-12.061,9.442,Marine National Park,Far Northern Management Area,1,Far Northern
12-052a,William Reef (East) (12-052a),143.853,-12.222,7.842,Marine National Park,Far Northern Management Area,1,Far Northern
12-052b,William Reef (West) (12-052b),143.85,-12.221,5.92,Marine National Park,Far Northern Management Area,1,Far Northern
12-054,Lloyds Reef (12-054),143.874,-12.24,4.275,Marine National Park,Far Northern Management Area,1,Far Northern
12-055a,U/N Reef (12-055a),143.9,-12.243,9.445,Marine National Park,Far Northern Management Area,1,Far Northern
12-055b,U/N Reef (12-055b),143.89,-12.247,6.274,Marine National Park,Far Northern Management Area,1,Far Northern
12-056,Mantis Reef (12-056),143.898,-12.288,2807.724,Marine National Park,Far Northern Management Area,1,Far Northern
12-067,Northern Small Detached Reef (12-067),143.846,-12.415,15.194,Marine National Park,Far Northern Management Area,1,Far Northern
12-075,U/N Reef (12-075),143.323,-12.556,474.694,Marine National Park,Far Northern Management Area,1,Far Northern
12-091,Waight Bank (12-091),143.442,-12.811,41.2,Marine National Park,Far Northern Management Area,1,Far Northern
12-099,Southern Small Detached Reef (12-099),143.866,-12.583,336.532,Marine National Park,Far Northern Management Area,1,Far Northern
12-100,U/N Reef (12-100),143.714,-12.614,34293.477,Marine National Park,Far Northern Management Area,1,Far Northern
12-120,Lansdown Reef (12-120),143.546,-12.815,49.634,Marine National Park,Far Northern Management Area,1,Far Northern
12-125,Rocky Island Reef (12-125),143.55,-12.886,92.515,Marine National Park,Far Northern Management Area,1,Far Northern
12-131,U/N Reef (12-131),143.517,-12.921,1778.147,Marine National Park,Far Northern Management Area,1,Far Northern
12-132,Allen Reef (12-132),143.538,-12.927,168.127,Marine National Park,Far Northern Management Area,1,Far Northern
12-136,Hammond Reef (12-136),143.548,-12.941,28.681,Marine National Park,Far Northern Management Area,1,Far Northern
12-138,U/N Reef (12-138),143.551,-12.965,17.845,Marine National Park,Far Northern Management Area,1,Far Northern
12-144,U/N Reef (12-144),143.534,-12.986,73.234,Marine National Park,Far Northern Management Area,1,Far Northern
12-151,U/N Reef (12-151),143.887,-12.031,1.029,Marine National Park,Far Northern Management Area,1,Far Northern
12-152,U/N Reef (12-152),143.897,-12.033,0.977,Marine National Park,Far Northern Management Area,1,Far Northern
12-154,U/N Reef (12-154),143.93,-12.047,4.399,Marine National Park,Far Northern Management Area,1,Far Northern
13-004,Wasp Reef (13-004),143.54,-13.03,80.116,Marine National Park,Far Northern Management Area,1,Far Northern
13-006,Osborne Reef (13-006),143.626,-13.042,572.845,Marine National Park,Far Northern Management Area,1,Far Northern
13-007,U/N Reef (13-007),143.514,-13.032,386.945,Marine National Park,Far Northern Management Area,1,Far Northern
13-008,MacNamara Patch (13-008),143.643,-13.051,5.34,Marine National Park,Far Northern Management Area,1,Far Northern
13-017a,U/N Reef (13-017a),143.938,-13.076,5.106,Marine National Park,Far Northern Management Area,1,Far Northern
13-031,Night Reef (13-031),143.574,-13.184,86.491,Marine National Park,Far Northern Management Area,1,Far Northern
13-057a,Sharland Reefs (No 1) (13-057a),143.599,-13.369,72.085,Marine National Park,Far Northern Management Area,1,Far Northern
13-057b,Sharland Reefs (No 2) (13-057b),143.597,-13.383,99.418,Marine National Park,Far Northern Management Area,1,Far Northern
13-058a,U/N Reef (13-058a),143.61,-13.401,29.03,Marine National Park,Far Northern Management Area,1,Far Northern
13-058b,U/N Reef (13-058b),143.605,-13.409,20.476,Marine National Park,Far Northern Management Area,1,Far Northern
13-061b,U/N Reef (13-061b),143.976,-13.425,263.08,Marine National Park,Far Northern Management Area,1,Far Northern
13-061c,Sand Bank No 7 Reef (13-061c),143.978,-13.44,226.654,Marine National Park,Far Northern Management Area,1,Far Northern
13-062,Roskruge Reef (13-062),143.629,-13.416,39.977,Marine National Park,Far Northern Management Area,1,Far Northern
13-068,Quake Reef (13-068),143.651,-13.452,7.754,Marine National Park,Far Northern Management Area,1,Far Northern
13-069,Bell Bank (North) (13-069),143.625,-13.454,100.184,Marine National Park,Far Northern Management Area,1,Far Northern
13-070,Bell Bank (South) (13-070),143.621,-13.467,44.716,Marine National Park,Far Northern Management Area,1,Far Northern
13-073,U/N Reef (13-073),143.996,-13.467,11.068,Marine National Park,Far Northern Management Area,1,Far Northern
13-100,U/N Reef (13-100),143.937,-13.867,55.611,Marine National Park,Far Northern Management Area,1,Far Northern
13-126,U/N Reef (13-126),144.063,-13.909,25.96,Marine National Park,Far Northern Management Area,1,Far Northern
13-132,U/N Reef (13-132),144.552,-13.976,55.002,Marine National Park,Far Northern Management Area,1,Far Northern
14-003,Grub Reef (14-003),143.982,-14.005,2890.343,Marine National Park,Far Northern Management Area,1,Far Northern
14-012,Cliff Islands Reef (West) (14-012),143.774,-14.221,210.259,Marine National Park,Far Northern Management Area,1,Far Northern
14-013,Cliff Islands Reef (East) (14-013),143.792,-14.226,65.155,Marine National Park,Far Northern Management Area,1,Far Northern
14-014,U/N Reef (14-014),143.731,-14.255,458.228,Marine National Park,Far Northern Management Area,1,Far Northern
14-015,June Reef (14-015),143.78,-14.289,74.215,Marine National Park,Far Northern Management Area,1,Far Northern
14-018,King Island Reef (14-018),144.321,-14.1,372.196,Marine National Park,Far Northern Management Area,1,Far Northern
14-028,U/N Reef (14-028),144.735,-14.175,3400.81,Marine National Park,Far Northern Management Area,1,Far Northern
14-035,U/N Reef (14-035),144.667,-14.089,187.464,Marine National Park,Far Northern Management Area,1,Far Northern
14-044,Hales Reef (14-044),144.538,-14.184,0.683,Marine National Park,Far Northern Management Area,1,Far Northern
14-046,U/N Reef (14-046),144.853,-14.205,21.586,Marine National Park,Far Northern Management Area,1,Far Northern
14-047,U/N Reef (14-047),144.928,-14.212,1436.937,Marine National Park,Far Northern Management Area,1,Far Northern
14-048,Broomfield Rock Reef (14-048),144.67,-14.204,1629.849,Marine National Park,Far Northern Management Area,1,Far Northern
14-050,Rocky Point Island Reef (14-050),144.577,-14.233,1.464,Marine National Park,Far Northern Management Area,1,Far Northern
14-052,Unison Reef (14-052),144.688,-14.298,118.706,Marine National Park,Far Northern Management Area,1,Far Northern
14-054,Stapleton Reef (14-054),144.859,-14.321,534.498,Marine National Park,Far Northern Management Area,1,Far Northern
14-057a,Davy Patches (No 1) (14-057a),144.718,-14.326,14.154,Marine National Park,Far Northern Management Area,1,Far Northern
14-057b,Davy Patches (No 2) (14-057b),144.708,-14.336,16.833,Marine National Park,Far Northern Management Area,1,Far Northern
14-057c,Davy Patches (No 3) (14-057c),144.72,-14.341,14.264,Marine National Park,Far Northern Management Area,1,Far Northern
14-058,U/N Reef (14-058),144.595,-14.335,6.54,Marine National Park,Far Northern Management Area,1,Far Northern
14-059,U/N Reef (14-059),144.587,-14.323,382.766,Marine National Park,Far Northern Management Area,1,Far Northern
14-061,Switzer Reef (14-061),144.757,-14.36,1586.316,Marine National Park,Far Northern Management Area,1,Far Northern
14-067,U/N Reef (14-067),144.63,-14.452,1058.08,Marine National Park,Far Northern Management Area,1,Far Northern
14-070,Baron Reef (14-070),144.698,-14.474,61.055,Marine National Park,Far Northern Management Area,1,Far Northern
14-071a,Weigall Reefs (East) (14-071a),144.643,-14.474,51.267,Marine National Park,Far Northern Management Area,1,Far Northern
14-071b,Weigall Reefs (West) (14-071b),144.638,-14.479,16.615,Marine National Park,Far Northern Management Area,1,Far Northern
14-091,Noble Reef (14-091),144.765,-14.502,60.941,Marine National Park,Far Northern Management Area,1,Far Northern
14-096,U/N Reef (14-096),144.856,-14.54,7.364,Marine National Park,Far Northern Management Area,1,Far Northern
14-101,Sinclair-Morris Reef (14-101),144.905,-14.554,54.58,Marine National Park,Far Northern Management Area,1,Far Northern
14-102,Hampton Reef (14-102),144.889,-14.563,80.805,Marine National Park,Far Northern Management Area,1,Far Northern
14-103,Beatrice Reef (14-103),144.927,-14.574,32.613,Marine National Park,Far Northern Management Area,1,Far Northern
14-104,Murdoch Reef (14-104),144.935,-14.614,330.237,Marine National Park,Far Northern Management Area,1,Far Northern
14-105,U/N Reef (14-105),144.922,-14.637,603.298,Marine National Park,Far Northern Management Area,1,Far Northern
14-159a,U/N Reef (14-159a),144.704,-14.123,4.384,Marine National Park,Far Northern Management Area,1,Far Northern
14-159b,U/N Reef (14-159b),144.7,-14.134,2.922,Marine National Park,Far Northern Management Area,1,Far Northern
14-160,U/N Reef (14-160),144.859,-14.194,5.602,Marine National Park,Far Northern Management Area,1,Far Northern
14-161,U/N Reef (14-161),143.93,-14.019,141.18,Marine National Park,Far Northern Management Area,1,Far Northern
14-162,U/N Reef (14-162),144.711,-14.557,7.957,Marine National Park,Far Northern Management Area,1,Far Northern
20-198,U/N Reef (20-198),150.894,-20.437,371.716,Marine National Park,Southern Management Area,4,Southern
20-147,U/N Reef (20-147),150.547,-20.03,68.152,Marine National Park,Southern Management Area,4,Southern
20-148,U/N Reef (20-148),150.508,-20.073,57.573,Marine National Park,Southern Management Area,4,Southern
20-149,U/N Reef (20-149),150.503,-20.085,36.386,Marine National Park,Southern Management Area,4,Southern
20-150,U/N Reef (20-150),150.597,-20.069,10.953,Marine National Park,Southern Management Area,4,Southern
20-151,U/N Reef (20-151),150.554,-20.075,13.596,Marine National Park,Southern Management Area,4,Southern
20-152,U/N Reef (20-152),150.631,-20.08,31.577,Marine National Park,Southern Management Area,4,Southern
20-153,U/N Reef (20-153),150.512,-20.095,36.735,Marine National Park,Southern Management Area,4,Southern
20-155,U/N Reef (20-155),150.577,-20.103,160.416,Marine National Park,Southern Management Area,4,Southern
20-156,U/N Reef (20-156),150.644,-20.125,437.567,Marine National Park,Southern Management Area,4,Southern
20-157,U/N Reef (20-157),150.691,-20.141,16.921,Marine National Park,Southern Management Area,4,Southern
20-158,U/N Reef (20-158),150.521,-20.162,16.509,Marine National Park,Southern Management Area,4,Southern
20-159,U/N Reef (20-159),150.735,-20.165,25.993,Marine National Park,Southern Management Area,4,Southern
20-160,U/N Reef (20-160),150.659,-20.166,31.629,Marine National Park,Southern Management Area,4,Southern
20-161,U/N Reef (20-161),150.536,-20.18,41.516,Marine National Park,Southern Management Area,4,Southern
20-162,U/N Reef (20-162),150.626,-20.19,15.72,Marine National Park,Southern Management Area,4,Southern
20-163,U/N Reef (20-163),150.561,-20.201,134.497,Marine National Park,Southern Management Area,4,Southern
20-164,U/N Reef (20-164),150.643,-20.205,16.636,Marine National Park,Southern Management Area,4,Southern
20-165,U/N Reef (20-165),150.71,-20.204,166.923,Marine National Park,Southern Management Area,4,Southern
20-166,U/N Reef (20-166),150.548,-20.225,432.408,Marine National Park,Southern Management Area,4,Southern
20-168,U/N Reef (20-168),150.654,-20.231,51.836,Marine National Park,Southern Management Area,4,Southern
20-195,U/N Reef (20-195),150.912,-20.418,29.349,Marine National Park,Southern Management Area,4,Southern
20-196,U/N Reef (20-196),150.931,-20.415,78.431,Marine National Park,Southern Management Area,4,Southern
20-199,U/N Reef (20-199),150.846,-20.473,22.02,Marine National Park,Southern Management Area,4,Southern
20-216,U/N Reef (20-216),148.778,-20.73,27.288,Marine National Park,Southern Management Area,4,Southern
20-217,U/N Reef (20-217),148.793,-20.751,26.432,Marine National Park,Southern Management Area,4,Southern
20-218,U/N Reef (20-218),148.795,-20.767,45.869,Marine National Park,Southern Management Area,4,Southern
20-219a,Cave Reef (20-219a),148.855,-20.782,3.578,Marine National Park,Southern Management Area,4,Southern
20-219b,Pigeon Reef (20-219b),148.846,-20.79,400.013,Marine National Park,Southern Management Area,4,Southern
20-227,Mausoleum Reef (20-227),148.94,-20.861,14.339,Marine National Park,Southern Management Area,4,Southern
20-237d,Goldsmith Island Reef (No 4) (20-237d),149.159,-20.681,34.699,Marine National Park,Southern Management Area,4,Southern
20-266,Maryport Reef (20-266),149.272,-20.76,4.854,Marine National Park,Southern Management Area,4,Southern
20-267,Edgell Rock Reef (20-267),149.271,-20.765,3.592,Marine National Park,Southern Management Area,4,Southern
20-270a,Carlisle Reef (20-270a),149.281,-20.801,327.642,Marine National Park,Southern Management Area,4,Southern
20-274,U/N Reef (20-274),149.033,-20.899,85.45,Marine National Park,Southern Management Area,4,Southern
20-277a,Keswick Island Reef (No 1) (20-277a),149.391,-20.91,58.957,Marine National Park,Southern Management Area,4,Southern
20-290a,Scawfell Reef (No 1) (20-290a),149.614,-20.855,69.385,Marine National Park,Southern Management Area,4,Southern
20-312,U/N Reef (20-312),150.862,-20.512,94.067,Marine National Park,Southern Management Area,4,Southern
20-321,U/N Reef (20-321),150.998,-20.555,122.811,Marine National Park,Southern Management Area,4,Southern
20-346,U/N Reef (20-346),150.894,-20.806,73.718,Marine National Park,Southern Management Area,4,Southern
20-347,U/N Reef (20-347),150.986,-20.863,608.908,Marine National Park,Southern Management Area,4,Southern
20-348,U/N Reef (20-348),150.953,-20.887,1287.685,Marine National Park,Southern Management Area,4,Southern
20-350,U/N Reef (20-350),151.003,-20.832,23.875,Marine National Park,Southern Management Area,4,Southern
20-351b,Pompey Reef (No 2) (20-351b),150.528,-20.984,832.997,Marine National Park,Southern Management Area,4,Southern
20-351c,Pompey Reef (No 3) (20-351c),150.521,-21.012,483.286,Marine National Park,Southern Management Area,4,Southern
20-353,U/N Reef (20-353),150.918,-20.965,731.137,Marine National Park,Southern Management Area,4,Southern
20-354,U/N Reef (20-354),150.952,-20.973,113.726,Marine National Park,Southern Management Area,4,Southern
20-355,U/N Reef (20-355),151.015,-20.539,74.186,Marine National Park,Southern Management Area,4,Southern
20-356,U/N Reef (20-356),151.088,-20.531,90.27,Marine National Park,Southern Management Area,4,Southern
20-367,U/N Reef (20-367),151.154,-20.718,168.523,Marine National Park,Southern Management Area,4,Southern
20-368,U/N Reef (20-368),151.151,-20.733,92.391,Marine National Park,Southern Management Area,4,Southern
20-370a,Rip Reef (20-370a),151.068,-20.806,1626.085,Marine National Park,Southern Management Area,4,Southern
20-370b,U/N Reef (20-370b),151.058,-20.882,268.268,Marine National Park,Southern Management Area,4,Southern
20-370c,U/N Reef (20-370c),151.073,-20.861,235.963,Marine National Park,Southern Management Area,4,Southern
20-370d,U/N Reef (20-370d),151.068,-20.868,7.552,Marine National Park,Southern Management Area,4,Southern
20-371,U/N Reef (20-371),151.087,-20.805,755.831,Marine National Park,Southern Management Area,4,Southern
20-372,U/N Reef (20-372),151.198,-20.765,68.256,Marine National Park,Southern Management Area,4,Southern
20-373,U/N Reef (20-373),151.197,-20.777,92.699,Marine National Park,Southern Management Area,4,Southern
20-374,U/N Reef (20-374),151.157,-20.8,8253.998,Marine National Park,Southern Management Area,4,Southern
20-375,U/N Reef (20-375),151.003,-20.817,173.227,Marine National Park,Southern Management Area,4,Southern
20-376,U/N Reef (20-376),151.186,-20.869,546.376,Marine National Park,Southern Management Area,4,Southern
20-378b,U/N Reef (20-378b),151.239,-20.929,700.441,Marine National Park,Southern Management Area,4,Southern
20-379,U/N Reef (20-379),151.191,-20.901,237.366,Marine National Park,Southern Management Area,4,Southern
20-381,U/N Reef (20-381),151.334,-20.84,107.051,Marine National Park,Southern Management Area,4,Southern
20-382,U/N Reef (20-382),151.305,-20.886,7194.818,Marine National Park,Southern Management Area,4,Southern
20-383,U/N Reef (20-383),151.211,-20.931,97.957,Marine National Park,Southern Management Area,4,Southern
20-386,U/N Reef (20-386),151.184,-20.96,603.167,Marine National Park,Southern Management Area,4,Southern
20-387,U/N Reef (20-387),151.247,-20.97,493.761,Marine National Park,Southern Management Area,4,Southern
20-397,U/N Reef (20-397),152.395,-20.989,372.556,Marine National Park,Southern Management Area,4,Southern
20-410,U/N Reef (20-410),151.507,-20.868,26.796,Marine National Park,Southern Management Area,4,Southern
20-451,U/N Reef (20-451),152.327,-20.964,42.571,Marine National Park,Southern Management Area,4,Southern
20-452,U/N Reef (20-452),150.515,-20.184,137.44,Marine National Park,Southern Management Area,4,Southern
20-457,U/N Reef (20-457),150.585,-20.211,51.31,Marine National Park,Southern Management Area,4,Southern
20-466,U/N Reef (20-466),150.635,-20.269,9.999,Marine National Park,Southern Management Area,4,Southern
20-468,U/N Reef (20-468),150.637,-20.239,8.48,Marine National Park,Southern Management Area,4,Southern
20-472,U/N Reef (20-472),150.681,-20.246,6.676,Marine National Park,Southern Management Area,4,Southern
20-475,U/N Reef (20-475),150.7,-20.18,11.084,Marine National Park,Southern Management Area,4,Southern
20-491,U/N Reef (20-491),150.766,-20.159,1015.812,Marine National Park,Southern Management Area,4,Southern
20-511,U/N Reef (20-511),150.965,-20.508,161.761,Marine National Park,Southern Management Area,4,Southern
20-520,U/N Reef (20-520),150.928,-20.832,15.548,Marine National Park,Southern Management Area,4,Southern
20-521,U/N Reef (20-521),150.933,-20.369,17.349,Marine National Park,Southern Management Area,4,Southern
20-522,U/N Reef (20-522),150.948,-20.443,22.874,Marine National Park,Southern Management Area,4,Southern
20-523,U/N Reef (20-523),150.954,-20.392,150.902,Marine National Park,Southern Management Area,4,Southern
20-524,U/N Reef (20-524),150.97,-20.414,65.722,Marine National Park,Southern Management Area,4,Southern
20-531,U/N Reef (20-531),150.988,-20.435,17.495,Marine National Park,Southern Management Area,4,Southern
20-540,U/N Reef (20-540),151.014,-20.814,17.615,Marine National Park,Southern Management Area,4,Southern
20-543,U/N Reef (20-543),151.022,-20.473,42.344,Marine National Park,Southern Management Area,4,Southern
20-545,U/N Reef (20-545),151.035,-20.555,18.846,Marine National Park,Southern Management Area,4,Southern
20-546,U/N Reef (20-546),151.037,-20.485,60.379,Marine National Park,Southern Management Area,4,Southern
20-548,U/N Reef (20-548),151.052,-20.497,32.824,Marine National Park,Southern Management Area,4,Southern
20-553,U/N Reef (20-553),151.075,-20.806,0.036,Marine National Park,Southern Management Area,4,Southern
20-555,U/N Reef (20-555),151.106,-20.82,28.822,Marine National Park,Southern Management Area,4,Southern
20-557,U/N Reef (20-557),151.12,-20.558,7.995,Marine National Park,Southern Management Area,4,Southern
20-561,U/N Reef (20-561),151.222,-20.946,5.847,Marine National Park,Southern Management Area,4,Southern
20-562,U/N Reef (20-562),151.251,-20.946,77.76,Marine National Park,Southern Management Area,4,Southern
20-563,U/N Reef (20-563),151.263,-20.943,93.874,Marine National Park,Southern Management Area,4,Southern
20-565,U/N Reef (20-565),151.298,-20.83,17.299,Marine National Park,Southern Management Area,4,Southern
20-570,U/N Reef (20-570),151.398,-20.865,123.753,Marine National Park,Southern Management Area,4,Southern
20-571,U/N Reef (20-571),151.401,-20.81,94.552,Marine National Park,Southern Management Area,4,Southern
20-572,U/N Reef (20-572),151.441,-20.831,8.332,Marine National Park,Southern Management Area,4,Southern
20-575,U/N Reef (20-575),151.468,-20.847,9.273,Marine National Park,Southern Management Area,4,Southern
20-577,U/N Reef (20-577),151.477,-20.851,17.568,Marine National Park,Southern Management Area,4,Southern
20-578,U/N Reef (20-578),151.481,-20.859,14.518,Marine National Park,Southern Management Area,4,Southern
20-607,U/N Reef (20-607),150.583,-20.061,15.133,Marine National Park,Southern Management Area,4,Southern
20-608,U/N Reef (20-608),150.59,-20.053,11.015,Marine National Park,Southern Management Area,4,Southern
20-609,U/N Reef (20-609),150.605,-20.105,16.136,Marine National Park,Southern Management Area,4,Southern
20-610,U/N Reef (20-610),150.612,-20.023,8.17,Marine National Park,Southern Management Area,4,Southern
20-611,U/N Reef (20-611),150.613,-20.103,7.602,Marine National Park,Southern Management Area,4,Southern
20-612,U/N Reef (20-612),150.615,-20.078,23.344,Marine National Park,Southern Management Area,4,Southern
20-613,U/N Reef (20-613),150.622,-20.105,20.093,Marine National Park,Southern Management Area,4,Southern
20-614,U/N Reef (20-614),150.634,-20.11,23.566,Marine National Park,Southern Management Area,4,Southern
20-615,U/N Reef (20-615),150.644,-20.073,25.51,Marine National Park,Southern Management Area,4,Southern
20-616,U/N Reef (20-616),150.645,-20.092,10.498,Marine National Park,Southern Management Area,4,Southern
20-617,U/N Reef (20-617),150.663,-20.143,13.322,Marine National Park,Southern Management Area,4,Southern
20-618,U/N Reef (20-618),150.676,-20.155,24.286,Marine National Park,Southern Management Area,4,Southern
20-619,U/N Reef (20-619),150.682,-20.141,7.315,Marine National Park,Southern Management Area,4,Southern
21-053,Sandpiper Reef (21-053),150.082,-21.026,113.861,Marine National Park,Southern Management Area,4,Southern
21-058,Vernon Rocks Reef (21-058),150.309,-21.468,5.923,Marine National Park,Southern Management Area,4,Southern
21-059,Hotspur Islets Reef (21-059),150.268,-21.483,94.812,Marine National Park,Southern Management Area,4,Southern
21-130,U/N Reef (21-130),151.278,-21.343,2458.739,Marine National Park,Southern Management Area,4,Southern
21-131,Nancy Foster Reef (21-131),151.367,-21.37,1509.908,Marine National Park,Southern Management Area,4,Southern
21-132,U/N Reef (21-132),151.328,-21.394,1274.188,Marine National Park,Southern Management Area,4,Southern
21-133,U/N Reef (21-133),151.25,-21.378,533.413,Marine National Park,Southern Management Area,4,Southern
21-134,U/N Reef (21-134),151.275,-21.389,245.089,Marine National Park,Southern Management Area,4,Southern
21-135,U/N Reef (21-135),151.48,-21.365,3834.05,Marine National Park,Southern Management Area,4,Southern
21-136,U/N Reef (21-136),151.421,-21.385,116.679,Marine National Park,Southern Management Area,4,Southern
21-137,U/N Reef (21-137),151.419,-21.402,188.111,Marine National Park,Southern Management Area,4,Southern
21-138,U/N Reef (21-138),151.416,-21.431,117.665,Marine National Park,Southern Management Area,4,Southern
21-140,U/N Reef (21-140),151.286,-21.485,573.353,Marine National Park,Southern Management Area,4,Southern
21-141,U/N Reef (21-141),151.198,-21.486,2686.974,Marine National Park,Southern Management Area,4,Southern
21-155,U/N Reef (21-155),151.69,-21.16,235.942,Marine National Park,Southern Management Area,4,Southern
21-156,U/N Reef (21-156),151.712,-21.148,5.37,Marine National Park,Southern Management Area,4,Southern
21-157,U/N Reef (21-157),151.757,-21.149,785.956,Marine National Park,Southern Management Area,4,Southern
21-158,U/N Reef (21-158),151.777,-21.151,698.812,Marine National Park,Southern Management Area,4,Southern
21-159,U/N Reef (21-159),151.799,-21.162,496.525,Marine National Park,Southern Management Area,4,Southern
21-161,U/N Reef (21-161),151.823,-21.181,472.339,Marine National Park,Southern Management Area,4,Southern
21-165,U/N Reef (21-165),151.823,-21.2,66.468,Marine National Park,Southern Management Area,4,Southern
21-169,U/N Reef (21-169),151.69,-21.239,81.685,Marine National Park,Southern Management Area,4,Southern
21-170,U/N Reef (21-170),151.668,-21.244,211.548,Marine National Park,Southern Management Area,4,Southern
21-172,Riptide Reef (21-172),151.846,-21.241,181.087,Marine National Park,Southern Management Area,4,Southern
21-174,U/N Reef (21-174),151.68,-21.292,967.87,Marine National Park,Southern Management Area,4,Southern
21-177,U/N Reef (21-177),151.703,-21.333,162.505,Marine National Park,Southern Management Area,4,Southern
21-179,U/N Reef (21-179),151.724,-21.347,305.588,Marine National Park,Southern Management Area,4,Southern
21-192,U/N Reef (21-192),152.469,-21.009,399.009,Marine National Park,Southern Management Area,4,Southern
21-193,U/N Reef (21-193),152.489,-21.007,101.392,Marine National Park,Southern Management Area,4,Southern
21-194,U/N Reef (21-194),152.2,-21.019,48.042,Marine National Park,Southern Management Area,4,Southern
21-195,U/N Reef (21-195),152.234,-21.02,105.062,Marine National Park,Southern Management Area,4,Southern
21-198,U/N Reef (21-198),152.202,-21.052,521.18,Marine National Park,Southern Management Area,4,Southern
21-199,U/N Reef (21-199),152.189,-21.067,289.632,Marine National Park,Southern Management Area,4,Southern
21-200,U/N Reef (21-200),152.231,-21.063,376.378,Marine National Park,Southern Management Area,4,Southern
21-201,U/N Reef (21-201),152.464,-21.064,114.212,Marine National Park,Southern Management Area,4,Southern
21-202,U/N Reef (21-202),152.201,-21.075,393.459,Marine National Park,Southern Management Area,4,Southern
21-203,U/N Reef (21-203),152.238,-21.086,90.278,Marine National Park,Southern Management Area,4,Southern
21-204,U/N Reef (21-204),152.281,-21.086,139.439,Marine National Park,Southern Management Area,4,Southern
21-206,U/N Reef (21-206),152.488,-21.101,201.808,Marine National Park,Southern Management Area,4,Southern
21-207,U/N Reef (21-207),152.143,-21.089,81.5,Marine National Park,Southern Management Area,4,Southern
21-208,U/N Reef (21-208),152.164,-21.099,100.953,Marine National Park,Southern Management Area,4,Southern
21-209,U/N Reef (21-209),152.256,-21.1,281.826,Marine National Park,Southern Management Area,4,Southern
21-210,U/N Reef (21-210),152.314,-21.102,24.989,Marine National Park,Southern Management Area,4,Southern
21-211,U/N Reef (21-211),152.354,-21.103,154.697,Marine National Park,Southern Management Area,4,Southern
21-212,U/N Reef (21-212),152.156,-21.105,58.84,Marine National Park,Southern Management Area,4,Southern
21-213,U/N Reef (21-213),152.187,-21.106,850.295,Marine National Park,Southern Management Area,4,Southern
21-215,U/N Reef (21-215),152.322,-21.117,134.119,Marine National Park,Southern Management Area,4,Southern
21-216,U/N Reef (21-216),152.389,-21.122,68.889,Marine National Park,Southern Management Area,4,Southern
21-217,U/N Reef (21-217),152.472,-21.125,59.192,Marine National Park,Southern Management Area,4,Southern
21-218,U/N Reef (21-218),152.485,-21.132,64.852,Marine National Park,Southern Management Area,4,Southern
21-220,U/N Reef (21-220),152.143,-21.157,398.343,Marine National Park,Southern Management Area,4,Southern
21-223,U/N Reef (21-223),152.192,-21.168,48.577,Marine National Park,Southern Management Area,4,Southern
21-226,U/N Reef (21-226),152.371,-21.177,20.967,Marine National Park,Southern Management Area,4,Southern
21-227,U/N Reef (21-227),152.398,-21.176,425.141,Marine National Park,Southern Management Area,4,Southern
21-228,U/N Reef (21-228),152.3,-21.182,54.711,Marine National Park,Southern Management Area,4,Southern
21-229,U/N Reef (21-229),152.448,-21.183,409.734,Marine National Park,Southern Management Area,4,Southern
21-230,U/N Reef (21-230),152.336,-21.19,152.895,Marine National Park,Southern Management Area,4,Southern
21-231,U/N Reef (21-231),152.316,-21.2,139.255,Marine National Park,Southern Management Area,4,Southern
21-234,U/N Reef (21-234),152.243,-21.213,564.25,Marine National Park,Southern Management Area,4,Southern
21-236,U/N Reef (21-236),152.397,-21.219,3224.339,Marine National Park,Southern Management Area,4,Southern
21-256,U/N Reef (21-256),152.481,-21.354,946.984,Marine National Park,Southern Management Area,4,Southern
21-273,U/N Reef (21-273),152.577,-21.023,363.817,Marine National Park,Southern Management Area,4,Southern
21-274,Perkins Reef (21-274),152.624,-21.039,801.177,Marine National Park,Southern Management Area,4,Southern
21-275,U/N Reef (21-275),152.562,-21.06,189.636,Marine National Park,Southern Management Area,4,Southern
21-276,U/N Reef (21-276),152.55,-21.059,64.428,Marine National Park,Southern Management Area,4,Southern
21-277,U/N Reef (21-277),152.534,-21.073,87.127,Marine National Park,Southern Management Area,4,Southern
21-279,U/N Reef (21-279),152.515,-21.114,199.545,Marine National Park,Southern Management Area,4,Southern
21-280,Elusive Reef (21-280),152.776,-21.109,3491.86,Marine National Park,Southern Management Area,4,Southern
21-283,U/N Reef (21-283),152.5,-21.139,114.797,Marine National Park,Southern Management Area,4,Southern
21-284,Ron Taylor Reef (21-284),152.528,-21.137,158.258,Marine National Park,Southern Management Area,4,Southern
21-294,U/N Reef (21-294),152.605,-21.29,1020.073,Marine National Park,Southern Management Area,4,Southern
21-295,U/N Reef (21-295),152.581,-21.319,622.239,Marine National Park,Southern Management Area,4,Southern
21-296,U/N Reef (21-296),152.553,-21.339,604.797,Marine National Park,Southern Management Area,4,Southern
21-297a,U/N Reef (21-297a),152.506,-21.369,91.511,Marine National Park,Southern Management Area,4,Southern
21-297b,U/N Reef (21-297b),152.525,-21.34,46.654,Marine National Park,Southern Management Area,4,Southern
21-297c,U/N Reef (21-297c),152.523,-21.352,20.36,Marine National Park,Southern Management Area,4,Southern
21-297d,U/N Reef (21-297d),152.511,-21.358,11.91,Marine National Park,Southern Management Area,4,Southern
21-298,U/N Reef (21-298),152.502,-21.379,78.26,Marine National Park,Southern Management Area,4,Southern
21-299,U/N Reef (21-299),152.529,-21.379,801.119,Marine National Park,Southern Management Area,4,Southern
21-300a,U/N Reef (21-300a),152.508,-21.393,139.423,Marine National Park,Southern Management Area,4,Southern
21-300b,U/N Reef (21-300b),152.518,-21.394,10.659,Marine National Park,Southern Management Area,4,Southern
21-317,Ferdinand Shoal (21-317),149.768,-21.51,126.999,Marine National Park,Southern Management Area,4,Southern
21-318,Waratah Island Reef (21-318),149.721,-21.511,12.818,Marine National Park,Southern Management Area,4,Southern
21-319,Waratah Shoal (21-319),149.717,-21.517,65.727,Marine National Park,Southern Management Area,4,Southern
21-320,Tupper Shoal (21-320),149.802,-21.524,506.7,Marine National Park,Southern Management Area,4,Southern
21-322,Yaralla Shoal (21-322),149.646,-21.589,1106.569,Marine National Park,Southern Management Area,4,Southern
21-349a,Smythe Shoals (21-349a),149.881,-21.712,652.776,Marine National Park,Southern Management Area,4,Southern
21-349b,Emily Patches (21-349b),149.834,-21.753,541.371,Marine National Park,Southern Management Area,4,Southern
21-356,Innes Reef (21-356),149.788,-21.816,19.714,Marine National Park,Southern Management Area,4,Southern
21-359,George Reef (21-359),149.824,-21.83,46.764,Marine National Park,Southern Management Area,4,Southern
21-360,Poynter Reef (21-360),149.792,-21.837,277.445,Marine National Park,Southern Management Area,4,Southern
21-364,Lake Shoals (21-364),149.877,-21.9,976.242,Marine National Park,Southern Management Area,4,Southern
21-369,Middle Shoal (21-369),149.73,-21.943,215.417,Marine National Park,Southern Management Area,4,Southern
21-375,Holt Shoal (21-375),149.82,-21.97,570.476,Marine National Park,Southern Management Area,4,Southern
21-377,Channel Island Reef (21-377),149.893,-21.97,59.129,Marine National Park,Southern Management Area,4,Southern
21-380,Park Shoal (21-380),149.88,-21.985,1197.846,Marine National Park,Southern Management Area,4,Southern
21-381,Falcon Island Reef (21-381),149.878,-21.98,9.912,Marine National Park,Southern Management Area,4,Southern
21-382,Turn Island Reef (21-382),149.812,-21.99,151.277,Marine National Park,Southern Management Area,4,Southern
21-383,Race Rocks Reef (21-383),149.848,-21.99,102.878,Marine National Park,Southern Management Area,4,Southern
21-386,Pine Peak Reef (21-386),150.258,-21.519,51.844,Marine National Park,Southern Management Area,4,Southern
21-387,Sphinx Reef (21-387),150.152,-21.525,37.391,Marine National Park,Southern Management Area,4,Southern
21-414a,Bamborough Island Reef (No 1) (21-414a),150.105,-21.923,221.837,Marine National Park,Southern Management Area,4,Southern
21-414b,Bamborough Island Reef (No 2) (21-414b),150.119,-21.922,62.14,Marine National Park,Southern Management Area,4,Southern
21-417,Coquet Reef (21-417),150.097,-21.937,57.872,Marine National Park,Southern Management Area,4,Southern
21-432,Heralds Reef Prong (21-432),151.397,-21.511,3783.161,Marine National Park,Southern Management Area,4,Southern
21-433,U/N Reef (21-433),151.478,-21.551,780.185,Marine National Park,Southern Management Area,4,Southern
21-434,Heralds Prong No 3 (21-434),151.383,-21.607,1361.507,Marine National Park,Southern Management Area,4,Southern
21-440,U/N Reef (21-440),151.542,-21.522,606.916,Marine National Park,Southern Management Area,4,Southern
21-448,U/N Reef (21-448),151.519,-21.623,100.29,Marine National Park,Southern Management Area,4,Southern
21-449,U/N Reef (21-449),151.578,-21.626,1152.81,Marine National Park,Southern Management Area,4,Southern
21-452,U/N Reef (21-452),151.607,-21.647,30.094,Marine National Park,Southern Management Area,4,Southern
21-510,U/N Reef (21-510),152.369,-21.733,8.949,Marine National Park,Southern Management Area,4,Southern
21-528,U/N Reef (21-528),152.267,-21.856,187.045,Marine National Park,Southern Management Area,4,Southern
21-533,U/N Reef (21-533),152.306,-21.868,258.951,Marine National Park,Southern Management Area,4,Southern
21-534,U/N Reef (21-534),152.132,-21.877,530.741,Marine National Park,Southern Management Area,4,Southern
21-535,U/N Reef (21-535),152.125,-21.901,12.943,Marine National Park,Southern Management Area,4,Southern
21-547,U/N Reef (21-547),152.212,-21.941,247.115,Marine National Park,Southern Management Area,4,Southern
21-561,U/N Reef (21-561),152.508,-21.713,32.099,Marine National Park,Southern Management Area,4,Southern
21-563,U/N Reef (21-563),152.521,-21.729,96.785,Marine National Park,Southern Management Area,4,Southern
21-564,Half Tide Reef (21-564),152.509,-21.774,1536.264,Marine National Park,Southern Management Area,4,Southern
21-581,U/N Reef (21-581),152.626,-21.94,89.677,Marine National Park,Southern Management Area,4,Southern
21-583,U/N Reef (21-583),152.658,-21.943,57.665,Marine National Park,Southern Management Area,4,Southern
21-584,Jenkins Reef (21-584),152.6,-21.955,353.634,Marine National Park,Southern Management Area,4,Southern
21-585,U/N Reef (21-585),152.572,-21.966,106.36,Marine National Park,Southern Management Area,4,Southern
21-587,U/N Reef (21-587),152.661,-21.974,82.632,Marine National Park,Southern Management Area,4,Southern
21-588,Wade Reef (21-588),152.649,-21.985,215.473,Marine National Park,Southern Management Area,4,Southern
21-589,Littles Reef (21-589),152.543,-21.978,104.175,Marine National Park,Southern Management Area,4,Southern
21-590,U/N Reef (21-590),152.566,-21.982,173.282,Marine National Park,Southern Management Area,4,Southern
21-592,Adroit Shoal (21-592),151.04,-21.584,16.914,Marine National Park,Southern Management Area,4,Southern
21-599,U/N Reef (21-599),151.497,-21.317,23.264,Marine National Park,Southern Management Area,4,Southern
21-609,U/N Reef (21-609),151.709,-21.3,10.094,Marine National Park,Southern Management Area,4,Southern
21-611,U/N Reef (21-611),151.716,-21.318,52.857,Marine National Park,Southern Management Area,4,Southern
21-617,U/N Reef (21-617),151.816,-21.143,21.519,Marine National Park,Southern Management Area,4,Southern
21-629,U/N Reef (21-629),152.168,-21.083,354.319,Marine National Park,Southern Management Area,4,Southern
21-634,U/N Reef (21-634),152.261,-21.199,34.699,Marine National Park,Southern Management Area,4,Southern
21-639,U/N Reef (21-639),152.411,-21.159,176.033,Marine National Park,Southern Management Area,4,Southern
21-640,U/N Reef (21-640),152.42,-21.184,58.397,Marine National Park,Southern Management Area,4,Southern
21-641,U/N Reef (21-641),152.426,-21.17,13.102,Marine National Park,Southern Management Area,4,Southern
21-643,U/N Reef (21-643),152.474,-21.345,6.216,Marine National Park,Southern Management Area,4,Southern
21-644,U/N Reef (21-644),152.487,-21.377,19.136,Marine National Park,Southern Management Area,4,Southern
21-655,U/N Reef (21-655),152.499,-21.117,13.516,Marine National Park,Southern Management Area,4,Southern
21-656,U/N Reef (21-656),152.513,-21.074,76.377,Marine National Park,Southern Management Area,4,Southern
21-657,U/N Reef (21-657),152.549,-21.368,7.785,Marine National Park,Southern Management Area,4,Southern
21-658,U/N Reef (21-658),152.552,-21.307,14.12,Marine National Park,Southern Management Area,4,Southern
21-698,U/N Reef (21-698),152.15,-21.914,7.801,Marine National Park,Southern Management Area,4,Southern
21-700,U/N Reef (21-700),152.153,-21.91,6.613,Marine National Park,Southern Management Area,4,Southern
21-701,U/N Reef (21-701),152.154,-21.919,7.236,Marine National Park,Southern Management Area,4,Southern
21-706,U/N Reef (21-706),152.206,-21.862,14.737,Marine National Park,Southern Management Area,4,Southern
21-709,U/N Reef (21-709),152.21,-21.865,15.266,Marine National Park,Southern Management Area,4,Southern
21-714,U/N Reef (21-714),152.224,-21.864,5.868,Marine National Park,Southern Management Area,4,Southern
21-715,U/N Reef (21-715),152.229,-21.95,22.065,Marine National Park,Southern Management Area,4,Southern
21-724,U/N Reef (21-724),152.259,-21.777,759.529,Marine National Park,Southern Management Area,4,Southern
21-729,U/N Reef (21-729),152.273,-21.804,15.223,Marine National Park,Southern Management Area,4,Southern
21-733,U/N Reef (21-733),152.3,-21.858,6.661,Marine National Park,Southern Management Area,4,Southern
21-736,U/N Reef (21-736),152.305,-21.79,1398.714,Marine National Park,Southern Management Area,4,Southern
21-757,U/N Reef (21-757),152.365,-21.85,19.389,Marine National Park,Southern Management Area,4,Southern
21-760,U/N Reef (21-760),152.372,-21.753,18.172,Marine National Park,Southern Management Area,4,Southern
21-761,U/N Reef (21-761),152.376,-21.862,145.093,Marine National Park,Southern Management Area,4,Southern
21-777,U/N Reef (21-777),152.47,-21.819,8.919,Marine National Park,Southern Management Area,4,Southern
21-779,U/N Reef (21-779),152.514,-21.729,6.461,Marine National Park,Southern Management Area,4,Southern
21-780,U/N Reef (21-780),152.537,-21.61,30.522,Marine National Park,Southern Management Area,4,Southern
21-781,U/N Reef (21-781),152.538,-21.597,86.428,Marine National Park,Southern Management Area,4,Southern
21-805,U/N Reef (21-805),151.035,-21.307,459.589,Marine National Park,Southern Management Area,4,Southern
21-810,U/N Reef (21-810),151.129,-21.348,18.051,Marine National Park,Southern Management Area,4,Southern
21-814,U/N Reef (21-814),151.233,-21.463,6.289,Marine National Park,Southern Management Area,4,Southern
21-821,U/N Reef (21-821),151.404,-21.583,40.507,Marine National Park,Southern Management Area,4,Southern
21-823,U/N Reef (21-823),151.453,-21.333,141.812,Marine National Park,Southern Management Area,4,Southern
21-826,U/N Reef (21-826),150.951,-21.69,25.71,Marine National Park,Southern Management Area,4,Southern
21-827,U/N Reef (21-827),150.906,-21.71,1945.264,Marine National Park,Southern Management Area,4,Southern
21-828,U/N Reef (21-828),151.018,-21.725,46.521,Marine National Park,Southern Management Area,4,Southern
21-829a,U/N Reef (21-829a),150.938,-21.649,2153.309,Marine National Park,Southern Management Area,4,Southern
21-829b,U/N Reef (21-829b),150.945,-21.664,9.594,Marine National Park,Southern Management Area,4,Southern
21-829c,U/N Reef (21-829c),150.912,-21.673,14.682,Marine National Park,Southern Management Area,4,Southern
22-003a,Wild Duck Island Reef (No 1) (22-003a),149.887,-21.996,113.997,Marine National Park,Southern Management Area,4,Southern
22-003b,Wild Duck Island Reef (No 2) (22-003b),149.868,-22.008,72.573,Marine National Park,Southern Management Area,4,Southern
22-005,Infelix Islets Reef (22-005),149.831,-22.024,195.116,Marine National Park,Southern Management Area,4,Southern
22-007,North Point Cays Reef (22-007),149.812,-22.043,28.987,Marine National Park,Southern Management Area,4,Southern
22-017,Boyle Reef (22-017),149.843,-22.138,136.3,Marine National Park,Southern Management Area,4,Southern
22-020,West Side Reef (22-020),149.85,-22.149,75.351,Marine National Park,Southern Management Area,4,Southern
22-024,Coal Reef (22-024),149.865,-22.144,19.398,Marine National Park,Southern Management Area,4,Southern
22-026,One Fathom Patch (22-026),149.75,-22.264,25.62,Marine National Park,Southern Management Area,4,Southern
22-027,Turtle Island Reef (22-027),149.776,-22.359,66.342,Marine National Park,Southern Management Area,4,Southern
22-028,U/N Reef (22-028),149.819,-22.388,87.311,Marine National Park,Southern Management Area,4,Southern
22-029,Woods Reef (22-029),149.904,-22.47,49.302,Marine National Park,Southern Management Area,4,Southern
22-058,Master Rocks Reef (22-058),150.284,-22.337,7.358,Marine National Park,Southern Management Area,4,Southern
22-063,Marquis Reef (22-063),150.452,-22.308,348.43,Marine National Park,Southern Management Area,4,Southern
22-065,Round Rock Ledges (22-065),150.459,-22.35,160.131,Marine National Park,Southern Management Area,4,Southern
22-068,U/N Reef (22-068),150.339,-22.434,108.028,Marine National Park,Southern Management Area,4,Southern
22-147b,South Hixson Reef (22-147b),152.72,-22.356,194.796,Marine National Park,Southern Management Area,4,Southern
22-148a,Howard Patch (No 1) (22-148a),152.597,-22.395,174.643,Marine National Park,Southern Management Area,4,Southern
22-148c,Howard Patch (No 3) (22-148c),152.613,-22.377,434.37,Marine National Park,Southern Management Area,4,Southern
22-157,Barcoo Bank (22-157),151.659,-22.856,363.942,Marine National Park,Southern Management Area,4,Southern
22-161,Archer Shoal (22-161),152.674,-22.613,307.191,Marine National Park,Southern Management Area,4,Southern
22-167,Earl Banks (22-167),150.405,-22.327,203.636,Marine National Park,Southern Management Area,4,Southern
22-841,U/N Reef (22-841),152.518,-22.02,224.901,Marine National Park,Southern Management Area,4,Southern
22-842,U/N Reef (22-842),152.541,-22.02,10.35,Marine National Park,Southern Management Area,4,Southern
22-843,U/N Reef (22-843),152.544,-22.009,10.448,Marine National Park,Southern Management Area,4,Southern
22-844,U/N Reef (22-844),152.552,-22.016,7.361,Marine National Park,Southern Management Area,4,Southern
23-004a,North Keppel (Ko-no-mie) Island Rf (No 1) 23-004a,150.9,-23.063,171.427,Marine National Park,Southern Management Area,4,Southern
23-010,Middle (Ba-la-ba) Island Reef (23-010),150.916,-23.168,67.199,Marine National Park,Southern Management Area,4,Southern
23-025,Split Rock Reef (23-025),150.93,-23.332,2.412,Marine National Park,Southern Management Area,4,Southern
23-027,Arch Reef (23-027),150.943,-23.361,2.66,Marine National Park,Southern Management Area,4,Southern
23-033,Egg Reef (23-033),151.1,-23.198,13.564,Marine National Park,Southern Management Area,4,Southern
23-035,Jabiru Shoals (23-035),151.069,-23.347,389.489,Marine National Park,Southern Management Area,4,Southern
23-045b,North Reef (South) (23-045b),151.888,-23.205,31.04,Marine National Park,Southern Management Area,4,Southern
23-047,Brew Shoal (23-047),151.762,-23.257,429.209,Marine National Park,Southern Management Area,4,Southern
23-059c,Curtis Island Reef (No 3) (23-059c),151.281,-23.676,166.967,Marine National Park,Southern Management Area,4,Southern
23-070,Irving Reef (23-070),151.627,-23.539,2116.348,Marine National Park,Southern Management Area,4,Southern
23-074c,U/N Reef (23-074c),151.658,-23.981,31.488,Marine National Park,Southern Management Area,4,Southern
23-074d,U/N Reef (23-074d),151.675,-23.988,53.993,Marine National Park,Southern Management Area,4,Southern
24-006,Red Rocks Reef (24-006),151.951,-24.262,73.738,Marine National Park,Southern Management Area,4,Southern
24-010,U/N Reef (24-010),153.104,-24.388,1678.27,Marine National Park,Southern Management Area,4,Southern
24-011,Porpoise Shoal (24-011),153.149,-24.643,253.942,Marine National Park,Southern Management Area,4,Southern
24-012,Long Shoal (24-012),153.125,-24.525,2034.641,Marine National Park,Southern Management Area,4,Southern
17-054,U/N Reef (17-054),146.139,-17.964,34.41,Conservation Park,Central Management Area,3,Central
17-055,Thorpe (Timana) Reef (17-055),146.136,-17.977,71.08,Conservation Park,Central Management Area,3,Central
17-056,U/N Reef (17-056),146.1,-17.969,142.532,Conservation Park,Central Management Area,3,Central
18-001,Richards (Bedarra) Reef (18-001),146.152,-18.008,48.019,Conservation Park,Central Management Area,3,Central
18-003,Wheeler (Toolgbar) Island Reef (18-003),146.166,-18.026,33.063,Conservation Park,Central Management Area,3,Central
18-004,Coombe Reef (18-004),146.176,-18.04,44.544,Conservation Park,Central Management Area,3,Central
18-010,Goold Reef (18-010),146.159,-18.167,345.412,Conservation Park,Central Management Area,3,Central
18-011,Garden Reef (18-011),146.145,-18.182,16.303,Conservation Park,Central Management Area,3,Central
18-013,Eva Reef (18-013),146.324,-18.235,74.803,Conservation Park,Central Management Area,3,Central
18-028,U/N Reef (18-028),146.763,-18.387,164.492,Conservation Park,Central Management Area,3,Central
18-037,Needle Reef (18-037),147.205,-18.361,220.705,Conservation Park,Central Management Area,3,Central
18-049b,Orpheus (Goolboddi) Island Reef (No 2) (18-049b),146.495,-18.634,98.939,Conservation Park,Central Management Area,3,Central
18-049c,Orpheus (Goolboddi) Island Reef (No 3) (18-049c),146.489,-18.658,164.308,Conservation Park,Central Management Area,3,Central
18-054b,Great Palm Island Reef (No 2) (18-054b),146.61,-18.765,617.228,Conservation Park,Central Management Area,3,Central
18-054c,Great Palm Island Reef (No 3) (18-054c),146.679,-18.765,162.866,Conservation Park,Central Management Area,3,Central
18-054d,Great Palm Island Reef (No 4) (18-054d),146.692,-18.751,90.887,Conservation Park,Central Management Area,3,Central
18-054e,Great Palm Island Reef (No 5) (18-054e),146.645,-18.742,229.156,Conservation Park,Central Management Area,3,Central
18-054f,Great Palm Island Reef (No 6) (18-054f),146.599,-18.695,74.713,Conservation Park,Central Management Area,3,Central
18-054g,Great Palm Island Reef (No 7) (18-054g),146.584,-18.682,54.875,Conservation Park,Central Management Area,3,Central
18-061,Barber (Boodthean) Reef (18-061),146.666,-18.777,10.189,Conservation Park,Central Management Area,3,Central
19-009a,Cockle Bay Reef (19-009a),146.81,-19.168,779.684,Conservation Park,Central Management Area,3,Central
19-010,U/N Reef (19-010),146.835,-19.185,29.933,Conservation Park,Central Management Area,3,Central
19-011,Middle Reef (19-011),146.815,-19.198,40.533,Conservation Park,Central Management Area,3,Central
19-012,Virago Shoal (19-012),146.793,-19.21,47.071,Conservation Park,Central Management Area,3,Central
19-013,Salamander Reef (19-013),147.066,-19.179,12.591,Conservation Park,Central Management Area,3,Central
19-016,Bray Reef (19-016),147.063,-19.246,11.505,Conservation Park,Central Management Area,3,Central
19-101,U/N Reef (19-101),147.759,-19.727,27.702,Conservation Park,Central Management Area,3,Central
19-136c,U/N Reef (19-136c),149.126,-19.753,140.382,Conservation Park,Central Management Area,3,Central
20-003a,Gloucester Reef (No 1) (20-003a),148.449,-20.038,291.292,Conservation Park,Central Management Area,3,Central
20-003b,Gloucester Reef (No 2) (20-003b),148.469,-19.994,14.592,Conservation Park,Central Management Area,3,Central
20-003c,Gloucester Reef (No 3) (20-003c),148.476,-19.999,0.555,Conservation Park,Central Management Area,3,Central
20-003d,Gloucester Reef (No 4) (20-003d),148.476,-20.003,1.881,Conservation Park,Central Management Area,3,Central
20-003e,Gloucester Reef (No 5) (20-003e),148.475,-20.019,12.497,Conservation Park,Central Management Area,3,Central
20-003f,Gloucester Reef (No 6) (20-003f),148.476,-20.027,0.546,Conservation Park,Central Management Area,3,Central
20-003g,Gloucester Reef (No 7) (20-003g),148.476,-20.03,0.37,Conservation Park,Central Management Area,3,Central
20-003h,Gloucester Reef (No 8) (20-003h),148.476,-20.042,9.235,Conservation Park,Central Management Area,3,Central
20-024,Double Cone Reef (20-024),148.714,-20.107,73.22,Conservation Park,Central Management Area,3,Central
20-028a,Hook Island Reef (No 1) (20-028a),148.944,-20.115,225.662,Conservation Park,Central Management Area,3,Central
20-028d,Hook Island Reef (No 4) (20-028d),148.903,-20.151,421.863,Conservation Park,Central Management Area,3,Central
20-028e,Hook Island Reef (No 5) (20-028e),148.897,-20.115,121.198,Conservation Park,Central Management Area,3,Central
20-033,North Molle Reef (20-033),148.821,-20.232,40.388,Conservation Park,Central Management Area,3,Central
20-034,Mid Molle Reef (20-034),148.83,-20.249,11.483,Conservation Park,Central Management Area,3,Central
20-035a,Daydream Reef (No 1) (20-035a),148.814,-20.253,5.88,Conservation Park,Central Management Area,3,Central
20-035b,Daydream Reef (No 2) (20-035b),148.814,-20.261,4.043,Conservation Park,Central Management Area,3,Central
20-035c,Daydream Reef (No 3) (20-035c),148.815,-20.257,3.198,Conservation Park,Central Management Area,3,Central
20-035d,Daydream Reef (No 4) (20-035d),148.815,-20.253,0.664,Conservation Park,Central Management Area,3,Central
20-037,Ross Islet Reef (20-037),148.926,-20.262,3.427,Conservation Park,Central Management Area,3,Central
20-039,Hill Rock Reef (20-039),148.911,-20.262,48.293,Conservation Park,Central Management Area,3,Central
20-040,Cid Reef (20-040),148.918,-20.27,38.625,Conservation Park,Central Management Area,3,Central
20-041,Fitzalan Island Reef (20-041),148.96,-20.331,6.566,Conservation Park,Central Management Area,3,Central
20-041e,Whitsunday Island Reef (No 5) (20-041e),149.055,-20.302,67.034,Conservation Park,Central Management Area,3,Central
20-041f,Whitsunday Island Reef (No 6) (20-041f),149.045,-20.313,5.355,Conservation Park,Central Management Area,3,Central
20-041g,Whitsunday Island Reef (No 7) (20-041g),149.042,-20.307,46.189,Conservation Park,Central Management Area,3,Central
20-041h,Whitsunday Island Reef (No 8) (20-041h),148.983,-20.315,37.708,Conservation Park,Central Management Area,3,Central
20-041j,Whitsunday Island Reef (No 9) (20-041j),148.955,-20.314,294.966,Conservation Park,Central Management Area,3,Central
20-041k,Whitsunday Island Reef (No 10) (20-041k),148.951,-20.297,268.842,Conservation Park,Central Management Area,3,Central
20-041l,Whitsunday Island Reef (No 11) (20-041l),148.93,-20.298,33.714,Conservation Park,Central Management Area,3,Central
20-041m,Whitsunday Island Reef (No 12) (20-041m),148.921,-20.29,81.71,Conservation Park,Central Management Area,3,Central
20-041n,Whitsunday Island Reef (No 13) (20-041n),148.925,-20.278,58.093,Conservation Park,Central Management Area,3,Central
20-041o,Whitsunday Island Reef (No 14) (20-041o),148.952,-20.244,392.923,Conservation Park,Central Management Area,3,Central
20-041u,Whitsunday Island Reef (No 19) (20-041u),148.968,-20.328,8.605,Conservation Park,Central Management Area,3,Central
20-041v,Whitsunday Island Reef (No 20) (20-041v),148.981,-20.323,8.896,Conservation Park,Central Management Area,3,Central
20-041w,Whitsunday Island Reef (No 21) (20-041w),148.992,-20.306,51.512,Conservation Park,Central Management Area,3,Central
20-041x,Whitsunday Island Reef (No 22) (20-041x),149.006,-20.31,15.951,Conservation Park,Central Management Area,3,Central
20-041y,Whitsunday Island Reef (No 23) (20-041y),149.014,-20.316,3.011,Conservation Park,Central Management Area,3,Central
20-041z,Whitsunday Island Reef (No 24) (20-041z),149.032,-20.306,34.217,Conservation Park,Central Management Area,3,Central
20-042b,South Molle Reef (No 2) (20-042b),148.827,-20.278,11.227,Conservation Park,Central Management Area,3,Central
20-042c,South Molle Reef (No 3) (20-042c),148.831,-20.263,32.264,Conservation Park,Central Management Area,3,Central
20-042d,South Molle Reef (No 4) (20-042d),148.841,-20.261,5.465,Conservation Park,Central Management Area,3,Central
20-043,Planton Reef (20-043),148.851,-20.267,9.592,Conservation Park,Central Management Area,3,Central
20-048,Shute Reef (20-048),148.801,-20.297,16.881,Conservation Park,Central Management Area,3,Central
20-049a,Repair Reef (20-049a),148.792,-20.297,23.864,Conservation Park,Central Management Area,3,Central
20-049b,Tancred Reef (20-049b),148.796,-20.299,39.375,Conservation Park,Central Management Area,3,Central
20-053,Henning Reef (20-053),148.93,-20.323,145.307,Conservation Park,Central Management Area,3,Central
20-055,Perseverance Reef (20-055),148.992,-20.355,11.558,Conservation Park,Central Management Area,3,Central
20-056,Young Island Reef (20-056),148.997,-20.357,3.265,Conservation Park,Central Management Area,3,Central
20-057a,Hamilton Island Reef (No 1) (20-057a),148.965,-20.345,79.956,Conservation Park,Central Management Area,3,Central
20-057b,Hamilton island Reef (No 2) (20-057b),148.964,-20.362,67.99,Conservation Park,Central Management Area,3,Central
20-057c,Hamilton Island Reef (No 3) (20-057c),148.948,-20.338,32.9,Conservation Park,Central Management Area,3,Central
20-057d,Hamilton Island Reef (No 4) (20-057d),148.947,-20.357,3.426,Conservation Park,Central Management Area,3,Central
20-057e,Hamilton Island Reef (No 5) (20-057e),148.949,-20.364,41.624,Conservation Park,Central Management Area,3,Central
20-060a,Long Island Reef (No 1) (20-060a),148.848,-20.329,51.269,Conservation Park,Central Management Area,3,Central
20-060b,Long Island Reef (No 2) (20-060b),148.847,-20.343,23.362,Conservation Park,Central Management Area,3,Central
20-060c,Long Island Reef (No 3) (20-060c),148.848,-20.363,22.03,Conservation Park,Central Management Area,3,Central
20-060d,Long Island Reef (No 4) (20-060d),148.851,-20.374,16.315,Conservation Park,Central Management Area,3,Central
20-060f,Long Island Reef (No 6) (20-060f),148.858,-20.352,87.777,Conservation Park,Central Management Area,3,Central
20-060g,Long Island Reef (No 7) (20-060g),148.874,-20.389,6.967,Conservation Park,Central Management Area,3,Central
20-060h,Long Island Reef (No 8) (20-060h),148.856,-20.325,2.074,Conservation Park,Central Management Area,3,Central
20-076,Lagoon Rock Reef (20-076),149.042,-20.267,3.947,Conservation Park,Central Management Area,3,Central
20-077,U/N Reef (20-077),149.08,-20.262,14.079,Conservation Park,Central Management Area,3,Central
20-078a,Haslewood Island Reef (No 1) (20-078a),149.093,-20.264,93.937,Conservation Park,Central Management Area,3,Central
20-078b,Haslewood Island Reef (No 2) (20-078b),149.075,-20.275,44.306,Conservation Park,Central Management Area,3,Central
20-078c,Haslewood Island Reef (No 3) (20-078c),149.073,-20.296,33.036,Conservation Park,Central Management Area,3,Central
20-078d,Haslewood Island Reef (No 4) (20-078d),149.082,-20.301,34.624,Conservation Park,Central Management Area,3,Central
20-079,Workington Reef (20-079),149.119,-20.27,6.746,Conservation Park,Central Management Area,3,Central
20-081,Nicolson Reef (20-081),149.094,-20.305,9.181,Conservation Park,Central Management Area,3,Central
20-082,Teague Reef (20-082),149.069,-20.304,22.279,Conservation Park,Central Management Area,3,Central
20-085,Pentecost Reef (20-085),149.028,-20.399,30.081,Conservation Park,Central Management Area,3,Central
20-086,Cole Island Reef (20-086),149.007,-20.423,21.372,Conservation Park,Central Management Area,3,Central
20-087,Anne Island Reef (20-087),149.016,-20.421,4.804,Conservation Park,Central Management Area,3,Central
20-090a,Lindeman Island Reef (No 1) (20-090a),149.032,-20.432,72.722,Conservation Park,Central Management Area,3,Central
20-090b,Lindeman Island Reef (No 2) (20-090b),149.029,-20.446,17.052,Conservation Park,Central Management Area,3,Central
20-090c,Lindeman Island Reef (No 3) (20-090c),149.051,-20.456,54.801,Conservation Park,Central Management Area,3,Central
20-090e,Lindeman Island Reef (No 5) (20-090e),149.058,-20.447,13.889,Conservation Park,Central Management Area,3,Central
20-092,Sidney Reef (20-092),149.01,-20.449,0.913,Conservation Park,Central Management Area,3,Central
20-095,Seaforth Reef (20-095),149.036,-20.47,15.94,Conservation Park,Central Management Area,3,Central
20-098,Brush Island Reef (20-098),149.054,-20.486,2.379,Conservation Park,Central Management Area,3,Central
20-099,Little Lindeman Reef (20-099),149.032,-20.422,6.923,Conservation Park,Central Management Area,3,Central
20-101,Yellow Rock Reef (20-101),149.06,-20.474,2.303,Conservation Park,Central Management Area,3,Central
20-102b,Shaw Island Reef (No 2) (20-102b),149.08,-20.458,30.161,Conservation Park,Central Management Area,3,Central
20-102c,Shaw Island Reef (No 3) (20-102c),149.074,-20.474,51.483,Conservation Park,Central Management Area,3,Central
20-102d,Shaw Island Reef (No 4) (20-102d),149.058,-20.499,381.073,Conservation Park,Central Management Area,3,Central
20-102j,Shaw Island Reef (No 11) (20-102j),149.076,-20.451,3.518,Conservation Park,Central Management Area,3,Central
20-205,U/N Reef (20-205),148.929,-20.528,11.465,Conservation Park,Central Management Area,3,Central
20-206,Ripple Rocks Reef (20-206),148.936,-20.528,2.049,Conservation Park,Central Management Area,3,Central
20-403,Pigeon Reef (20-403),148.696,-20.267,5.68,Conservation Park,Central Management Area,3,Central
20-404,U/N Reef (20-404),149.007,-20.406,0.608,Conservation Park,Central Management Area,3,Central
20-642,U/N Reef (20-642),148.934,-20.32,1.987,Conservation Park,Central Management Area,3,Central
20-803,Martin Islet Reef (20-803),149.069,-20.286,4.154,Conservation Park,Central Management Area,3,Central
20-826,U/N Reef (20-826),148.965,-20.368,1.153,Conservation Park,Central Management Area,3,Central
20-827,U/N Reef (20-827),148.963,-20.369,1.209,Conservation Park,Central Management Area,3,Central
11-133,U/N Reef (11-133),142.844,-11.564,508.955,Conservation Park,Far Northern Management Area,1,Far Northern
11-135,U/N Reef (11-135),142.857,-11.628,45.149,Conservation Park,Far Northern Management Area,1,Far Northern
12-016b,Forbes Islands Reef (12-016b),143.409,-12.293,157.986,Conservation Park,Far Northern Management Area,1,Far Northern
12-021,Andrew Reef (12-021),143.242,-12.355,44.554,Conservation Park,Far Northern Management Area,1,Far Northern
12-022,U/N Reef (12-022),143.216,-12.364,699.927,Conservation Park,Far Northern Management Area,1,Far Northern
12-023,Kangaroo Shoals (12-023),143.274,-12.389,433.787,Conservation Park,Far Northern Management Area,1,Far Northern
12-084,Lloyd Island Reef (12-084),143.398,-12.755,205.252,Conservation Park,Far Northern Management Area,1,Far Northern
12-087,U/N Reef (12-087),143.369,-12.777,271.725,Conservation Park,Far Northern Management Area,1,Far Northern
12-088,Sunter Reef (12-088),143.413,-12.78,29.66,Conservation Park,Far Northern Management Area,1,Far Northern
13-029,U/N Reef (13-029),143.522,-13.171,458.22,Conservation Park,Far Northern Management Area,1,Far Northern
13-030,U/N Reef (13-030),143.551,-13.177,507.677,Conservation Park,Far Northern Management Area,1,Far Northern
13-101a,Rattlesnake Reefs (No 1) (13-101a),143.638,-13.874,32.395,Conservation Park,Far Northern Management Area,1,Far Northern
13-101b,Rattlesnake Reefs (No 2) (13-101b),143.644,-13.882,20.013,Conservation Park,Far Northern Management Area,1,Far Northern
13-101c,Rattlesnake Reefs (No 3) (13-101c),143.656,-13.901,166.734,Conservation Park,Far Northern Management Area,1,Far Northern
13-102,U/N Reef (13-102),143.602,-13.885,290.308,Conservation Park,Far Northern Management Area,1,Far Northern
13-105,U/N Reef (13-105),143.679,-13.916,25.63,Conservation Park,Far Northern Management Area,1,Far Northern
13-110,U/N Reef (13-110),143.615,-13.926,264.418,Conservation Park,Far Northern Management Area,1,Far Northern
13-112,U/N Reef (13-112),143.648,-13.949,249.262,Conservation Park,Far Northern Management Area,1,Far Northern
13-114,Obree Reef (13-114),143.682,-13.976,30.206,Conservation Park,Far Northern Management Area,1,Far Northern
14-001,U/N Reef (14-001),143.686,-14.03,250.855,Conservation Park,Far Northern Management Area,1,Far Northern
14-010,U/N Reef (14-010),143.702,-14.141,1009.342,Conservation Park,Far Northern Management Area,1,Far Northern
14-024,Channel Rocks Reef (14-024),144.484,-14.143,35.859,Conservation Park,Far Northern Management Area,1,Far Northern
14-025,Boulder Rock Reef (14-025),144.485,-14.148,25.898,Conservation Park,Far Northern Management Area,1,Far Northern
14-026a,Stanley Island Reef (No 1) (14-026a),144.246,-14.141,87.169,Conservation Park,Far Northern Management Area,1,Far Northern
14-026b,Stanley Island Reef (No 2) (14-026b),144.254,-14.151,53.823,Conservation Park,Far Northern Management Area,1,Far Northern
14-026c,Stanley Island Reef (No 3) (14-026c),144.232,-14.164,17.681,Conservation Park,Far Northern Management Area,1,Far Northern
14-026d,Stanley Island Reef (No 4) (14-026d),144.219,-14.174,72.563,Conservation Park,Far Northern Management Area,1,Far Northern
14-026e,Stanley Island Reef (No 5) (14-026e),144.216,-14.162,276.176,Conservation Park,Far Northern Management Area,1,Far Northern
14-029,MacLear Reef (14-029),144.246,-14.209,10.192,Conservation Park,Far Northern Management Area,1,Far Northern
14-031,Blackwood Reef (14-031),144.222,-14.218,137.768,Conservation Park,Far Northern Management Area,1,Far Northern
14-032,Denham Reef (14-032),144.268,-14.222,47.099,Conservation Park,Far Northern Management Area,1,Far Northern
14-033a,Rocky Islets Reef (North) (14-033a),144.348,-14.256,51.489,Conservation Park,Far Northern Management Area,1,Far Northern
14-033b,Rocky Islets Reef (South) (14-033b),144.356,-14.271,18.812,Conservation Park,Far Northern Management Area,1,Far Northern
14-042a,Flinders Island Reef (No 1) (14-042a),144.279,-14.174,113.697,Conservation Park,Far Northern Management Area,1,Far Northern
14-042b,Flinders Island Reef (No 2) (14-042b),144.255,-14.195,78.169,Conservation Park,Far Northern Management Area,1,Far Northern
14-042c,Flinders Island Reef (No 3) (14-042c),144.244,-14.171,159.683,Conservation Park,Far Northern Management Area,1,Far Northern
14-060,Barrow Reef (14-060),144.651,-14.343,96.654,Conservation Park,Far Northern Management Area,1,Far Northern
14-090,Howick Reef (14-090),144.97,-14.503,331.137,Conservation Park,Far Northern Management Area,1,Far Northern
14-094,Houghton Reef (14-094),144.973,-14.524,89.177,Conservation Park,Far Northern Management Area,1,Far Northern
15-004a,Murray Reefs (No  1) (15-004a),145.263,-15.095,7.32,Conservation Park,Northern Management Area,2,Northern
15-004b,Murray Reefs (No  2) (15-004b),145.269,-15.095,29.179,Conservation Park,Northern Management Area,2,Northern
15-004c,Murray Reefs (No  3) (15-004c),145.264,-15.101,4.628,Conservation Park,Northern Management Area,2,Northern
15-007,U/N Reef (15-007),145.248,-15.156,105.499,Conservation Park,Northern Management Area,2,Northern
15-008,Beor Reef (15-008),145.268,-15.159,38.579,Conservation Park,Northern Management Area,2,Northern
15-010,U/N Reef (15-010),145.247,-15.176,58.699,Conservation Park,Northern Management Area,2,Northern
15-059a,U/N Reef (15-059a),145.354,-15.705,633.907,Conservation Park,Northern Management Area,2,Northern
15-064,Hope Islands Reef (West) (15-064),145.44,-15.739,331.767,Conservation Park,Northern Management Area,2,Northern
15-066,U/N Reef (15-066),145.4,-15.94,165.069,Conservation Park,Northern Management Area,2,Northern
15-067,U/N Reef (15-067),145.368,-15.919,187.691,Conservation Park,Northern Management Area,2,Northern
16-003,U/N Reef (16-003),145.464,-16.104,102.121,Conservation Park,Northern Management Area,2,Northern
16-004,Struck Reef (16-004),145.446,-16.167,28.389,Conservation Park,Northern Management Area,2,Northern
16-006,Snapper Reef (16-006),145.5,-16.298,98.202,Conservation Park,Northern Management Area,2,Northern
16-010,Morey Reef (16-010),145.447,-16.473,255.666,Conservation Park,Northern Management Area,2,Northern
16-037,Wentworth Reef (16-037),145.523,-16.517,104.894,Conservation Park,Northern Management Area,2,Northern
16-038,Egmont Reef (16-038),145.536,-16.523,10.673,Conservation Park,Northern Management Area,2,Northern
16-039a,Alexandra Reefs (No 1) (16-039a),145.497,-16.532,538.026,Conservation Park,Northern Management Area,2,Northern
16-039b,Alexandra Reefs (No 2) (16-039b),145.507,-16.559,411.673,Conservation Park,Northern Management Area,2,Northern
16-043b,U/N Reef (16-043b),145.948,-16.618,125.6,Conservation Park,Northern Management Area,2,Northern
16-044a,U/N Reef (16-044a),145.973,-16.646,120.171,Conservation Park,Northern Management Area,2,Northern
16-045a,Unity Reef (No 1) (16-045a),145.571,-16.658,9.024,Conservation Park,Northern Management Area,2,Northern
16-051a,Rocky Island Reef (16-051a),145.895,-16.884,0.196,Conservation Park,Northern Management Area,2,Northern
16-051b,Rocky Island Reef (16-051b),145.894,-16.887,10.56,Conservation Park,Northern Management Area,2,Northern
16-054a-g,Fitzroy Island Reefs,145.994,-16.925,16.378,Conservation Park,Northern Management Area,2,Northern
16-080,Korea Reef (16-080),145.553,-16.555,208.937,Conservation Park,Northern Management Area,2,Northern
16-081,Yule Reef (16-081),145.53,-16.56,11.132,Conservation Park,Northern Management Area,2,Northern
16-082,Garioch Reef (16-082),145.532,-16.594,20.487,Conservation Park,Northern Management Area,2,Northern
16-083,U/N Reef (16-083),145.472,-16.083,4.819,Conservation Park,Northern Management Area,2,Northern
16-084,U/N Reef (16-084),145.47,-16.084,1.163,Conservation Park,Northern Management Area,2,Northern
16-085,U/N Reef (16-085),145.469,-16.088,11.65,Conservation Park,Northern Management Area,2,Northern
16-086,U/N Reef (16-086),145.458,-16.206,12.057,Conservation Park,Northern Management Area,2,Northern
16-089,U/N Reef (16-089),145.532,-16.608,17.795,Conservation Park,Northern Management Area,2,Northern
16-095,U/N Reef (16-095),145.916,-16.865,0.057,Conservation Park,Northern Management Area,2,Northern
17-012b,Jones Patch (17-012b),146.078,-17.22,6.834,Conservation Park,Northern Management Area,2,Northern
17-043a,Jessie-Kent Reef (17-043a),146.177,-17.675,77.636,Conservation Park,Northern Management Area,2,Northern
17-043b,Bresnahan Reef (17-043b),146.169,-17.667,13.508,Conservation Park,Northern Management Area,2,Northern
17-043c,Hutchison Reef (17-043c),146.169,-17.674,21.689,Conservation Park,Northern Management Area,2,Northern
20-223,Low Rock Reef (20-223),148.881,-20.822,13.767,Conservation Park,Southern Management Area,4,Southern
20-224,Croaker Reef (20-224),148.9,-20.821,34.013,Conservation Park,Southern Management Area,4,Southern
20-225,Rabbit Reef (20-225),148.897,-20.828,24.401,Conservation Park,Southern Management Area,4,Southern
20-226,Fish Reef (20-226),148.927,-20.842,20.216,Conservation Park,Southern Management Area,4,Southern
20-228,Newry Reef (20-228),148.919,-20.846,8.755,Conservation Park,Southern Management Area,4,Southern
20-229,Red Cliff Islands Reef (20-229),148.96,-20.871,112.071,Conservation Park,Southern Management Area,4,Southern
20-230,U/N Reef (20-230),148.992,-20.891,82.24,Conservation Park,Southern Management Area,4,Southern
20-237b,Goldsmith Island Reef (No 2) (20-237b),149.144,-20.683,68.47,Conservation Park,Southern Management Area,4,Southern
20-237f,Goldsmith Island Reef (No 6) (20-237f),149.151,-20.67,21.927,Conservation Park,Southern Management Area,4,Southern
20-237g,U/N Reef (20-237g),149.138,-20.682,14.282,Conservation Park,Southern Management Area,4,Southern
20-252,Farrier Reef (20-252),149.141,-20.676,7.407,Conservation Park,Southern Management Area,4,Southern
20-253a,Linne Island Reef (No 1) (20-253a),149.189,-20.677,12.031,Conservation Park,Southern Management Area,4,Southern
20-254,Tinsmith Reef (20-254),149.201,-20.699,29.969,Conservation Park,Southern Management Area,4,Southern
20-255,Solder Reef (20-255),149.206,-20.698,9.844,Conservation Park,Southern Management Area,4,Southern
20-268,Baxendell Shoal (20-268),149.26,-20.773,73.067,Conservation Park,Southern Management Area,4,Southern
20-270b,Brampton Reef (20-270b),149.267,-20.816,215.381,Conservation Park,Southern Management Area,4,Southern
20-277b,Keswick Island Reef (No 2) (20-277b),149.401,-20.919,42.994,Conservation Park,Southern Management Area,4,Southern
20-277c,Keswick Island Reef (No 3) (20-277c),149.413,-20.922,38.577,Conservation Park,Southern Management Area,4,Southern
20-279a,St Bees Island Reef (No 1) (20-279a),149.437,-20.904,34.9,Conservation Park,Southern Management Area,4,Southern
20-279b,St Bees Island Reef (No 2) (20-279b),149.432,-20.93,42.499,Conservation Park,Southern Management Area,4,Southern
20-279c,St Bees Island Reef (No 3) (20-279c),149.448,-20.934,17.591,Conservation Park,Southern Management Area,4,Southern
20-280,Aspatria Reef (20-280),149.47,-20.93,61.264,Conservation Park,Southern Management Area,4,Southern
20-282,Wheatley Shoal (20-282),149.389,-20.93,28.973,Conservation Park,Southern Management Area,4,Southern
20-283,Flimby Shoal (20-283),149.419,-20.932,15.848,Conservation Park,Southern Management Area,4,Southern
20-284,Hesket Reef (20-284),149.481,-20.936,8.014,Conservation Park,Southern Management Area,4,Southern
20-285,Green Reef (20-285),149.151,-20.986,250.818,Conservation Park,Southern Management Area,4,Southern
21-025,Penrith Reef (21-025),149.898,-21.017,411.27,Conservation Park,Southern Management Area,4,Southern
22-077,Triangular Reef (22-077),150.508,-22.383,64.151,Conservation Park,Southern Management Area,4,Southern
22-155,U/N Reef (22-155),150.792,-22.934,233.978,Conservation Park,Southern Management Area,4,Southern
23-012e,Great Keppel (Wop-pa) Island Reef (No 5) (23-012e),150.935,-23.189,61.323,Conservation Park,Southern Management Area,4,Southern
23-016,Humpy (Bur-ye-Bur-ye) Reef (23-016),150.968,-23.211,43.339,Conservation Park,Southern Management Area,4,Southern
23-018,U/N Reef (23-018),150.798,-23.178,62.997,Conservation Park,Southern Management Area,4,Southern
23-052b,U/N Reef (23-052b),151.994,-23.476,13.796,Conservation Park,Southern Management Area,4,Southern
23-055b,U/N Reef (23-055b),152.047,-23.476,6.781,Conservation Park,Southern Management Area,4,Southern
23-055c,U/N Reef (23-055c),152.079,-23.473,5.86,Conservation Park,Southern Management Area,4,Southern
23-056,Rundle Reef (23-056),151.276,-23.534,316.693,Conservation Park,Southern Management Area,4,Southern
23-057,Bass Shoals (23-057),151.272,-23.557,77.224,Conservation Park,Southern Management Area,4,Southern
23-074a,U/N Reef (23-074a),151.625,-23.972,29.847,Conservation Park,Southern Management Area,4,Southern
23-074b,U/N Reef (23-074b),151.644,-23.975,49.333,Conservation Park,Southern Management Area,4,Southern
23-083a,U/N Reef (23-083a),150.816,-23.223,55.711,Conservation Park,Southern Management Area,4,Southern
23-088a,U/N Reef (23-088a),151.816,-23.5,101.383,Conservation Park,Southern Management Area,4,Southern
23-088b,U/N Reef (23-088b),151.817,-23.509,36.535,Conservation Park,Southern Management Area,4,Southern
14-136a,U/N Reef (14-136a),145.338,-14.942,6.663,General Use,Northern Management Area,2,Northern
14-136b,U/N Reef (14-136b),145.334,-14.948,7.323,General Use,Northern Management Area,2,Northern
16-091,U/N Reef (16-091),145.584,-16.688,2.449,General Use,Northern Management Area,2,Northern
16-092,U/N Reef (16-092),145.607,-16.695,25.678,General Use,Northern Management Area,2,Northern
17-076,U/N Reef (17-076),145.9,-17.008,0.875,General Use,Northern Management Area,2,Northern
19-009j,Magnetic Island Reef (No 8) (19-009j),146.789,-19.119,19.188,General Use,Central Management Area,3,Central
19-042,U/N Reef (19-042),148.072,-19.196,1488.3,General Use,Central Management Area,3,Central
19-275,U/N Reef (19-275),150.394,-19.923,39.078,General Use,Central Management Area,3,Central
19-280,U/N Reef (19-280),148.595,-19.38,66.222,General Use,Central Management Area,3,Central
19-296,U/N Reef (19-296),149.173,-19.624,80.504,General Use,Central Management Area,3,Central
19-312,U/N Reef (19-312),147.557,-19.022,63.038,General Use,Central Management Area,3,Central
20-004,Stone Reef (20-004),148.284,-20.037,236.351,General Use,Central Management Area,3,Central
20-038,U/N Reef (20-038),148.746,-20.251,344.361,General Use,Central Management Area,3,Central
20-1271,Callum Shoal (20-1271),149.482,-20.144,1821.028,General Use,Central Management Area,3,Central
20-203,Defiance (Dalys) Island Reef (20-203),148.819,-20.503,7.495,General Use,Central Management Area,3,Central
20-204a,Defiance Reefs (North) (20-204a),148.809,-20.509,2.172,General Use,Central Management Area,3,Central
20-204b,Defiance Reefs (South) (20-204b),148.808,-20.514,4.92,General Use,Central Management Area,3,Central
20-207,Cape Rock Reef (20-207),148.926,-20.542,0.575,General Use,Central Management Area,3,Central
20-211,U/N Reef (20-211),148.722,-20.628,65.425,General Use,Central Management Area,3,Central
20-212,U/N Reef (20-212),148.731,-20.646,13.914,General Use,Central Management Area,3,Central
20-620,U/N Reef (20-620),148.545,-20.075,2.663,General Use,Central Management Area,3,Central
20-621,U/N Reef (20-621),148.554,-20.072,13.417,General Use,Central Management Area,3,Central
20-622,U/N Reef (20-622),148.555,-20.094,9.492,General Use,Central Management Area,3,Central
20-623,U/N Reef (20-623),148.652,-20.211,73.477,General Use,Central Management Area,3,Central
20-624,U/N Reef (20-624),148.665,-20.211,30.703,General Use,Central Management Area,3,Central
20-625,U/N Reef (20-625),148.666,-20.196,7.031,General Use,Central Management Area,3,Central
20-626,U/N Reef (20-626),148.674,-20.186,31.066,General Use,Central Management Area,3,Central
20-638,U/N Reef (20-638),148.917,-20.535,9.577,General Use,Central Management Area,3,Central
20-800,U/N Reef (20-800),149.983,-20.307,88.482,General Use,Central Management Area,3,Central
20-220,High Islands Reef (North) (20-220),148.88,-20.795,14.185,General Use,Southern Management Area,4,Southern
20-221,High Islands Reef (South) (20-221),148.872,-20.805,33.734,General Use,Southern Management Area,4,Southern
20-275,Wedge Island Reef (20-275),149.059,-20.917,22.688,General Use,Southern Management Area,4,Southern
20-303,U/N Reef (20-303),150.415,-20.684,2702.808,General Use,Southern Management Area,4,Southern
20-559,U/N Reef (20-559),150.725,-20.982,82.576,General Use,Southern Management Area,4,Southern
20-580,U/N Reef (20-580),150.441,-20.737,115.21,General Use,Southern Management Area,4,Southern
21-004,Slade (Oyster) Island Reef (21-004),149.244,-21.097,7.447,General Use,Southern Management Area,4,Southern
21-056c,U/N Reef (21-056c),150.424,-21.057,11.31,General Use,Southern Management Area,4,Southern
21-373,Reef Islet Reef (21-373),149.599,-21.958,86.11,General Use,Southern Management Area,4,Southern
21-493,U/N Reef (21-493),152.135,-21.623,1936.039,General Use,Southern Management Area,4,Southern
21-503,U/N Reef (21-503),152.204,-21.687,1531.252,General Use,Southern Management Area,4,Southern
21-668,U/N Reef (21-668),151.891,-21.78,16.911,General Use,Southern Management Area,4,Southern
21-669,U/N Reef (21-669),151.895,-21.783,6.582,General Use,Southern Management Area,4,Southern
21-671,U/N Reef (21-671),151.9,-21.785,7.583,General Use,Southern Management Area,4,Southern
21-674,U/N Reef (21-674),151.926,-21.804,6.371,General Use,Southern Management Area,4,Southern
21-676,U/N Reef (21-676),151.96,-21.883,8.755,General Use,Southern Management Area,4,Southern
21-678,U/N Reef (21-678),151.972,-21.885,23.376,General Use,Southern Management Area,4,Southern
21-679,U/N Reef (21-679),151.987,-21.916,44.231,General Use,Southern Management Area,4,Southern
21-680,U/N Reef (21-680),152.005,-21.698,7.356,General Use,Southern Management Area,4,Southern
21-681,U/N Reef (21-681),152.019,-21.695,9.368,General Use,Southern Management Area,4,Southern
21-682,U/N Reef (21-682),152.021,-21.676,15.043,General Use,Southern Management Area,4,Southern
21-683,U/N Reef (21-683),152.022,-21.693,11.553,General Use,Southern Management Area,4,Southern
21-684,U/N Reef (21-684),152.025,-21.686,14.134,General Use,Southern Management Area,4,Southern
21-685,U/N Reef (21-685),152.028,-21.677,11.597,General Use,Southern Management Area,4,Southern
21-686,U/N Reef (21-686),152.028,-21.64,767.285,General Use,Southern Management Area,4,Southern
21-687,U/N Reef (21-687),152.034,-21.675,8.275,General Use,Southern Management Area,4,Southern
21-688,U/N Reef (21-688),152.035,-21.668,13.242,General Use,Southern Management Area,4,Southern
21-690,U/N Reef (21-690),152.078,-21.64,8.768,General Use,Southern Management Area,4,Southern
21-691,U/N Reef (21-691),152.081,-21.637,11.982,General Use,Southern Management Area,4,Southern
21-693,U/N Reef (21-693),152.1,-21.566,46.721,General Use,Southern Management Area,4,Southern
21-694,U/N Reef (21-694),152.142,-21.642,7.684,General Use,Southern Management Area,4,Southern
21-695,U/N Reef (21-695),152.143,-21.638,12.642,General Use,Southern Management Area,4,Southern
21-696,U/N Reef (21-696),152.145,-21.549,195.362,General Use,Southern Management Area,4,Southern
21-697,U/N Reef (21-697),152.148,-21.64,15.897,General Use,Southern Management Area,4,Southern
21-699,U/N Reef (21-699),152.151,-21.636,7.814,General Use,Southern Management Area,4,Southern
21-702,U/N Reef (21-702),152.161,-21.763,826.446,General Use,Southern Management Area,4,Southern
21-703,U/N Reef (21-703),152.163,-21.561,80.733,General Use,Southern Management Area,4,Southern
21-708,U/N Reef (21-708),152.209,-21.529,63.003,General Use,Southern Management Area,4,Southern
21-711,U/N Reef (21-711),152.215,-21.515,14.982,General Use,Southern Management Area,4,Southern
21-716,U/N Reef (21-716),152.229,-21.74,4.285,General Use,Southern Management Area,4,Southern
21-717,U/N Reef (21-717),152.229,-21.743,1.712,General Use,Southern Management Area,4,Southern
21-718,U/N Reef (21-718),152.234,-21.738,2.407,General Use,Southern Management Area,4,Southern
21-719,U/N Reef (21-719),152.236,-21.515,11.759,General Use,Southern Management Area,4,Southern
21-720,U/N Reef (21-720),152.246,-21.522,27.434,General Use,Southern Management Area,4,Southern
22-100,U/N Reef (22-100),152.503,-22.299,400.015,General Use,Southern Management Area,4,Southern
22-138,U/N Reef (22-138),152.561,-22.257,280.517,General Use,Southern Management Area,4,Southern
22-816,U/N Reef (22-816),152.474,-22.173,62.77,General Use,Southern Management Area,4,Southern
22-817,U/N Reef (22-817),152.497,-22.239,183.131,General Use,Southern Management Area,4,Southern
22-818,U/N Reef (22-818),152.536,-22.2,5.909,General Use,Southern Management Area,4,Southern
22-819,U/N Reef (22-819),152.541,-22.214,11.415,General Use,Southern Management Area,4,Southern
22-820,U/N Reef (22-820),152.553,-22.218,13.916,General Use,Southern Management Area,4,Southern
22-822,U/N Reef (22-822),152.57,-22.275,240.475,General Use,Southern Management Area,4,Southern
22-828,U/N Reef (22-828),152.287,-22.004,26.302,General Use,Southern Management Area,4,Southern
22-829,U/N Reef (22-829),152.299,-22.072,44.806,General Use,Southern Management Area,4,Southern
22-830,U/N Reef (22-830),152.314,-22.124,87.2,General Use,Southern Management Area,4,Southern
22-831,U/N Reef (22-831),152.348,-22.136,90.968,General Use,Southern Management Area,4,Southern
22-832,U/N Reef (22-832),152.332,-22.08,79.801,General Use,Southern Management Area,4,Southern
22-833,U/N Reef (22-833),152.369,-22.124,9.1,General Use,Southern Management Area,4,Southern
22-834,U/N Reef (22-834),152.375,-22.062,409.858,General Use,Southern Management Area,4,Southern
22-835,U/N Reef (22-835),152.376,-22.094,12.874,General Use,Southern Management Area,4,Southern
22-836,U/N Reef (22-836),152.403,-22.058,12.464,General Use,Southern Management Area,4,Southern
22-837,U/N Reef (22-837),152.41,-22.057,5.825,General Use,Southern Management Area,4,Southern
22-838,U/N Reef (22-838),152.401,-22.137,93.865,General Use,Southern Management Area,4,Southern
22-839,U/N Reef (22-839),152.478,-22.054,264.326,General Use,Southern Management Area,4,Southern
22-846,U/N Reef (22-846),152.572,-22.113,7.329,General Use,Southern Management Area,4,Southern
23-011,Bluff Rock Reef (23-011),150.804,-23.173,4.935,General Use,Southern Management Area,4,Southern
23-037,Ship Rock Reef (23-037),151.184,-23.408,11.255,General Use,Southern Management Area,4,Southern
23-038,Fairway Rock Reef (23-038),151.169,-23.417,20.532,General Use,Southern Management Area,4,Southern
23-039,Timandra Bank (23-039),151.024,-23.429,100.175,General Use,Southern Management Area,4,Southern
23-059a,Curtis Island Reef (No 1) (23-059a),151.02,-23.45,25.037,General Use,Southern Management Area,4,Southern
23-061f,Facing Island Reef (No 6) (23-061f),151.378,-23.88,66.813,General Use,Southern Management Area,4,Southern
23-065a,East Banks (East) (23-065a),151.393,-23.901,24.522,General Use,Southern Management Area,4,Southern
23-065b,East Banks (West) (23-065b),151.415,-23.897,29.296,General Use,Southern Management Area,4,Southern
23-087,U/N Reef (23-087),151.595,-23.427,255.206,General Use,Southern Management Area,4,Southern
23-089,U/N Reef (23-089),152.087,-23.679,108.999,General Use,Southern Management Area,4,Southern
10-322,North Brother Reef (10-322),142.673,-10.701,11.905,General Use,Far Northern Management Area,1,Far Northern
10-331,Harrington Shoal (10-331),142.711,-10.797,110.441,General Use,Far Northern Management Area,1,Far Northern
10-334,Four Fathom Patches (10-334),142.687,-10.82,168.348,General Use,Far Northern Management Area,1,Far Northern
10-348,U/N Reef (10-348),143.252,-10.684,145.657,General Use,Far Northern Management Area,1,Far Northern
10-354,U/N Reef (10-354),143.372,-10.752,50.254,General Use,Far Northern Management Area,1,Far Northern
10-359,U/N Reef (10-359),143.46,-10.941,404.497,General Use,Far Northern Management Area,1,Far Northern
10-363,U/N Reef (10-363),143.24,-10.895,94.75,General Use,Far Northern Management Area,1,Far Northern
10-366,U/N Reef (10-366),143.29,-10.904,43.985,General Use,Far Northern Management Area,1,Far Northern
10-369,U/N Reef (10-369),143.296,-10.932,162.507,General Use,Far Northern Management Area,1,Far Northern
10-370,U/N Reef (10-370),143.218,-10.932,54.957,General Use,Far Northern Management Area,1,Far Northern
10-374,U/N Reef (10-374),143.36,-10.939,387.184,General Use,Far Northern Management Area,1,Far Northern
10-375a,U/N Reef (10-375a),143.4,-10.964,250.983,General Use,Far Northern Management Area,1,Far Northern
10-375b,U/N Reef (10-375b),143.426,-10.968,288.275,General Use,Far Northern Management Area,1,Far Northern
10-393,U/N Reef (10-393),143.744,-10.742,1915.886,General Use,Far Northern Management Area,1,Far Northern
10-395,U/N Reef (10-395),143.691,-10.789,438.515,General Use,Far Northern Management Area,1,Far Northern
10-396,U/N Reef (10-396),143.717,-10.77,252.64,General Use,Far Northern Management Area,1,Far Northern
10-397,U/N Reef (10-397),143.844,-10.767,73.81,General Use,Far Northern Management Area,1,Far Northern
10-401,U/N Reef (10-401),143.801,-10.803,117.564,General Use,Far Northern Management Area,1,Far Northern
10-405,U/N Reef (10-405),143.758,-10.846,431.062,General Use,Far Northern Management Area,1,Far Northern
10-409,U/N Reef (10-409),143.711,-10.859,196.307,General Use,Far Northern Management Area,1,Far Northern
10-421,U/N Reef (10-421),143.365,-10.99,56.268,General Use,Far Northern Management Area,1,Far Northern
10-422,U/N Reef (10-422),143.295,-10.987,48.598,General Use,Far Northern Management Area,1,Far Northern
10-424,U/N Reef (10-424),143.757,-10.9,1838.66,General Use,Far Northern Management Area,1,Far Northern
10-427,U/N Reef (10-427),143.511,-10.945,999.154,General Use,Far Northern Management Area,1,Far Northern
10-438,U/N Reef (10-438),143.554,-10.931,45.572,General Use,Far Northern Management Area,1,Far Northern
10-439,U/N Reef (10-439),143.629,-10.976,4994.659,General Use,Far Northern Management Area,1,Far Northern
10-440,U/N Reef (10-440),143.712,-10.942,1449.206,General Use,Far Northern Management Area,1,Far Northern
10-442,U/N Reef (10-442),143.778,-10.984,125.735,General Use,Far Northern Management Area,1,Far Northern
11-017,U/N Reef (11-017),143.334,-11.028,673.148,General Use,Far Northern Management Area,1,Far Northern
11-018,U/N Reef (11-018),143.356,-11.032,254.383,General Use,Far Northern Management Area,1,Far Northern
11-020,U/N Reef (11-020),143.38,-11.039,133.077,General Use,Far Northern Management Area,1,Far Northern
11-021,U/N Reef (11-021),143.371,-11.059,65.33,General Use,Far Northern Management Area,1,Far Northern
11-022,U/N Reef (11-022),143.468,-11.048,2761.109,General Use,Far Northern Management Area,1,Far Northern
11-023,U/N Reef (11-023),143.402,-11.075,223.734,General Use,Far Northern Management Area,1,Far Northern
11-024,U/N Reef (11-024),143.32,-11.079,1523.566,General Use,Far Northern Management Area,1,Far Northern
11-028,U/N Reef (11-028),143.494,-11.107,494.77,General Use,Far Northern Management Area,1,Far Northern
11-030,U/N Reef (11-030),143.441,-11.144,4085.782,General Use,Far Northern Management Area,1,Far Northern
11-031,U/N Reef (11-031),143.223,-11.142,982.235,General Use,Far Northern Management Area,1,Far Northern
11-032,U/N Reef (11-032),143.422,-11.161,473.253,General Use,Far Northern Management Area,1,Far Northern
11-033a,U/N Reef (11-033a),143.393,-11.184,746.097,General Use,Far Northern Management Area,1,Far Northern
11-033b,U/N Reef (11-033b),143.394,-11.204,166.909,General Use,Far Northern Management Area,1,Far Northern
11-041a,U/N Reef (11-041a),143.034,-11.289,29.007,General Use,Far Northern Management Area,1,Far Northern
11-041b,U/N Reef (11-041b),143.046,-11.287,55.05,General Use,Far Northern Management Area,1,Far Northern
11-043,Onslow Reef (11-043),143.281,-11.297,42.597,General Use,Far Northern Management Area,1,Far Northern
11-044,Wilds Shoal (11-044),143.369,-11.277,5918.688,General Use,Far Northern Management Area,1,Far Northern
11-045,U/N Reef (11-045),143.485,-11.271,1036.707,General Use,Far Northern Management Area,1,Far Northern
11-063a,U/N Reef (11-063a),143.499,-10.978,1089.975,General Use,Far Northern Management Area,1,Far Northern
11-063b,U/N Reef (11-063b),143.589,-11.016,2381.373,General Use,Far Northern Management Area,1,Far Northern
11-064,U/N Reef (11-064),143.662,-11.095,8509.617,General Use,Far Northern Management Area,1,Far Northern
11-065,U/N Reef (11-065),143.584,-11.151,989.889,General Use,Far Northern Management Area,1,Far Northern
11-066,U/N Reef (11-066),143.695,-11.157,225.507,General Use,Far Northern Management Area,1,Far Northern
11-067,U/N Reef (11-067),143.535,-11.148,980.129,General Use,Far Northern Management Area,1,Far Northern
11-068,U/N Reef (11-068),143.589,-11.207,1060.823,General Use,Far Northern Management Area,1,Far Northern
11-069,U/N Reef (11-069),143.715,-11.192,5234.488,General Use,Far Northern Management Area,1,Far Northern
11-071,U/N Reef (11-071),143.543,-11.254,5118.084,General Use,Far Northern Management Area,1,Far Northern
11-168,Fairway Reef (11-168),143.243,-11.751,0.097,General Use,Far Northern Management Area,1,Far Northern
11-170,Chimmo Shoal (11-170),143.246,-11.804,17.463,General Use,Far Northern Management Area,1,Far Northern
11-180,Paluma Shoal (11-180),143.31,-11.92,12.691,General Use,Far Northern Management Area,1,Far Northern
11-183,Outer Reef (11-183),143.242,-11.942,8.513,General Use,Far Northern Management Area,1,Far Northern
11-253,U/N Reef (11-253),143.443,-11.179,45.834,General Use,Far Northern Management Area,1,Far Northern
11-254,U/N Reef (11-254),143.459,-11.108,123.442,General Use,Far Northern Management Area,1,Far Northern
11-271,U/N Reef (11-271),143.81,-11.192,109.628,General Use,Far Northern Management Area,1,Far Northern
11-277,U/N Reef (11-277),143.876,-11.182,116.458,General Use,Far Northern Management Area,1,Far Northern
11-315,U/N Reef (11-315),143.262,-11.058,63.218,General Use,Far Northern Management Area,1,Far Northern
11-316,U/N Reef (11-316),143.54,-11.013,34.473,General Use,Far Northern Management Area,1,Far Northern
11-317,U/N Reef (11-317),143.669,-11.042,140.439,General Use,Far Northern Management Area,1,Far Northern
11-318,U/N Reef (11-318),143.685,-11.037,7.357,General Use,Far Northern Management Area,1,Far Northern
11-319,U/N Reef (11-319),143.692,-11.005,8.74,General Use,Far Northern Management Area,1,Far Northern
11-320,U/N Reef (11-320),143.71,-11.017,41.731,General Use,Far Northern Management Area,1,Far Northern
11-321,U/N Reef (11-321),143.752,-11.063,1498.47,General Use,Far Northern Management Area,1,Far Northern
11-322,U/N Reef (11-322),143.799,-11.053,281.471,General Use,Far Northern Management Area,1,Far Northern
11-323,U/N Reef (11-323),143.809,-11.073,150.594,General Use,Far Northern Management Area,1,Far Northern
11-325,U/N Reef (11-325),143.767,-11.013,2238.382,General Use,Far Northern Management Area,1,Far Northern
12-002,Bannan Reef (12-002),143.294,-12.069,6.972,General Use,Far Northern Management Area,1,Far Northern
12-026,Kemp Rocks Reef (12-026),143.361,-12.44,28.091,General Use,Far Northern Management Area,1,Far Northern
12-148,U/N Reef (12-148),143.654,-12.974,4.678,General Use,Far Northern Management Area,1,Far Northern
13-064,North Khandalla Shoal (13-064),143.689,-13.429,14.715,General Use,Far Northern Management Area,1,Far Northern
13-065,Drake Shoal (13-065),143.706,-13.434,69.115,General Use,Far Northern Management Area,1,Far Northern
13-066,South Khandalla Shoal (13-066),143.692,-13.437,9.161,General Use,Far Northern Management Area,1,Far Northern
13-071,Heath Reef (13-071),143.681,-13.475,72.738,General Use,Far Northern Management Area,1,Far Northern
13-083,Hay Island Reef (13-083),143.691,-13.669,72.856,General Use,Far Northern Management Area,1,Far Northern
13-109,U/N Reef (13-109),143.816,-13.965,11.158,General Use,Far Northern Management Area,1,Far Northern
13-137,U/N Reef (13-137),144.11,-13.657,27.346,General Use,Far Northern Management Area,1,Far Northern
14-002,Beabey Patches (14-002),143.822,-14.013,51.615,General Use,Far Northern Management Area,1,Far Northern
14-004,Keast Shoal (14-004),143.935,-14.052,7.954,General Use,Far Northern Management Area,1,Far Northern
14-005,Cameron Shoal (14-005),143.932,-14.059,11.888,General Use,Far Northern Management Area,1,Far Northern
14-007,Taiwan Shoal (14-007),143.926,-14.066,13.546,General Use,Far Northern Management Area,1,Far Northern
14-009,Clark Shoal (14-009),143.937,-14.129,45.803,General Use,Far Northern Management Area,1,Far Northern
14-011,Olive Patch (14-011),143.933,-14.179,33.487,General Use,Far Northern Management Area,1,Far Northern
14-019,Aylen Patch (14-019),144.485,-14.104,75.517,General Use,Far Northern Management Area,1,Far Northern
14-020,Oswald Shoal (14-020),144.498,-14.107,74.421,General Use,Far Northern Management Area,1,Far Northern
14-023,Atkinson Reef (14-023),144.302,-14.121,20.367,General Use,Far Northern Management Area,1,Far Northern
14-036,Pipon Shoals (14-036),144.535,-14.095,116.76,General Use,Far Northern Management Area,1,Far Northern
14-037,Melanie Patches (14-037),144.577,-14.101,68.05,General Use,Far Northern Management Area,1,Far Northern
14-040,Singleton Patch (14-040),144.601,-14.16,25.057,General Use,Far Northern Management Area,1,Far Northern
99-300,Alpha Reef (99-300),142.519,-10.612,10.406,NA,NA,,NA
99-302,Kagar Reef (99-302),142.913,-10.6,3475.031,NA,NA,,NA
99-303a,Mount Adolphus (Mori) Island Reef (No 1) (99-303a),142.646,-10.623,102.544,NA,NA,,NA
99-303b,Mount Adolphus (Mori) Island Reef (No 2) (99-303b),142.653,-10.65,205.694,NA,NA,,NA
99-303c,Mount Adolphus (Mori) Island Reef (No 3) (99-303c),142.645,-10.638,145.657,NA,NA,,NA
99-304,Morilug Reef (99-304),142.682,-10.643,48.793,NA,NA,,NA
99-305,Kai-Damun Reef (99-305),142.85,-10.652,2579.552,NA,NA,,NA
99-306,U/N Reef (99-306),142.754,-10.659,53.913,NA,NA,,NA
99-311,Akone Reef (99-311),142.67,-10.668,28.598,NA,NA,,NA
99-312,U/N Reef (99-312),142.684,-10.668,61.696,NA,NA,,NA
99-345,U/N Reef (99-345),143.375,-10.623,204.955,NA,NA,,NA
99-346,U/N Reef (99-346),143.223,-10.637,724.232,NA,NA,,NA
99-347,U/N Reef (99-347),143.038,-10.647,436.758,NA,NA,,NA
99-379,U/N Reef (99-379),143.565,-10.621,1858.305,NA,NA,,NA
99-380,U/N Reef (99-380),143.651,-10.634,509.376,NA,NA,,NA
99-383,U/N Reef (99-383),143.948,-10.673,654.382,NA,NA,,NA
99-388,U/N Reef (99-388),143.888,-10.672,21.433,NA,NA,,NA
99-393,U/N Reef (99-393),142.108,-10.352,94.353,NA,NA,,NA
99-394,U/N Reef (99-394),142.054,-10.356,325.932,NA,NA,,NA
99-395,U/N Reef (99-395),143.94,-10.353,222.309,NA,NA,,NA
99-396,U/N Reef (99-396),142.902,-10.357,18.44,NA,NA,,NA
99-397,U/N Reef (99-397),142.205,-10.36,293.814,NA,NA,,NA
99-398,U/N Reef (99-398),143.933,-10.363,279.552,NA,NA,,NA
99-399,U/N Reef (99-399),142.363,-10.368,46.084,NA,NA,,NA
99-400,U/N Reef (99-400),142.12,-10.375,759.151,NA,NA,,NA
99-401,U/N Reef (99-401),143.584,-10.372,1317.476,NA,NA,,NA
99-402,U/N Reef (99-402),143.932,-10.374,26.883,NA,NA,,NA
99-403,U/N Reef (99-403),143.558,-10.377,119.689,NA,NA,,NA
99-404,U/N Reef (99-404),143.541,-10.378,286.911,NA,NA,,NA
99-405,U/N Reef (99-405),143.927,-10.386,175.327,NA,NA,,NA
99-406,Gubmarau Reef (99-406),143.32,-10.388,710.157,NA,NA,,NA
99-407,U/N Reef (99-407),144.425,-10.392,13789.876,NA,NA,,NA
99-408,U/N Reef (99-408),143.94,-10.396,706.833,NA,NA,,NA
99-409,U/N Reef (99-409),142.106,-10.402,7.857,NA,NA,,NA
99-410,U/N Reef (99-410),142.088,-10.402,31.63,NA,NA,,NA
99-411,U/N Reef (99-411),143.68,-10.404,1043.908,NA,NA,,NA
99-412,U/N Reef (99-412),142.121,-10.405,105.238,NA,NA,,NA
99-413,U/N Reef (99-413),143.49,-10.406,618.28,NA,NA,,NA
99-414,U/N Reef (99-414),143.55,-10.409,1055.774,NA,NA,,NA
99-415,Susur Reef (99-415),143.248,-10.413,180.142,NA,NA,,NA
99-416,U/N Reef (99-416),142.194,-10.422,3554.084,NA,NA,,NA
99-417,U/N Reef (99-417),143.933,-10.427,1158.906,NA,NA,,NA
99-418,U/N Reef (99-418),143.742,-10.428,174.932,NA,NA,,NA
99-419,U/N Reef (99-419),143.91,-10.435,12.166,NA,NA,,NA
99-420,U/N Reef (99-420),143.591,-10.44,346.678,NA,NA,,NA
99-421,U/N Reef (99-421),143.913,-10.44,19.055,NA,NA,,NA
99-422,U/N Reef (99-422),143.381,-10.442,261.4,NA,NA,,NA
99-423,U/N Reef (99-423),143.92,-10.447,116.988,NA,NA,,NA
99-424,U/N Reef (99-424),143.475,-10.451,533.447,NA,NA,,NA
99-425,Beresford Shoals (99-425),142.347,-10.451,817.551,NA,NA,,NA
99-426,U/N Reef (99-426),143.436,-10.452,35.988,NA,NA,,NA
99-427,U/N Reef (99-427),142.205,-10.452,1076.057,NA,NA,,NA
99-428,U/N Reef (99-428),143.648,-10.453,1214.461,NA,NA,,NA
99-429,U/N Reef (99-429),143.922,-10.459,540.561,NA,NA,,NA
99-430,U/N Reef (99-430),142.444,-10.461,109.26,NA,NA,,NA
99-431,U/N Reef (99-431),142.042,-10.468,23.922,NA,NA,,NA
99-432,U/N Reef (99-432),143.909,-10.47,100.264,NA,NA,,NA
99-433,U/N Reef (99-433),142.168,-10.473,3.868,NA,NA,,NA
99-434,U/N Reef (99-434),143.138,-10.474,83.151,NA,NA,,NA
99-435,U/N Reef (99-435),143.556,-10.475,129.128,NA,NA,,NA
99-436,Au-Masig Reef (99-436),143.291,-10.476,1378.235,NA,NA,,NA
99-437,U/N Reef (99-437),143.907,-10.478,269.273,NA,NA,,NA
99-438,U/N Reef (99-438),142.26,-10.478,7.564,NA,NA,,NA
99-439,Alert Patches (99-439),142.354,-10.485,415.116,NA,NA,,NA
99-440,U/N Reef (99-440),143.672,-10.485,252.34,NA,NA,,NA
99-441,U/N Reef (99-441),142.206,-10.485,2049.408,NA,NA,,NA
99-442,U/N Reef (99-442),143.917,-10.491,382.483,NA,NA,,NA
99-443,U/N Reef (99-443),142.25,-10.494,24.922,NA,NA,,NA
99-444,U/N Reef (99-444),143.479,-10.495,475.289,NA,NA,,NA
99-445,U/N Reef (99-445),142.446,-10.497,66.258,NA,NA,,NA
99-446,U/N Reef (99-446),143.726,-10.496,443.148,NA,NA,,NA
99-447,U/N Reef (99-447),143.416,-10.501,625.815,NA,NA,,NA
99-448,U/N Reef (99-448),143.89,-10.503,99.147,NA,NA,,NA
99-449,U/N Reef (99-449),142.176,-10.51,2.401,NA,NA,,NA
99-450,U/N Reef (99-450),142.295,-10.512,70.458,NA,NA,,NA
99-451,U/N Reef (99-451),142.175,-10.514,3.244,NA,NA,,NA
99-452,U/N Reef (99-452),142.219,-10.514,8.469,NA,NA,,NA
99-453,Reeves Shoal (99-453),142.445,-10.528,13.623,NA,NA,,NA
99-455a,Bungaree Shoals (No 1) (99-455a),142.618,-10.517,94.544,NA,NA,,NA
99-455b,Bungaree Shoals (No 2) (99-455b),142.608,-10.533,83.797,NA,NA,,NA
99-455c,Bungaree Shoals (No 3) (99-455c),142.592,-10.534,76.498,NA,NA,,NA
99-456,U/N Reef (99-456),143.916,-10.518,946.028,NA,NA,,NA
99-457,U/N Reef (99-457),143.105,-10.526,384.376,NA,NA,,NA
99-458a,U/N Reef (99-458a),142.305,-10.537,604.197,NA,NA,,NA
99-458b,U/N Reef (99-458b),142.296,-10.52,213.284,NA,NA,,NA
99-459,U/N Reef (99-459),142.272,-10.528,10.579,NA,NA,,NA
99-460,U/N Reef (99-460),143.892,-10.538,11.708,NA,NA,,NA
99-461,Wap Reef (99-461),143.355,-10.54,669.461,NA,NA,,NA
99-462a,U/N Reef (99-462a),142.198,-10.551,719.892,NA,NA,,NA
99-462b,U/N Reef (99-462b),142.226,-10.545,91.733,NA,NA,,NA
99-463,U/N Reef (99-463),142.176,-10.542,9.457,NA,NA,,NA
99-464,U/N Reef (99-464),143.517,-10.543,632.275,NA,NA,,NA
99-465,U/N Reef (99-465),143.912,-10.543,316.594,NA,NA,,NA
99-466,U/N Reef (99-466),143.701,-10.544,320.808,NA,NA,,NA
99-467,U/N Reef (99-467),143.739,-10.545,115.001,NA,NA,,NA
99-468,U/N Reef (99-468),142.238,-10.545,4.212,NA,NA,,NA
99-469,U/N Reef (99-469),142.348,-10.549,157.133,NA,NA,,NA
99-470,U/N Reef (99-470),142.377,-10.552,27.243,NA,NA,,NA
99-471,U/N Reef (99-471),142.235,-10.553,43.372,NA,NA,,NA
99-472,U/N Reef (99-472),143.488,-10.554,31.46,NA,NA,,NA
99-473,U/N Reef (99-473),142.329,-10.557,45.2,NA,NA,,NA
99-474,U/N Reef (99-474),143.921,-10.555,354.833,NA,NA,,NA
99-475,Bayag Reef (99-475),143.251,-10.56,823.633,NA,NA,,NA
99-476,U/N Reef (99-476),142.16,-10.563,231.949,NA,NA,,NA
99-477,U/N Reef (99-477),143.463,-10.564,224.138,NA,NA,,NA
99-478,U/N Reef (99-478),143.414,-10.566,547.859,NA,NA,,NA
99-479a,U/N Reef (99-479a),142.209,-10.585,84.592,NA,NA,,NA
99-479b,U/N Reef (99-479b),142.216,-10.574,25.138,NA,NA,,NA
99-479c,U/N Reef (99-479c),142.229,-10.57,22.371,NA,NA,,NA
99-480,U/N Reef (99-480),143.915,-10.573,581.642,NA,NA,,NA
99-481,U/N Reef (99-481),142.176,-10.574,55.34,NA,NA,,NA
99-482,U/N Reef (99-482),143.925,-10.588,142.167,NA,NA,,NA
99-483,U/N Reef (99-483),142.232,-10.59,33.538,NA,NA,,NA
99-484,U/N Reef (99-484),143.488,-10.595,83.523,NA,NA,,NA
99-485a,U/N Reef (99-485a),142.201,-10.596,132.214,NA,NA,,NA
99-485b,U/N Reef (99-485b),142.129,-10.725,1515.155,NA,NA,,NA
99-486,U/N Reef (99-486),142.62,-10.596,162.295,NA,NA,,NA
99-487,U/N Reef (99-487),142.234,-10.596,93.896,NA,NA,,NA
99-488,U/N Reef (99-488),143.909,-10.596,70.971,NA,NA,,NA
99-489,U/N Reef (99-489),142.144,-10.611,828.002,NA,NA,,NA
99-491,U/N Reef (99-491),143.09,-10.598,378.04,NA,NA,,NA
99-492,U/N Reef (99-492),143.932,-10.599,312.253,NA,NA,,NA
99-493,U/N Reef (99-493),142.097,-10.603,176.952,NA,NA,,NA
99-494,U/N Reef (99-494),142.121,-10.603,158.951,NA,NA,,NA
99-495,U/N Reef (99-495),142.294,-10.603,652.21,NA,NA,,NA
99-496,U/N Reef (99-496),143.682,-10.607,1313.947,NA,NA,,NA
99-497,U/N Reef (99-497),142.613,-10.61,101.33,NA,NA,,NA
99-498,U/N Reef (99-498),143.297,-10.611,105.413,NA,NA,,NA
99-499,U/N Reef (99-499),143.91,-10.612,246.418,NA,NA,,NA
99-500,U/N Reef (99-500),142.626,-10.612,47.051,NA,NA,,NA
99-501,U/N Reef (99-501),143.924,-10.614,44.904,NA,NA,,NA
99-503,U/N Reef (99-503),143.945,-10.617,300.074,NA,NA,,NA
99-504,U/N Reef (99-504),143.763,-10.62,33.968,NA,NA,,NA
99-505,U/N Reef (99-505),143.913,-10.621,2.942,NA,NA,,NA
99-506,Asp Shoals (99-506),142.373,-10.621,36.654,NA,NA,,NA
99-507,U/N Reef (99-507),143.901,-10.623,36.494,NA,NA,,NA
99-508,U/N Reef (99-508),143.438,-10.623,356.455,NA,NA,,NA
99-509,U/N Reef (99-509),143.472,-10.624,36.372,NA,NA,,NA
99-510,U/N Reef (99-510),143.908,-10.624,13.839,NA,NA,,NA
99-511,U/N Reef (99-511),143.933,-10.636,1.445,NA,NA,,NA
99-512,U/N Reef (99-512),143.941,-10.637,653.898,NA,NA,,NA
99-513,U/N Reef (99-513),143.928,-10.639,0.715,NA,NA,,NA
99-514,U/N Reef (99-514),143.95,-10.653,788.718,NA,NA,,NA
99-515,U/N Reef (99-515),142.281,-10.69,51.386,NA,NA,,NA
99-517,U/N Reef (99-517),142.382,-10.703,83.067,NA,NA,,NA
99-518,U/N Reef (99-518),142.352,-10.709,216.45,NA,NA,,NA
99-519,U/N Reef (99-519),142.439,-10.71,56.223,NA,NA,,NA
99-520,U/N Reef (99-520),142.37,-10.713,26.082,NA,NA,,NA
99-521a,U/N Reef (99-521a),142.391,-10.741,260.591,NA,NA,,NA
99-521b,U/N Reef (99-521b),142.415,-10.714,34.912,NA,NA,,NA
99-522,U/N Reef (99-522),142.295,-10.722,323.221,NA,NA,,NA
99-523,U/N Reef (99-523),142.413,-10.729,65.357,NA,NA,,NA
99-524,U/N Reef (99-524),142.42,-10.736,26.765,NA,NA,,NA
99-525,U/N Reef (99-525),142.257,-10.737,8.363,NA,NA,,NA
99-526,U/N Reef (99-526),142.409,-10.744,72.401,NA,NA,,NA
99-527,U/N Reef (99-527),142.251,-10.742,2.723,NA,NA,,NA
99-528,U/N Reef (99-528),142.224,-10.744,86.078,NA,NA,,NA
99-529,U/N Reef (99-529),142.395,-10.76,11.253,NA,NA,,NA
99-530a,U/N Reef (99-530a),142.372,-10.759,5.703,NA,NA,,NA
99-530b,U/N Reef (99-530b),142.374,-10.764,31.075,NA,NA,,NA
99-531,U/N Reef (99-531),142.213,-10.766,26.553,NA,NA,,NA
99-532,U/N Reef (99-532),142.386,-10.768,21.89,NA,NA,,NA
99-533,U/N Reef (99-533),142.398,-10.772,8.554,NA,NA,,NA
99-534,U/N Reef (99-534),142.216,-10.795,40.763,NA,NA,,NA
99-535,U/N Reef (99-535),142.318,-10.839,34.302,NA,NA,,NA
99-536,U/N Reef (99-536),142.358,-10.842,18.914,NA,NA,,NA
99-537,U/N Reef (99-537),142.348,-10.845,7.021,NA,NA,,NA
99-538,U/N Reef (99-538),142.025,-10.85,49.565,NA,NA,,NA
99-539,U/N Reef (99-539),142.031,-10.882,136.604,NA,NA,,NA
99-540,U/N Reef (99-540),142.34,-10.887,155.543,NA,NA,,NA
99-541,U/N Reef (99-541),142.024,-10.946,367.007,NA,NA,,NA
99-542,U/N Reef (99-542),142.041,-10.959,377.936,NA,NA,,NA
99-543,U/N Reef (99-543),142.008,-10.972,151.669,NA,NA,,NA
99-545,U/N Reef (99-545),142.039,-10.498,24.132,NA,NA,,NA
99-809,U/N Reef (99-809),143.958,-10.682,38.482,NA,NA,,NA
14-099,Leggatt Reef (14-099),144.87,-14.548,37.272,NA,Far Northern Management Area,1,Far Northern
10-321,Albany Rock Reef (10-321),142.63,-10.719,10.285,Commonwealth Island (GBRMPA),Far Northern Management Area,1,Far Northern
11-035,Milman-Aplin Reef (11-035),143.031,-11.182,569.056,Preservation,Far Northern Management Area,1,Far Northern
11-058,Parkinson Reef (11-058),143.125,-11.468,241.958,Preservation,Far Northern Management Area,1,Far Northern
11-091,U/N Reef (11-091),143.964,-11.402,116.254,Preservation,Far Northern Management Area,1,Far Northern
11-188,Clerke Reef (11-188),143.286,-11.97,84.05,Commonwealth Island (GBRMPA),Far Northern Management Area,1,Far Northern
11-211,Pearson Reef (11-211),143.716,-11.567,337.036,Preservation,Far Northern Management Area,1,Far Northern
11-240,Yule Detached Reef (11-240),143.988,-11.949,1308.904,Preservation,Far Northern Management Area,1,Far Northern
11-259,U/N Reef (11-259),143.706,-11.557,17.128,Preservation,Far Northern Management Area,1,Far Northern
12-073,Pigeon Reef (12-073),143.29,-12.513,44.342,Buffer,Far Northern Management Area,1,Far Northern
13-097,Hannah Island Reef (13-097),143.718,-13.865,85.347,Commonwealth Island (GBRMPA),Far Northern Management Area,1,Far Northern
14-097,Coquet Reef (14-097),144.993,-14.54,75.482,Commonwealth Island (GBRMPA),Far Northern Management Area,1,Far Northern
14-100,U/N Reef (14-100),144.85,-14.551,8.11,Preservation,Far Northern Management Area,1,Far Northern
14-153b,No 10 Patches (No 4) (14-153b),145.686,-14.968,15.325,Buffer,Northern Management Area,2,Northern
15-029,Camel Head Reef (15-029),145.722,-15.241,392.687,Preservation,Northern Management Area,2,Northern
15-032,Ribbon No 6 Reef (15-032),145.752,-15.281,956.54,Preservation,Northern Management Area,2,Northern
15-039,Williamson Reefs (15-039),145.582,-15.359,3322.096,Preservation,Northern Management Area,2,Northern
16-063,Euston Reef (16-063),146.252,-16.687,179.347,Preservation,Northern Management Area,2,Northern
16-072,North West Reef (16-072),146.389,-16.877,1081.517,Preservation,Northern Management Area,2,Northern
17-069,Peter Arnold Reef (17-069),146.769,-17.995,873.063,Preservation,Central Management Area,3,Central
18-045,Cotton Shoal (18-045),147.4,-18.479,78.01,Preservation,Central Management Area,3,Central
18-049a,Orpheus (Goolboddi) Island Reef (No 1) (18-049a),146.488,-18.602,162.268,Scientific Research,Central Management Area,3,Central
18-049e,Orpheus (Goolboddi) Island Reef (No 5) (18-049e),146.498,-18.593,203.534,Scientific Research,Central Management Area,3,Central
18-070,Arc Reef (18-070),147.446,-18.497,58.062,Preservation,Central Management Area,3,Central
19-018,Bald Reef (19-018),147.063,-19.273,6.907,Scientific Research (closed to public access),Central Management Area,3,Central
19-061,Jacqueline Reef (19-061),148.904,-19.214,579.736,Preservation,Central Management Area,3,Central
19-151,Tile Reef (19-151),149.85,-19.616,743.632,Preservation,Central Management Area,3,Central
19-152,Reimer Reef (19-152),149.879,-19.633,212.175,Preservation,Central Management Area,3,Central
19-262,U/N Reef (19-262),149.871,-19.605,12.748,Preservation,Central Management Area,3,Central
19-263,U/N Reef (19-263),149.881,-19.622,15.472,Preservation,Central Management Area,3,Central
20-012,Eshelby Reef (20-012),148.624,-20.018,29.848,Preservation,Central Management Area,3,Central
20-013,U/N Reef (20-013),148.626,-20.022,2.1,Preservation,Central Management Area,3,Central
20-135,Robertson Reefs (No 1) (20-135),150.133,-20.343,918.605,Preservation,Central Management Area,3,Central
20-377,Olympic Reef (20-377),151.229,-20.843,3601.323,Preservation,Southern Management Area,4,Southern
20-378a,U/N Reef (20-378a),151.248,-20.868,1330.677,Preservation,Southern Management Area,4,Southern
20-384,U/N Reef (20-384),151.206,-20.895,49.775,Preservation,Southern Management Area,4,Southern
20-560,U/N Reef (20-560),151.206,-20.841,49.535,Preservation,Southern Management Area,4,Southern
20-564,U/N Reef (20-564),151.264,-20.809,16.712,Preservation,Southern Management Area,4,Southern
21-026,Bailey Reef (21-026),149.548,-21.03,15.145,Commonwealth Island (GBRMPA),Southern Management Area,4,Southern
21-219,U/N Reef (21-219),152.182,-21.135,168.748,Preservation,Southern Management Area,4,Southern
21-222,U/N Reef (21-222),152.309,-21.155,179.769,Preservation,Southern Management Area,4,Southern
21-428,High Peak Reef (21-428),150.688,-21.957,99.816,Commonwealth Island (GBRMPA),Southern Management Area,4,Southern
21-435,Bell Reef (21-435),151.26,-21.815,944.384,Preservation,Southern Management Area,4,Southern
21-495,Bacchi Reef (21-495),152.389,-21.634,162.98,Preservation,Southern Management Area,4,Southern
21-507,U/N Reef (21-507),152.45,-21.705,240.636,Preservation,Southern Management Area,4,Southern
21-529,U/N Reef (21-529),152.173,-21.867,672.166,Preservation,Southern Management Area,4,Southern
21-556,Gannett Cay Reef (21-556),152.477,-21.982,136.575,Preservation,Southern Management Area,4,Southern
22-038,Clara Island Reef (22-038),150.229,-22.307,14.018,Commonwealth Island (Other),Southern Management Area,4,Southern
22-047a,Ripple Island Reef (No 1) (22-047a),150.439,-22.204,57.524,Commonwealth Island (Other),Southern Management Area,4,Southern
22-053a,Leicester Island Reef (No 1) (22-053a),150.434,-22.249,476.926,Commonwealth Island (Other),Southern Management Area,4,Southern
22-056,Osborn Reef (22-056),150.229,-22.286,54.295,Commonwealth Island (Other),Southern Management Area,4,Southern
22-060,Edward Island Reef (22-060),150.302,-22.308,8.223,Commonwealth Island (Other),Southern Management Area,4,Southern
22-061,Sun Reef (22-061),150.24,-22.309,7.585,Commonwealth Island (Other),Southern Management Area,4,Southern
22-062,Swan Reef (22-062),150.205,-22.32,28.713,Commonwealth Island (Other),Southern Management Area,4,Southern
22-064,Bay Island Reef (22-064),150.314,-22.328,10.87,Commonwealth Island (Other),Southern Management Area,4,Southern
22-066,Connor Rock Reef (22-066),150.328,-22.356,35.075,Commonwealth Island (Other),Southern Management Area,4,Southern
22-067,Akens Reef (22-067),150.268,-22.358,116.037,Commonwealth Island (Other),Southern Management Area,4,Southern
22-073,Raynham Reef (22-073),150.541,-22.266,14.531,Commonwealth Island (Other),Southern Management Area,4,Southern
22-074,Pelican Rock Reef (22-074),150.259,-22.342,39.11,Commonwealth Island (Other),Southern Management Area,4,Southern
22-076,Brown Reef (22-076),150.682,-22.358,2.602,Commonwealth Island (Other),Southern Management Area,4,Southern
22-078,Island Head Reef (22-078),150.66,-22.334,34.282,Commonwealth Island (Other),Southern Management Area,4,Southern
22-079,Split Island Reef (22-079),150.742,-22.405,13.579,Commonwealth Island (Other),Southern Management Area,4,Southern
22-080,Dome Reef (22-080),150.746,-22.412,26.736,Commonwealth Island (Other),Southern Management Area,4,Southern
22-081,U/N Reef (22-081),150.73,-22.431,227.516,Commonwealth Island (Other),Southern Management Area,4,Southern
22-082,Delcomyn Reef (22-082),150.763,-22.448,9.838,Commonwealth Island (Other),Southern Management Area,4,Southern
22-083,Entrance Island Reef (22-083),150.774,-22.479,19.236,Commonwealth Island (Other),Southern Management Area,4,Southern
22-149,Quoin Reef (22-149),150.798,-22.564,16.833,Commonwealth Island (Other),Southern Management Area,4,Southern
22-163,Round Island Reef (22-163),150.771,-22.518,8.766,Commonwealth Island (Other),Southern Management Area,4,Southern
23-026,Peak Reef (23-026),150.938,-23.349,118.973,Preservation,Southern Management Area,4,Southern
23-051,Wreck Island Reef (23-051),151.965,-23.33,1081.697,Preservation,Southern Management Area,4,Southern
13-061a,U/N Reef (13-061a),143.974,-13.399,1107.941,Preservation,Far Northern Management Area,1,Far Northern
14-085,Hilder Reef (14-085),145.41,-14.445,1303.474,Preservation,Northern Management Area,2,Northern
14-089,Day Reef (14-089),145.537,-14.497,2385.827,Scientific Research,Northern Management Area,2,Northern
14-137,Carter Reef (14-137),145.589,-14.548,1544.539,Preservation,Northern Management Area,2,Northern
14-138,Yonge Reef (14-138),145.624,-14.6,1311.647,Scientific Research,Northern Management Area,2,Northern
14-153a,No 10 Patches (No 3) (14-153a),145.69,-14.95,256.415,Buffer,Northern Management Area,2,Northern
15-065,Hope Islands Reef (East) (15-065),145.458,-15.733,484.631,Conservation Park,Northern Management Area,2,Northern
15-075b,Ribbon No 2 Reef (No 2) (15-075b),145.781,-15.538,10.622,Buffer,Northern Management Area,2,Northern
16-043a,Oyster Reef (16-043a),145.933,-16.64,1770.877,Conservation Park,Northern Management Area,2,Northern
16-044b,Vlasoff Reef (16-044b),145.993,-16.655,968.598,Conservation Park,Northern Management Area,2,Northern
16-054c,U/N Reef (16-054c),145.983,-16.935,0.613,Conservation Park,Northern Management Area,2,Northern
16-054d,U/N Reef (16-054d),145.986,-16.932,0.044,Conservation Park,Northern Management Area,2,Northern
16-054e,U/N Reef (16-054e),145.988,-16.932,0.295,Conservation Park,Northern Management Area,2,Northern
16-065,Flynn Reef (16-065),146.275,-16.729,420.508,Conservation Park,Northern Management Area,2,Northern
16-073,Elford Reef (16-073),146.249,-16.912,3965.274,Conservation Park,Northern Management Area,2,Northern
17-010,Flora Reef (17-010),146.291,-17.185,1128.959,Conservation Park,Northern Management Area,2,Northern
19-048,Old Reef (19-048),148.089,-19.383,8337.351,Conservation Park,Central Management Area,3,Central
19-136b,Barb Reef (19-136b),149.118,-19.804,649.316,Conservation Park,Central Management Area,3,Central
20-089,Deloraine Reef (20-089),149.071,-20.155,47.283,Conservation Park,Central Management Area,3,Central
21-056d,U/N Reef (21-056d),150.49,-21.041,133.795,General Use,Southern Management Area,4,Southern
22-146a,Twins Reef (West) (22-146a),152.544,-22.367,731.811,General Use,Southern Management Area,4,Southern
23-048,Broomfield Reef (23-048),151.94,-23.27,1524.941,Conservation Park,Southern Management Area,4,Southern
23-049,North West Island Reef (23-049),151.771,-23.295,8937.552,Conservation Park,Southern Management Area,4,Southern
23-053,Wistari Reef (23-053),151.877,-23.47,3709.761,Conservation Park,Southern Management Area,4,Southern
23-069,Mast Head Reef (23-069),151.727,-23.527,3791.859,Conservation Park,Southern Management Area,4,Southern
11-042,U/N Reef (11-042),143.196,-11.295,1144.477,Marine National Park,Far Northern Management Area,1,Far Northern
11-048a,Turning Point Patches (No 1) (11-048a),143.406,-11.329,4217.902,Marine National Park,Far Northern Management Area,1,Far Northern
11-056a,U/N Reef (11-056a),143.401,-11.505,5386.247,Marine National Park,Far Northern Management Area,1,Far Northern
11-056b,U/N Reef (11-056b),143.27,-11.462,10052.486,Marine National Park,Far Northern Management Area,1,Far Northern
11-184c,Sir Charles Hardy Islands Reef (11-184c),143.496,-11.911,19540.592,Marine National Park,Far Northern Management Area,1,Far Northern
11-222a,Middle Banks (11-222a),143.505,-11.764,19254.838,Marine National Park,Far Northern Management Area,1,Far Northern
12-143,Cat Reef (12-143),143.85,-12.998,757.162,Marine National Park,Far Northern Management Area,1,Far Northern
13-028,Tijou Reef (13-028),143.959,-13.16,4409.009,Marine National Park,Far Northern Management Area,1,Far Northern
13-040,U/N Reef (13-040),143.946,-13.274,441.788,Marine National Park,Far Northern Management Area,1,Far Northern
13-050a,U/N Reef (13-050a),143.973,-13.325,1715.925,Marine National Park,Far Northern Management Area,1,Far Northern
13-056,Sand Bank No 8 Reef (13-056),143.962,-13.367,258.618,Marine National Park,Far Northern Management Area,1,Far Northern
13-074,U/N Reef (13-074),144.053,-13.478,1341.794,Marine National Park,Far Northern Management Area,1,Far Northern
13-076,Ogilvie Reef (13-076),143.791,-13.526,3756.088,Marine National Park,Far Northern Management Area,1,Far Northern
13-077,U/N Reef (13-077),143.852,-13.552,8048.362,Marine National Park,Far Northern Management Area,1,Far Northern
13-108,Hedge Reef (13-108),143.951,-13.9,15313.708,Marine National Park,Far Northern Management Area,1,Far Northern
13-131,Eves Reef (13-131),144.574,-13.962,68.03,Marine National Park,Far Northern Management Area,1,Far Northern
14-016,Corbett Reef (14-016),144.116,-13.979,22327.307,Marine National Park,Far Northern Management Area,1,Far Northern
14-017,Clack Reef (14-017),144.242,-14.068,1289.882,Marine National Park,Far Northern Management Area,1,Far Northern
14-034,U/N Reef (14-034),144.748,-14.066,16870.49,Marine National Park,Far Northern Management Area,1,Far Northern
14-039,North Warden Reef (14-039),144.646,-14.168,1266.064,Marine National Park,Far Northern Management Area,1,Far Northern
14-043,U/N Reef (14-043),144.8,-14.178,1456.98,Marine National Park,Far Northern Management Area,1,Far Northern
14-045,Sand Bank No 1 Reef (14-045),144.892,-14.2,608.388,Marine National Park,Far Northern Management Area,1,Far Northern
14-049,U/N Reef (14-049),144.958,-14.226,78.661,Marine National Park,Far Northern Management Area,1,Far Northern
14-051,South Warden Reef (14-051),144.74,-14.239,14364.956,Marine National Park,Far Northern Management Area,1,Far Northern
14-053,U/N Reef (14-053),144.79,-14.309,1230.55,Marine National Park,Far Northern Management Area,1,Far Northern
14-055,Munro Reef (14-055),144.741,-14.319,1880.277,Marine National Park,Far Northern Management Area,1,Far Northern
14-063,Combe Reef (14-063),144.951,-14.414,4085.26,Marine National Park,Far Northern Management Area,1,Far Northern
14-139,No Name Reef (14-139),145.646,-14.644,874.268,Marine National Park,Northern Management Area,2,Northern
14-140,Sydney Schubert Reef (14-140),145.65,-14.665,199.996,Marine National Park,Northern Management Area,2,Northern
14-146,Ribbon No 10 Reef (14-146),145.698,-14.827,13391.24,Marine National Park,Northern Management Area,2,Northern
14-151,No 10 Patches (No 1) (14-151),145.69,-14.92,89.872,Marine National Park,Northern Management Area,2,Northern
14-152,No 10 Patches (No 2) (14-152),145.682,-14.932,180.981,Marine National Park,Northern Management Area,2,Northern
15-037,U/N Reef (15-037),145.752,-15.335,46.706,Marine National Park,Northern Management Area,2,Northern
15-040,U/N Reef (15-040),145.766,-15.389,55.068,Marine National Park,Northern Management Area,2,Northern
15-041,U/N Reef (15-041),145.766,-15.4,84.199,Marine National Park,Northern Management Area,2,Northern
15-072,U/N Reef (15-072),145.779,-15.515,43.876,Marine National Park,Northern Management Area,2,Northern
15-073,U/N Reef (15-073),145.781,-15.529,77.879,Marine National Park,Northern Management Area,2,Northern
15-075a,Ribbon No 2 Reef (No 1) (15-075a),145.796,-15.557,1196.623,Marine National Park,Northern Management Area,2,Northern
15-075c,Ribbon No 2 Reef (No 3) (15-075c),145.778,-15.573,13.002,Marine National Park,Northern Management Area,2,Northern
15-096,Agincourt Reefs (No 4) (15-096),145.821,-15.95,1289.985,Marine National Park,Northern Management Area,2,Northern
15-099a,Agincourt Reefs (No 3) (15-099a),145.832,-15.99,778.043,Marine National Park,Northern Management Area,2,Northern
15-099b,Agincourt Reefs (No 2a) (15-099b),145.851,-16.018,141.039,Marine National Park,Northern Management Area,2,Northern
15-099c,Agincourt Reefs (No 1) (15-099c),145.867,-16.052,215.266,Marine National Park,Northern Management Area,2,Northern
15-099d,Agincourt Reefs (No 5) (15-099d),145.835,-16.035,292.574,Marine National Park,Northern Management Area,2,Northern
16-013a,U/N Reef (16-013a),145.794,-16.019,43.297,Marine National Park,Northern Management Area,2,Northern
16-013b,U/N Reef (16-013b),145.808,-16.019,36.108,Marine National Park,Northern Management Area,2,Northern
16-046,Upolu Reef (16-046),145.937,-16.674,1468.624,Marine National Park,Northern Management Area,2,Northern
17-004,Scott Reef (17-004),146.185,-17.074,1940.751,Marine National Park,Northern Management Area,2,Northern
17-014,Hedley Reef (17-014),146.484,-17.229,3981.571,Marine National Park,Northern Management Area,2,Northern
17-034,Feather Reef (17-034),146.377,-17.533,1767.714,Marine National Park,Northern Management Area,2,Northern
17-035,Nathan Reef (17-035),146.518,-17.525,4587.759,Marine National Park,Northern Management Area,2,Northern
17-051,Beaver Reef (17-051),146.484,-17.85,1887.696,Marine National Park,Northern Management Area,2,Northern
17-064,Taylor Reef (17-064),146.55,-17.833,1793.972,Marine National Park,Northern Management Area,2,Northern
18-020,Duncan Reef (18-020),146.787,-18.084,2232.618,Marine National Park,Central Management Area,3,Central
18-025,U/N Reef (18-025),146.898,-18.261,478.718,Marine National Park,Central Management Area,3,Central
18-034,Myrmidon Reef (18-034),147.384,-18.266,1070.395,Marine National Park,Central Management Area,3,Central
18-039,Dip Reef (18-039),147.449,-18.414,1409.103,Marine National Park,Central Management Area,3,Central
18-041,Faraday Reef (18-041),147.349,-18.422,249.787,Marine National Park,Central Management Area,3,Central
18-071,Glow Reef (18-071),147.403,-18.528,884.095,Marine National Park,Central Management Area,3,Central
18-080,Bowl Reef (18-080),147.539,-18.499,2599.014,Marine National Park,Central Management Area,3,Central
18-084a,Cup Reef (North) (18-084a),147.633,-18.607,3095.506,Marine National Park,Central Management Area,3,Central
18-084c,Saucer Reef (18-084c),147.615,-18.658,1039.357,Marine National Park,Central Management Area,3,Central
18-085a,Spoon Reef (North) (18-085a),147.566,-18.658,239.554,Marine National Park,Central Management Area,3,Central
18-090,Anzac Reefs (No 3) (18-090),147.842,-18.731,134.434,Marine National Park,Central Management Area,3,Central
18-121a,Hall Reef (North) (18-121a),147.514,-18.632,1945.211,Marine National Park,Central Management Area,3,Central
19-045,Stanley Reef (19-045),148.08,-19.295,6954.488,Marine National Park,Central Management Area,3,Central
19-063a,Kangaroo Reef (East) (19-063a),148.617,-19.263,10662.202,Marine National Park,Central Management Area,3,Central
19-107,Seagull Reef (19-107),148.979,-19.524,1412.545,Marine National Park,Central Management Area,3,Central
19-109a,Fairey Reef (No 1) (19-109a),148.943,-19.539,867.642,Marine National Park,Central Management Area,3,Central
19-142,Lath Reef (19-142),149.661,-19.573,415.814,Marine National Park,Central Management Area,3,Central
19-146,Rafter Reef (19-146),149.633,-19.611,1127.125,Marine National Park,Central Management Area,3,Central
19-147,Plaster Reef (19-147),149.67,-19.63,1632.974,Marine National Park,Central Management Area,3,Central
19-195,Napier Reef (19-195),149.895,-19.846,493.796,Marine National Park,Central Management Area,3,Central
20-067a,Border Island Reef (No 1) (20-067a),149.029,-20.168,72.437,Marine National Park,Central Management Area,3,Central
20-067b,Border Island Reef (No 2) (20-067b),149.039,-20.169,18.971,Marine National Park,Central Management Area,3,Central
20-067c,Border Island Reef (No 3) (20-067c),149.034,-20.157,26.159,Marine National Park,Central Management Area,3,Central
20-068a,Dumbell Reef (No 1) (20-068a),149.007,-20.173,5.55,Marine National Park,Central Management Area,3,Central
20-068b,Dumbell Reef (No 2) (20-068b),149.009,-20.175,2.545,Marine National Park,Central Management Area,3,Central
20-351a,Pompey Reef (No 1) (20-351a),150.535,-20.941,2063.663,Marine National Park,Southern Management Area,4,Southern
20-380,U/N Reef (20-380),151.043,-20.915,1675.698,Marine National Park,Southern Management Area,4,Southern
21-129,U/N Reef (21-129),151.096,-21.354,2282.005,Marine National Park,Southern Management Area,4,Southern
21-139,U/N Reef (21-139),151.469,-21.473,1433.901,Marine National Park,Southern Management Area,4,Southern
21-205,U/N Reef (21-205),152.501,-21.086,102.877,Marine National Park,Southern Management Area,4,Southern
21-221,U/N Reef (21-221),152.43,-21.144,441.579,Marine National Park,Southern Management Area,4,Southern
21-278,U/N Reef (21-278),152.544,-21.105,358.328,Marine National Park,Southern Management Area,4,Southern
21-285,U/N Reef (21-285),152.544,-21.139,254.892,Marine National Park,Southern Management Area,4,Southern
21-444,U/N Reef (21-444),151.62,-21.579,558.934,Marine National Park,Southern Management Area,4,Southern
21-450,U/N Reef (21-450),151.624,-21.627,1125.855,Marine National Park,Southern Management Area,4,Southern
21-496,U/N Reef (21-496),152.476,-21.646,259.883,Marine National Park,Southern Management Area,4,Southern
21-511,Frigate Reef (21-511),152.428,-21.734,233.025,Marine National Park,Southern Management Area,4,Southern
21-518,Price Cay Reef (21-518),152.456,-21.784,203.806,Marine National Park,Southern Management Area,4,Southern
21-519,Turtle Reef (21-519),152.383,-21.8,1576.57,Marine National Park,Southern Management Area,4,Southern
21-520,U/N Reef (21-520),152.476,-21.805,369.379,Marine National Park,Southern Management Area,4,Southern
21-521,U/N Reef (21-521),152.454,-21.809,18.815,Marine National Park,Southern Management Area,4,Southern
21-522,U/N Reef (21-522),152.409,-21.807,13.808,Marine National Park,Southern Management Area,4,Southern
21-523,U/N Reef (21-523),152.211,-21.816,784.792,Marine National Park,Southern Management Area,4,Southern
21-552,Obstruction Reef (21-552),152.467,-21.963,71.138,Marine National Park,Southern Management Area,4,Southern
21-555,U/N Reef (21-555),152.232,-21.979,884.292,Marine National Park,Southern Management Area,4,Southern
21-557,U/N Reef (21-557),152.464,-21.982,16.129,Marine National Park,Southern Management Area,4,Southern
21-560,U/N Reef (21-560),152.54,-21.662,554.275,Marine National Park,Southern Management Area,4,Southern
22-084,U/N Reef (22-084),152.465,-22,151.867,Marine National Park,Southern Management Area,4,Southern
22-086,Wilson Reef (22-086),152.448,-22.017,308.835,Marine National Park,Southern Management Area,4,Southern
22-147a,U/N Reef (22-147a),152.706,-22.361,299.388,Marine National Park,Southern Management Area,4,Southern
22-148b,Howard Patch (No 2) (22-148b),152.653,-22.381,1308.307,Marine National Park,Southern Management Area,4,Southern
23-045a,North Reef (North) (23-045a),151.904,-23.185,555.912,Marine National Park,Southern Management Area,4,Southern
23-046,Tryon Reef (23-046),151.783,-23.246,355.134,Marine National Park,Southern Management Area,4,Southern
23-068,Erskine Reef (23-068),151.774,-23.502,502.387,Marine National Park,Southern Management Area,4,Southern
23-071,Polmaise Reef (23-071),151.678,-23.556,2532.459,Marine National Park,Southern Management Area,4,Southern
14-086,Hicks Reef (14-086),145.482,-14.453,2376.138,Habitat Protection,Northern Management Area,2,Northern
14-154,Ribbon No 9 Reef (14-154),145.703,-14.993,2152.563,Habitat Protection,Northern Management Area,2,Northern
15-046,Ribbon No 4 Reef (15-046),145.801,-15.435,1003.688,Habitat Protection,Northern Management Area,2,Northern
15-050,Ribbon No 3 Reef (15-050),145.806,-15.488,1199.402,Habitat Protection,Northern Management Area,2,Northern
15-077,U/N Reef (15-077),145.65,-15.558,625.487,Habitat Protection,Northern Management Area,2,Northern
17-008,Noggin Reef (17-008),146.469,-17.126,1242.518,Habitat Protection,Northern Management Area,2,Northern
17-011,Coates Reef (17-011),146.369,-17.197,428.533,Habitat Protection,Northern Management Area,2,Northern
17-062,Noreaster Reef (17-062),146.651,-17.779,4479.329,Habitat Protection,Northern Management Area,2,Northern
18-042,Roxburgh Reef (18-042),147.058,-18.432,2362.978,Habitat Protection,Central Management Area,3,Central
19-074b,Cobham Reef (South) (19-074b),148.854,-19.436,7589.22,Habitat Protection,Central Management Area,3,Central
19-082,Elizabeth Reef (19-082),149.043,-19.326,1358.016,Habitat Protection,Central Management Area,3,Central
19-156,Girder Reef (19-156),149.754,-19.664,787.667,Habitat Protection,Central Management Area,3,Central
19-187,Hewitt Reef (19-187),149.624,-19.784,2780.684,Habitat Protection,Central Management Area,3,Central
20-028i,Hook Island Reef (No 10) (20-028i),148.954,-20.085,85.236,Habitat Protection,Central Management Area,3,Central
21-056b,U/N Reef (21-056b),150.455,-21.079,4964.299,Habitat Protection,Southern Management Area,4,Southern
21-063,U/N Reef (21-063),150.925,-21.027,114.096,Habitat Protection,Southern Management Area,4,Southern
21-093,U/N Reef (21-093),151.103,-21.03,257.609,Habitat Protection,Southern Management Area,4,Southern
21-104,U/N Reef (21-104),151.238,-21.096,1872.9,Habitat Protection,Southern Management Area,4,Southern
21-238,U/N Reef (21-238),152.512,-21.236,1050.509,Habitat Protection,Southern Management Area,4,Southern
21-281,U/N Reef (21-281),152.63,-21.118,912.436,Habitat Protection,Southern Management Area,4,Southern
21-459,Heralds Prong No 2 (21-459),151.546,-21.705,6041.533,Habitat Protection,Southern Management Area,4,Southern
21-515,U/N Reef (21-515),152.12,-21.788,892.628,Habitat Protection,Southern Management Area,4,Southern
22-085,U/N Reef (22-085),152.346,-22.017,433.69,Habitat Protection,Southern Management Area,4,Southern
22-087,U/N Reef (22-087),152.278,-22.02,599.606,Habitat Protection,Southern Management Area,4,Southern
11-036,Parsons Reef (11-036),143.198,-11.184,1289.137,Habitat Protection,Far Northern Management Area,1,Far Northern
13-093b,U/N Reef (13-093b),143.962,-13.761,1566.965,Habitat Protection,Far Northern Management Area,1,Far Northern
13-117b,U/N Reef (13-117b),144.096,-13.6,261.311,Habitat Protection,Far Northern Management Area,1,Far Northern
13-124,U/N Reef (13-124),144.079,-13.853,2069.709,Habitat Protection,Far Northern Management Area,1,Far Northern
13-130,Davie Reef (13-130),144.455,-13.977,676.312,Habitat Protection,Far Northern Management Area,1,Far Northern
13-133,Tydeman Reef (13-133),144.52,-13.984,1374.435,Habitat Protection,Far Northern Management Area,1,Far Northern
14-079,Jewell Reef (14-079),145.351,-14.38,4959.227,Habitat Protection,Far Northern Management Area,1,Far Northern
14-082,Crescent Reef (14-082),145.089,-14.416,2934.816,Habitat Protection,Far Northern Management Area,1,Far Northern
14-083,Parke Reef (14-083),145.322,-14.42,2665.667,Habitat Protection,Far Northern Management Area,1,Far Northern
14-087,Snake Reef (14-087),145.025,-14.473,1163.231,Habitat Protection,Far Northern Management Area,1,Far Northern
14-088,Waining Reef (14-088),145.222,-14.456,15133.539,Habitat Protection,Far Northern Management Area,1,Far Northern
14-109,Fly Reef (14-109),145.158,-14.507,142.548,Habitat Protection,Far Northern Management Area,1,Far Northern
14-141,U/N Reef (14-141),145.539,-14.707,155.49,Habitat Protection,Northern Management Area,2,Northern
15-002,Two Islands Reef (15-002),145.442,-15.023,187.619,Habitat Protection,Northern Management Area,2,Northern
15-018,Pasco Reef (15-018),145.533,-15.045,249.076,Habitat Protection,Northern Management Area,2,Northern
15-021a,Ribbon No 8 Reef (15-021a),145.724,-15.073,1640.206,Habitat Protection,Northern Management Area,2,Northern
15-026,Ribbon No 7 Reef (15-026),145.738,-15.189,1756.347,Habitat Protection,Northern Management Area,2,Northern
15-038,Ribbon No 5 Reef (15-038),145.783,-15.364,1027.205,Habitat Protection,Northern Management Area,2,Northern
15-080,Ribbon No 1 Reef (15-080),145.805,-15.606,348.379,Habitat Protection,Northern Management Area,2,Northern
15-085,Lena Reef (15-085),145.808,-15.647,837.304,Habitat Protection,Northern Management Area,2,Northern
15-087,Pearl Reef (15-087),145.8,-15.719,180.954,Habitat Protection,Northern Management Area,2,Northern
15-090,Andersen Reef (15-090),145.803,-15.789,516.193,Habitat Protection,Northern Management Area,2,Northern
15-092,Rachel Carson Reef (15-092),145.819,-15.83,646.632,Habitat Protection,Northern Management Area,2,Northern
15-094,Escape Reef (15-094),145.796,-15.877,2694.124,Habitat Protection,Northern Management Area,2,Northern
16-018a,U/N Reef (16-018a),145.756,-16.077,27.113,Habitat Protection,Northern Management Area,2,Northern
16-027,U/N Reef (16-027),145.765,-16.352,545.056,Habitat Protection,Northern Management Area,2,Northern
16-031,Satellite Reef (16-031),145.687,-16.441,89.445,Habitat Protection,Northern Management Area,2,Northern
16-041,Jorgensen Patch (16-041),145.953,-16.543,55.658,Habitat Protection,Northern Management Area,2,Northern
16-070,Pellowe Reef (16-070),146.358,-16.858,808.386,Habitat Protection,Northern Management Area,2,Northern
17-001a,Sudbury Reef (No 1) (17-001a),146.205,-16.998,8967.617,Habitat Protection,Northern Management Area,2,Northern
17-006,Maori Reef (17-006),146.345,-17.094,3367.242,Habitat Protection,Northern Management Area,2,Northern
17-016a,McCulloch Reef (No 1) (17-016a),146.442,-17.288,2623.641,Habitat Protection,Northern Management Area,2,Northern
17-017,Gibson Reef (17-017),146.36,-17.302,4619.604,Habitat Protection,Northern Management Area,2,Northern
17-018a,Howie Reef (17-018a),146.385,-17.394,8642.495,Habitat Protection,Northern Management Area,2,Northern
17-032,Wardle Reef (17-032),146.551,-17.42,1220.107,Habitat Protection,Northern Management Area,2,Northern
17-037,Hall-Thompson Reef (17-037),146.457,-17.609,3623.495,Habitat Protection,Northern Management Area,2,Northern
17-042,Adelaide Reef (17-042),146.471,-17.654,4080.387,Habitat Protection,Northern Management Area,2,Northern
17-047,Eddy Reef (17-047),146.435,-17.774,1110.157,Habitat Protection,Northern Management Area,2,Northern
17-063a,Farquharson Reef (No 1) (17-063a),146.517,-17.791,2292.965,Habitat Protection,Northern Management Area,2,Northern
17-066,Yamacutta Reef (17-066),146.586,-17.889,6255.368,Habitat Protection,Central Management Area,3,Central
18-018,Otter Reef (18-018),146.559,-18.052,15147.915,Habitat Protection,Central Management Area,3,Central
18-026,Walker Reef (18-026),146.745,-18.325,2788.749,Habitat Protection,Central Management Area,3,Central
18-029,Bramble Reef (18-029),146.706,-18.408,6294.124,Habitat Protection,Central Management Area,3,Central
18-032,Rib Reef (18-032),146.871,-18.483,1044.416,Habitat Protection,Central Management Area,3,Central
18-048,Pelorus (North Palm or Yanooa) Reef (18-048),146.489,-18.556,97.018,Habitat Protection,Central Management Area,3,Central
18-086,Chicken Reef (18-086),147.717,-18.647,5697.119,Habitat Protection,Central Management Area,3,Central
19-038a,Dingo Reef (No 1) (19-038a),148.298,-19.194,4154.802,Habitat Protection,Central Management Area,3,Central
19-038b,Dingo Reef (No 2) (19-038b),148.389,-19.17,7372.507,Habitat Protection,Central Management Area,3,Central
19-038c,Dingo Reef (No 3) (19-038c),148.296,-19.145,3113.418,Habitat Protection,Central Management Area,3,Central
19-038f,Dingo Reef (No 6) (19-038f),148.472,-19.136,8953.08,Habitat Protection,Central Management Area,3,Central
19-046,Hope Reef (19-046),148.436,-19.322,412.636,Habitat Protection,Central Management Area,3,Central
19-047,Charity Reef (19-047),148.338,-19.367,523.36,Habitat Protection,Central Management Area,3,Central
19-071,Wallaby Reef (19-071),148.659,-19.424,4926.771,Habitat Protection,Central Management Area,3,Central
19-072a,Gould Reef (No 1) (19-072a),148.779,-19.375,6369.042,Habitat Protection,Central Management Area,3,Central
19-072d,Gould Reef (No 4) (19-072d),148.785,-19.498,2503.13,Habitat Protection,Central Management Area,3,Central
19-072e,Gould Reef (No 5) (19-072e),148.789,-19.453,1578.624,Habitat Protection,Central Management Area,3,Central
19-074a,Cobham Reef (North) (19-074a),148.871,-19.398,4581.885,Habitat Protection,Central Management Area,3,Central
19-076,Showers Reef (19-076),148.899,-19.491,820.564,Habitat Protection,Central Management Area,3,Central
19-096,Kennedy Reef (19-096),149.156,-19.452,8284.672,Habitat Protection,Central Management Area,3,Central
19-097,Net Reef (19-097),149.054,-19.499,11405.688,Habitat Protection,Central Management Area,3,Central
19-116,Knuckle Reef (19-116),149.273,-19.534,4219.553,Habitat Protection,Central Management Area,3,Central
19-120,Outlier Reef (19-120),149.353,-19.547,761.58,Habitat Protection,Central Management Area,3,Central
19-128,Line Reef (19-128),149.184,-19.69,4326.747,Habitat Protection,Central Management Area,3,Central
19-157,Little Reef (19-157),149.579,-19.667,158.259,Habitat Protection,Central Management Area,3,Central
19-161,U/N Reef (19-161),149.652,-19.683,491.695,Habitat Protection,Central Management Area,3,Central
19-180,Gargoyle Reef (19-180),149.683,-19.741,541.136,Habitat Protection,Central Management Area,3,Central
19-188,U/N Reef (19-188),149.762,-19.783,383.607,Habitat Protection,Central Management Area,3,Central
20-307,Chauvel Reefs (North) (20-307),150.376,-20.819,4615.345,Habitat Protection,Southern Management Area,4,Southern
21-062,U/N Reef (21-062),150.865,-21.031,505.173,Habitat Protection,Southern Management Area,4,Southern
21-064,U/N Reef (21-064),150.778,-21.057,241.848,Habitat Protection,Southern Management Area,4,Southern
21-451,U/N Reef (21-451),151.79,-21.629,3207.694,Habitat Protection,Southern Management Area,4,Southern
21-453,U/N Reef (21-453),151.692,-21.655,242.79,Habitat Protection,Southern Management Area,4,Southern
21-461,U/N Reef (21-461),151.86,-21.697,306.646,Habitat Protection,Southern Management Area,4,Southern
21-481,U/N Reef (21-481),152,-21.571,627.982,Habitat Protection,Southern Management Area,4,Southern
21-490,Turrum Reef (21-490),152.37,-21.606,1263.329,Habitat Protection,Southern Management Area,4,Southern
21-504,U/N Reef (21-504),152.088,-21.696,852.191,Habitat Protection,Southern Management Area,4,Southern
21-513,U/N Reef (21-513),152.201,-21.752,1257.523,Habitat Protection,Southern Management Area,4,Southern
21-536,Mervs Reef (21-536),152.364,-21.892,900.643,Habitat Protection,Southern Management Area,4,Southern
21-542,U/N Reef (21-542),152.466,-21.917,308.396,Habitat Protection,Southern Management Area,4,Southern
21-550,U/N Reef (21-550),152.313,-21.951,786.983,Habitat Protection,Southern Management Area,4,Southern
22-090,Chesterman Reef (22-090),152.429,-22.04,985.764,Habitat Protection,Southern Management Area,4,Southern
22-094,Herald No 1 (22-094),152.256,-22.095,319.547,Habitat Protection,Southern Management Area,4,Southern
12-003a,Mason Reef (12-003a),143.477,-12.101,40318.055,Habitat Protection,Far Northern Management Area,1,Far Northern
12-007,Nomad Reef (12-007),143.375,-12.142,6385.028,Habitat Protection,Far Northern Management Area,1,Far Northern
12-016a,Gallon Reef (12-016a),143.433,-12.314,26190.582,Habitat Protection,Far Northern Management Area,1,Far Northern
12-016c,U/N Reef (12-016c),143.513,-12.245,10947.684,Habitat Protection,Far Northern Management Area,1,Far Northern
12-027a,Eel Reef (12-027a),143.476,-12.474,14405.087,Habitat Protection,Far Northern Management Area,1,Far Northern
12-059,U/N Reef (12-059),143.791,-12.364,665.355,Habitat Protection,Far Northern Management Area,1,Far Northern
12-061,Lagoon Reef (12-061),143.757,-12.384,1746.605,Habitat Protection,Far Northern Management Area,1,Far Northern
12-104,Log Reef (North) (12-104),143.836,-12.635,515.093,Habitat Protection,Far Northern Management Area,1,Far Northern
12-118,Bligh Reef (12-118),143.836,-12.833,1629.908,Habitat Protection,Far Northern Management Area,1,Far Northern
12-127,U/N Reef (12-127),143.82,-12.894,1043.356,Habitat Protection,Far Northern Management Area,1,Far Northern
12-134,U/N Reef (12-134),143.824,-12.934,625.699,Habitat Protection,Far Northern Management Area,1,Far Northern
12-137,U/N Reef (12-137),143.829,-12.965,491.215,Habitat Protection,Far Northern Management Area,1,Far Northern
12-141,U/N Reef (12-141),143.829,-12.984,75.463,Habitat Protection,Far Northern Management Area,1,Far Northern
13-001,U/N Reef (13-001),143.792,-13.024,1812.071,Habitat Protection,Far Northern Management Area,1,Far Northern
13-002,Derry Reef (13-002),143.859,-13.022,124.306,Habitat Protection,Far Northern Management Area,1,Far Northern
13-005,Ham Reef (13-005),143.872,-13.039,288.965,Habitat Protection,Far Northern Management Area,1,Far Northern
13-014,U/N Reef (13-014),143.697,-13.071,3165.972,Habitat Protection,Far Northern Management Area,1,Far Northern
13-033,U/N Reef (13-033),143.876,-13.196,11780.369,Habitat Protection,Far Northern Management Area,1,Far Northern
13-036,Throne Shoals (13-036),143.74,-13.239,3986.859,Habitat Protection,Far Northern Management Area,1,Far Northern
13-050b,U/N Reef (13-050b),143.951,-13.308,15.041,Habitat Protection,Far Northern Management Area,1,Far Northern
13-055,Peter Reef (13-055),143.781,-13.333,3187.113,Habitat Protection,Far Northern Management Area,1,Far Northern
13-060,Blanchard Reef (13-060),143.751,-13.417,3540.148,Habitat Protection,Far Northern Management Area,1,Far Northern
13-087,Magpie Reef (13-087),143.838,-13.76,8366.398,Habitat Protection,Far Northern Management Area,1,Far Northern
13-088,Lytton Reef (13-088),143.906,-13.743,5536.667,Habitat Protection,Far Northern Management Area,1,Far Northern
13-089,U/N Reef (13-089),143.948,-13.756,161.336,Habitat Protection,Far Northern Management Area,1,Far Northern
13-093a,U/N Reef (13-093a),143.93,-13.829,4945.299,Habitat Protection,Far Northern Management Area,1,Far Northern
13-093c,U/N Reef (13-093c),143.979,-13.768,1779.946,Habitat Protection,Far Northern Management Area,1,Far Northern
13-116,U/N Reef (13-116),144.09,-13.542,2731.958,Habitat Protection,Far Northern Management Area,1,Far Northern
13-117a,U/N Reef (13-117a),144.099,-13.592,108.233,Habitat Protection,Far Northern Management Area,1,Far Northern
13-118b,Creech Reef (South) (13-118b),144.107,-13.646,39.86,Habitat Protection,Far Northern Management Area,1,Far Northern
13-119,U/N Reef (13-119),144.166,-13.676,1826.534,Habitat Protection,Far Northern Management Area,1,Far Northern
13-120,Sand Bank No 5 Reef (13-120),144.237,-13.737,1801.342,Habitat Protection,Far Northern Management Area,1,Far Northern
13-121,U/N Reef (13-121),144.267,-13.78,434.208,Habitat Protection,Far Northern Management Area,1,Far Northern
13-122,U/N Reef (13-122),144.028,-13.858,2069.851,Habitat Protection,Far Northern Management Area,1,Far Northern
13-125,U/N Reef (13-125),144.311,-13.866,7088.038,Habitat Protection,Far Northern Management Area,1,Far Northern
13-127,Rodda Reef (13-127),144.357,-13.921,529.074,Habitat Protection,Far Northern Management Area,1,Far Northern
13-128,Joan Reef (13-128),144.35,-13.946,132.642,Habitat Protection,Far Northern Management Area,1,Far Northern
13-129,Wilson Reef (13-129),144.401,-13.952,1637.03,Habitat Protection,Far Northern Management Area,1,Far Northern
14-038,Pipon Reef (14-038),144.525,-14.12,392.828,Habitat Protection,Far Northern Management Area,1,Far Northern
14-056,U/N Reef (14-056),144.956,-14.328,1218.789,Habitat Protection,Far Northern Management Area,1,Far Northern
14-073,U/N Reef (14-073),145.003,-14.233,458.56,Habitat Protection,Far Northern Management Area,1,Far Northern
14-074,U/N Reef (14-074),145.068,-14.268,4500.18,Habitat Protection,Far Northern Management Area,1,Far Northern
14-075,U/N Reef (14-075),145.165,-14.289,873.648,Habitat Protection,Far Northern Management Area,1,Far Northern
14-077a,U/N Reef (14-077a),145.237,-14.314,1303.99,Habitat Protection,Far Northern Management Area,1,Far Northern
14-078,U/N Reef (14-078),145.278,-14.343,269.76,Habitat Protection,Far Northern Management Area,1,Far Northern
17-023,Cayley Reef (17-023),146.457,-17.477,926.2,Habitat Protection,Northern Management Area,2,Northern
17-024,Peart Reef (17-024),146.391,-17.482,1662.103,Habitat Protection,Northern Management Area,2,Northern
17-057,Gilbey Reef (17-057),146.578,-17.581,770.658,Habitat Protection,Northern Management Area,2,Northern
20-304,McIntyre Reef (20-304),150.468,-20.717,546.58,Habitat Protection,Southern Management Area,4,Southern
20-305,Goble Reefs (East) (20-305),150.485,-20.782,1989.494,Habitat Protection,Southern Management Area,4,Southern
20-308,Chauvel Reefs (South) (20-308),150.379,-20.859,1208.568,Habitat Protection,Southern Management Area,4,Southern
20-352,U/N Reef (20-352),150.659,-20.952,1855.322,Habitat Protection,Southern Management Area,4,Southern
21-056a,U/N Reef (21-056a),150.509,-21.051,142.588,Habitat Protection,Southern Management Area,4,Southern
21-061,U/N Reef (21-061),150.692,-21.055,2795.471,Habitat Protection,Southern Management Area,4,Southern
21-065,U/N Reef (21-065),150.83,-21.072,1157.422,Habitat Protection,Southern Management Area,4,Southern
21-068,U/N Reef (21-068),150.831,-21.129,393.806,Habitat Protection,Southern Management Area,4,Southern
21-072,U/N Reef (21-072),150.66,-21.164,5834.331,Habitat Protection,Southern Management Area,4,Southern
21-565,Bills Reef (21-565),152.593,-21.787,926.293,Habitat Protection,Southern Management Area,4,Southern
21-579,Hill Reef (21-579),152.672,-21.912,111.943,Habitat Protection,Southern Management Area,4,Southern
21-580,U/N Reef (21-580),152.59,-21.939,490.234,Habitat Protection,Southern Management Area,4,Southern
22-093,Abrahams Reef (22-093),152.488,-22.101,1313.722,Habitat Protection,Southern Management Area,4,Southern
22-098,U/N Reef (22-098),152.495,-22.2,823.103,Habitat Protection,Southern Management Area,4,Southern
22-099,Hackie Reef (22-099),152.414,-22.262,2552.518,Habitat Protection,Southern Management Area,4,Southern
22-102,Chinaman Reef (22-102),152.658,-22.005,337.879,Habitat Protection,Southern Management Area,4,Southern
22-104a,Horseshoe Reef (No 1) (22-104a),152.58,-22.042,2114.671,Habitat Protection,Southern Management Area,4,Southern
22-108,Ron Isbel Reef (22-108),152.631,-22.066,530.505,Habitat Protection,Southern Management Area,4,Southern
22-109,Sanctuary Reef (22-109),152.676,-22.067,783.169,Habitat Protection,Southern Management Area,4,Southern
22-116,Hook Reef (22-116),152.742,-22.096,453.475,Habitat Protection,Southern Management Area,4,Southern
22-122,Junior Reef (22-122),152.532,-22.148,508.935,Habitat Protection,Southern Management Area,4,Southern
22-123,U/N Reef (22-123),152.598,-22.15,530.885,Habitat Protection,Southern Management Area,4,Southern
22-124,Taiwan Reef (22-124),152.761,-22.15,488.005,Habitat Protection,Southern Management Area,4,Southern
22-130,Gater Reef (22-130),152.698,-22.17,2585.591,Habitat Protection,Southern Management Area,4,Southern
22-133,Sandshoe Reef (22-133),152.757,-22.209,641.488,Habitat Protection,Southern Management Area,4,Southern
22-140,Sweetlip Reef (22-140),152.737,-22.271,2180.794,Habitat Protection,Southern Management Area,4,Southern
22-142,U/N Reef (22-142),152.736,-22.299,88.146,Habitat Protection,Southern Management Area,4,Southern
22-143,U/N Reef (22-143),152.729,-22.325,849.592,Habitat Protection,Southern Management Area,4,Southern
22-144,U/N Reef (22-144),152.68,-22.332,481.243,Habitat Protection,Southern Management Area,4,Southern
22-145,Hixson Cay Reef (22-145),152.731,-22.344,130.816,Habitat Protection,Southern Management Area,4,Southern
10-299,U/N Reef (10-299),143.09,-10.775,358.408,Habitat Protection,Far Northern Management Area,1,Far Northern
10-351,U/N Reef (10-351),143.19,-10.732,580.965,Habitat Protection,Far Northern Management Area,1,Far Northern
10-353,U/N Reef (10-353),143.094,-10.752,248.086,Habitat Protection,Far Northern Management Area,1,Far Northern
10-372,U/N Reef (10-372),143.157,-10.95,84.372,Habitat Protection,Far Northern Management Area,1,Far Northern
10-387,U/N Reef (10-387),143.521,-10.693,725.863,Habitat Protection,Far Northern Management Area,1,Far Northern
11-016,McSweeney Reef (11-016),143.243,-11.023,530.409,Habitat Protection,Far Northern Management Area,1,Far Northern
11-029,Monsoon Reef (11-029),143.253,-11.129,427.149,Habitat Protection,Far Northern Management Area,1,Far Northern
11-037,Collette Reef (11-037),143.318,-11.215,2397.61,Habitat Protection,Far Northern Management Area,1,Far Northern
11-039,U/N Reef (11-039),143.257,-11.241,162.906,Habitat Protection,Far Northern Management Area,1,Far Northern
14-123,Martin Reef (14-123),145.356,-14.763,1090.863,Habitat Protection,Northern Management Area,2,Northern
14-126,Linnet Reef (14-126),145.344,-14.787,383.168,Habitat Protection,Northern Management Area,2,Northern
14-134,Eye Reef (14-134),145.478,-14.895,141.902,Habitat Protection,Northern Management Area,2,Northern
14-142,U/N Reef (14-142),145.582,-14.731,51.389,Habitat Protection,Northern Management Area,2,Northern
14-145,U/N Reef (14-145),145.586,-14.79,612.508,Habitat Protection,Northern Management Area,2,Northern
14-149,U/N Reef (14-149),145.618,-14.843,5499.069,Habitat Protection,Northern Management Area,2,Northern
15-009,Forrester Reef (15-009),145.496,-15.167,1439.251,Habitat Protection,Northern Management Area,2,Northern
15-022,U/N Reef (15-022),145.636,-15.098,589.184,Habitat Protection,Northern Management Area,2,Northern
15-023,U/N Reef (15-023),145.67,-15.094,368.394,Habitat Protection,Northern Management Area,2,Northern
15-024,Mackay Reefs (15-024),145.571,-15.139,3246.696,Habitat Protection,Northern Management Area,2,Northern
15-027,Marx Reef (15-027),145.621,-15.198,135.064,Habitat Protection,Northern Management Area,2,Northern
15-031,Pullen Reefs (15-031),145.587,-15.251,76.656,Habitat Protection,Northern Management Area,2,Northern
15-043,U/N Reef (15-043),145.508,-15.429,3194.89,Habitat Protection,Northern Management Area,2,Northern
15-048,U/N Reef (15-048),145.655,-15.484,165.388,Habitat Protection,Northern Management Area,2,Northern
15-049,U/N Reef (15-049),145.503,-15.486,235.297,Habitat Protection,Northern Management Area,2,Northern
15-071c,U/N Reef (15-071c),145.57,-15.51,137.705,Habitat Protection,Northern Management Area,2,Northern
15-088,Ruby Reef (15-088),145.781,-15.75,1682.539,Habitat Protection,Northern Management Area,2,Northern
16-012b,Spitfire Reefs (East) (16-012b),145.635,-16.015,174.226,Habitat Protection,Northern Management Area,2,Northern
16-015,Mackay Reef (16-015),145.647,-16.049,618.712,Habitat Protection,Northern Management Area,2,Northern
16-016,U/N Reef (16-016),145.739,-16.055,75.238,Habitat Protection,Northern Management Area,2,Northern
16-017,Sylvan Reef (16-017),145.721,-16.08,129.041,Habitat Protection,Northern Management Area,2,Northern
16-019,St Crispin Reef (16-019),145.833,-16.104,4282.536,Habitat Protection,Northern Management Area,2,Northern
16-020a,Undine Reef (West) (16-020a),145.687,-16.123,3494.666,Habitat Protection,Northern Management Area,2,Northern
16-020b,Undine Reef (East) (16-020b),145.775,-16.117,1906.289,Habitat Protection,Northern Management Area,2,Northern
16-024,Chinaman Reef (16-024),145.792,-16.213,735.42,Habitat Protection,Northern Management Area,2,Northern
16-029,Batt Reef (16-029),145.768,-16.414,14090.162,Habitat Protection,Northern Management Area,2,Northern
16-040,Pixie Reef (16-040),145.862,-16.547,60.886,Habitat Protection,Northern Management Area,2,Northern
16-064,Arlington Reef (16-064),146.055,-16.695,12767.802,Habitat Protection,Northern Management Area,2,Northern
18-024,Britomart Reef (18-024),146.726,-18.229,14265.957,Habitat Protection,Central Management Area,3,Central
18-043,Fore And Aft Reef (18-043),147.038,-18.505,2080.318,Habitat Protection,Central Management Area,3,Central
18-069a,Backnumbers Reef (18-069a),147.148,-18.509,3312.234,Habitat Protection,Central Management Area,3,Central
18-073,Hopkinson Reef (18-073),147.193,-18.551,738.008,Habitat Protection,Central Management Area,3,Central
18-077,Grub Reef (18-077),147.426,-18.626,3130.664,Habitat Protection,Central Management Area,3,Central
18-079,Keeper Reef (18-079),147.268,-18.746,717.849,Habitat Protection,Central Management Area,3,Central
18-088,Centipede Reef (18-088),147.542,-18.722,3007.811,Habitat Protection,Central Management Area,3,Central
18-100a,(Big) Broadhurst Reef (No 1) (18-100a),147.742,-18.907,9142.675,Habitat Protection,Central Management Area,3,Central
18-103,U/N Reef (18-103),147.892,-18.906,91.346,Habitat Protection,Central Management Area,3,Central
18-112,Viper Reef (18-112),148.151,-18.873,247.471,Habitat Protection,Central Management Area,3,Central
18-115,Jupiter Reef (18-115),148.253,-18.924,256.801,Habitat Protection,Central Management Area,3,Central
19-019,Bowden Reef (19-019),147.928,-19.033,1482.525,Habitat Protection,Central Management Area,3,Central
19-024,Prawn Reef (19-024),148.097,-19.021,3121.131,Habitat Protection,Central Management Area,3,Central
19-028,Shell Reef (19-028),148.182,-19.059,358.481,Habitat Protection,Central Management Area,3,Central
19-029,Mid Reef (19-029),148.077,-19.071,562.552,Habitat Protection,Central Management Area,3,Central
19-044,Faith Reef (19-044),148.35,-19.279,441.637,Habitat Protection,Central Management Area,3,Central
19-127,Block Reef (19-127),149.373,-19.699,15552.794,Habitat Protection,Central Management Area,3,Central
19-131a,U/N Reef (19-131a),149.368,-19.761,409.833,Habitat Protection,Central Management Area,3,Central
19-134,Circular Quay Reef (19-134),149.486,-19.744,13493.38,Habitat Protection,Central Management Area,3,Central
21-057,U/N Reef (21-057),150.482,-21.123,4670.077,Habitat Protection,Southern Management Area,4,Southern
21-181,U/N Reef (21-181),151.858,-21.371,745.841,Habitat Protection,Southern Management Area,4,Southern
21-186,U/N Reef (21-186),151.793,-21.411,1360.202,Habitat Protection,Southern Management Area,4,Southern
21-187,U/N Reef (21-187),151.648,-21.419,1711.986,Habitat Protection,Southern Management Area,4,Southern
21-188,U/N Reef (21-188),151.586,-21.444,1323.902,Habitat Protection,Southern Management Area,4,Southern
21-438,U/N Reef (21-438),151.812,-21.516,506.727,Habitat Protection,Southern Management Area,4,Southern
21-441,U/N Reef (21-441),151.775,-21.527,817.891,Habitat Protection,Southern Management Area,4,Southern
21-465,U/N Reef (21-465),151.882,-21.804,3241.611,Habitat Protection,Southern Management Area,4,Southern
21-466,U/N Reef (21-466),151.987,-21.838,2401.009,Habitat Protection,Southern Management Area,4,Southern
21-500,U/N Reef (21-500),152.394,-21.674,907.519,Habitat Protection,Southern Management Area,4,Southern
21-505,Isobel Bennett Reef (21-505),152.349,-21.707,1802.663,Habitat Protection,Southern Management Area,4,Southern
21-548,Poulson Reef (21-548),152.459,-21.936,312.546,Habitat Protection,Southern Management Area,4,Southern
21-549,Pike Reef (21-549),152.423,-21.948,1491.881,Habitat Protection,Southern Management Area,4,Southern
21-554,U/N Reef (21-554),152.375,-21.98,1015.583,Habitat Protection,Southern Management Area,4,Southern
22-088a,U/N Reef (22-088a),152.158,-22.026,1658.589,Habitat Protection,Southern Management Area,4,Southern
23-077,Fitzroy Reef (23-077),152.147,-23.633,3668.436,Habitat Protection,Southern Management Area,4,Southern
10-371,U/N Reef (10-371),143.242,-10.947,146.599,Habitat Protection,Far Northern Management Area,1,Far Northern
10-414,U/N Reef (10-414),144.018,-10.927,1369.089,Habitat Protection,Far Northern Management Area,1,Far Northern
10-327,South Ledge (10-327),142.732,-10.705,3729.116,Habitat Protection,Far Northern Management Area,1,Far Northern
14-132b,U/N Reef (14-132b),145.528,-14.866,675.38,Habitat Protection,Northern Management Area,2,Northern
14-133,U/N Reef (14-133),145.516,-14.917,558.124,Habitat Protection,Northern Management Area,2,Northern
14-135,Helsdon Reef (14-135),145.488,-14.939,1256.178,Habitat Protection,Northern Management Area,2,Northern
14-144,Kedge Reef (14-144),145.531,-14.783,636.492,Habitat Protection,Northern Management Area,2,Northern
15-019,Long Reef (15-019),145.57,-15.051,1116.679,Habitat Protection,Northern Management Area,2,Northern
15-028,Startle Reefs (15-028),145.556,-15.207,2122.06,Habitat Protection,Northern Management Area,2,Northern
15-030,Swinger Reef (15-030),145.537,-15.242,526.876,Habitat Protection,Northern Management Area,2,Northern
15-070,Vicki Harriott Reef (15-070),145.618,-15.503,1230.097,Habitat Protection,Northern Management Area,2,Northern
15-078,Osterlund Reef (15-078),145.532,-15.556,5714.283,Habitat Protection,Northern Management Area,2,Northern
15-081,Rosser Reef (15-081),145.515,-15.607,959.924,Habitat Protection,Northern Management Area,2,Northern
15-082,Emily Reef (15-082),145.626,-15.606,3530.024,Habitat Protection,Northern Management Area,2,Northern
15-084,Irene Reef (15-084),145.715,-15.648,1201.325,Habitat Protection,Northern Management Area,2,Northern
15-086,Cairns Reef (15-086),145.509,-15.672,9000.261,Habitat Protection,Northern Management Area,2,Northern
15-095,Evening Reef (15-095),145.657,-15.905,910.35,Habitat Protection,Northern Management Area,2,Northern
15-098,Morning Reef (15-098),145.665,-15.976,1400.088,Habitat Protection,Northern Management Area,2,Northern
16-023,Rudder Reef (16-023),145.693,-16.192,4887.867,Habitat Protection,Northern Management Area,2,Northern
16-026,Tongue Reef (16-026),145.793,-16.321,26007.875,Habitat Protection,Northern Management Area,2,Northern
17-018b,Arthur Patches (17-018b),146.339,-17.388,419.495,Habitat Protection,Northern Management Area,2,Northern
17-059a,Potter Reef (No 1) (17-059a),146.544,-17.698,2067.825,Habitat Protection,Northern Management Area,2,Northern
18-033,Pith Reef (18-033),147.016,-18.209,2701.936,Habitat Protection,Central Management Area,3,Central
18-040,Arab Reef (18-040),147.139,-18.415,421.463,Habitat Protection,Central Management Area,3,Central
18-078,Lodestone Reef (18-078),147.103,-18.69,872.034,Habitat Protection,Central Management Area,3,Central
18-100b,(Big) Broadhurst Reef (No 2) (18-100b),147.694,-18.863,350.751,Habitat Protection,Central Management Area,3,Central
18-105a,Banfield Reef (North) (18-105a),147.897,-18.925,654.055,Habitat Protection,Central Management Area,3,Central
18-105b,Banfield Reef (South) (18-105b),147.909,-18.939,429.511,Habitat Protection,Central Management Area,3,Central
18-106,(Little) Broadhurst Reef (18-106),147.694,-18.956,2711.121,Habitat Protection,Central Management Area,3,Central
18-118,Shrimp Reef (18-118),148.053,-18.969,3672.101,Habitat Protection,Central Management Area,3,Central
19-025,Castor Reef (19-025),148.341,-19.015,1651.712,Habitat Protection,Central Management Area,3,Central
19-039,U/N Reef (19-039),148.189,-19.122,107.68,Habitat Protection,Central Management Area,3,Central
19-040,U/N Reef (19-040),148.18,-19.132,21.716,Habitat Protection,Central Management Area,3,Central
19-043,Darley Reef (19-043),148.183,-19.197,13001.086,Habitat Protection,Central Management Area,3,Central
19-138,U/N Reef (19-138),149.425,-19.801,265.62,Habitat Protection,Central Management Area,3,Central
19-141,Stucco Reef (19-141),149.598,-19.558,1198.701,Habitat Protection,Central Management Area,3,Central
21-454,U/N Reef (21-454),151.968,-21.766,995.562,Habitat Protection,Southern Management Area,4,Southern
21-460,U/N Reef (21-460),151.742,-21.711,2182.796,Habitat Protection,Southern Management Area,4,Southern
21-464,U/N Reef (21-464),151.774,-21.756,1141.362,Habitat Protection,Southern Management Area,4,Southern
21-467,U/N Reef (21-467),151.926,-21.887,1046.278,Habitat Protection,Southern Management Area,4,Southern
21-538,Emperor Reef (21-538),152.444,-21.884,2251.597,Habitat Protection,Southern Management Area,4,Southern
21-539,U/N Reef (21-539),152.271,-21.94,1656.735,Habitat Protection,Southern Management Area,4,Southern
21-553,U/N Reef (21-553),152.347,-21.976,284.986,Habitat Protection,Southern Management Area,4,Southern
23-076,Lamont Reef (23-076),152.027,-23.599,1524.557,Habitat Protection,Southern Management Area,4,Southern
23-079,Boult Reef (23-079),152.272,-23.757,1008.826,Habitat Protection,Southern Management Area,4,Southern
10-384,U/N Reef (10-384),143.964,-10.71,981.709,Marine National Park,Far Northern Management Area,1,Far Northern
10-400,U/N Reef (10-400),143.99,-10.794,356.319,Marine National Park,Far Northern Management Area,1,Far Northern
10-403,U/N Reef (10-403),143.996,-10.824,445.53,Marine National Park,Far Northern Management Area,1,Far Northern
11-049,U/N Reef (11-049),143.336,-11.361,397.781,Marine National Park,Far Northern Management Area,1,Far Northern
11-162,U/N Reef (11-162),143.291,-11.604,341.731,Marine National Park,Far Northern Management Area,1,Far Northern
14-118,Eyrie Reef (14-118),145.379,-14.711,1499.693,Marine National Park,Northern Management Area,2,Northern
14-132a,Rocky Islets Reef (14-132a),145.48,-14.855,613.219,Marine National Park,Northern Management Area,2,Northern
14-132c,U/N Reef (14-132c),145.489,-14.869,18.228,Marine National Park,Northern Management Area,2,Northern
14-147a,South Direction Reef (North) (14-147a),145.524,-14.824,199.755,Marine National Park,Northern Management Area,2,Northern
15-033,Lark Reef (15-033),145.574,-15.288,6845.518,Marine National Park,Northern Management Area,2,Northern
15-089,Endeavour Reef (15-089),145.582,-15.777,2042.128,Marine National Park,Northern Management Area,2,Northern
15-099e,Agincourt Reefs (No 2b) (15-099e),145.858,-16.03,108.728,Marine National Park,Northern Management Area,2,Northern
16-025,Opal Reef (16-025),145.89,-16.221,2853.692,Marine National Park,Northern Management Area,2,Northern
16-028,Low Islands Reef (16-028),145.564,-16.386,234.32,Marine National Park,Northern Management Area,2,Northern
16-030,Norman Reef (16-030),145.997,-16.428,528.4,Marine National Park,Northern Management Area,2,Northern
16-032,Saxon Reef (16-032),145.99,-16.465,286.935,Marine National Park,Northern Management Area,2,Northern
16-042,Breaking Patches (16-042),145.98,-16.582,173.147,Marine National Park,Northern Management Area,2,Northern
16-049,Green Island Reef (16-049),145.999,-16.767,3543.542,Marine National Park,Northern Management Area,2,Northern
16-057,Hastings Reef (16-057),146.008,-16.518,1479.16,Marine National Park,Northern Management Area,2,Northern
16-060,Michaelmas Reef (16-060),146.019,-16.582,3322.015,Marine National Park,Northern Management Area,2,Northern
16-067,Milln Reef (16-067),146.265,-16.778,2491.555,Marine National Park,Northern Management Area,2,Northern
16-071,Moore Reef (16-071),146.213,-16.874,4300.329,Marine National Park,Northern Management Area,2,Northern
16-074,Briggs Reef (16-074),146.207,-16.938,120.65,Marine National Park,Northern Management Area,2,Northern
17-012,Normanby-Mabel Reef (17-012),146.077,-17.21,97.054,Marine National Park,Northern Management Area,2,Northern
18-017,Reg Ward Reef (18-017),146.785,-18.032,314.182,Marine National Park,Central Management Area,3,Central
18-019,Barnett Patches (18-019),146.853,-18.06,4817.76,Marine National Park,Central Management Area,3,Central
18-030,Kelso Reef (18-030),146.99,-18.436,1284.609,Marine National Park,Central Management Area,3,Central
18-031,Little Kelso Reef (18-031),146.993,-18.469,469.57,Marine National Park,Central Management Area,3,Central
18-074,Yankee Reef (18-074),147.499,-18.561,668.316,Marine National Park,Central Management Area,3,Central
18-076,Helix Reef (18-076),147.298,-18.625,158.002,Marine National Park,Central Management Area,3,Central
18-081,Knife Reef (18-081),147.572,-18.576,1620.477,Marine National Park,Central Management Area,3,Central
18-083,Fork Reef (18-083),147.554,-18.608,3093.281,Marine National Park,Central Management Area,3,Central
18-087,Anzac Reefs (No 1) (18-087),147.857,-18.694,719.158,Marine National Park,Central Management Area,3,Central
18-091,Lynchs Reef (18-091),147.708,-18.77,4227.684,Marine National Park,Central Management Area,3,Central
18-095,Wheeler Reef (18-095),147.526,-18.798,290.454,Marine National Park,Central Management Area,3,Central
18-099,Saville-Kent Reef (18-099),147.883,-18.859,2393.932,Marine National Park,Central Management Area,3,Central
18-101,Judith Wright Reef (18-101),147.951,-18.9,3964.614,Marine National Park,Central Management Area,3,Central
19-054,Tiger Reef (19-054),148.549,-19.201,4195.766,Marine National Park,Central Management Area,3,Central
19-135,Hardy Reef (19-135),149.233,-19.76,4289.183,Marine National Park,Central Management Area,3,Central
19-137,Bait Reef (19-137),149.074,-19.807,606.06,Marine National Park,Central Management Area,3,Central
20-017,Black Island Reef (20-017),148.893,-20.081,45.766,Marine National Park,Central Management Area,3,Central
20-028g,Hook Island Reef (No 7) (20-028g),148.925,-20.073,107.054,Marine National Park,Central Management Area,3,Central
20-028h,Hook Island Reef (No 9) (20-028h),148.958,-20.063,32.335,Marine National Park,Central Management Area,3,Central
20-028j,Hook Island Reef (No 8) (20-028j),148.939,-20.067,11.73,Marine National Park,Central Management Area,3,Central
20-309,Tern Reef (20-309),150.033,-20.909,307.829,Marine National Park,Southern Management Area,4,Southern
20-310,Bushy-Redbill Reef (20-310),150.08,-20.962,958.42,Marine National Park,Southern Management Area,4,Southern
21-499,U/N Reef (21-499),152.452,-21.664,542.6,Marine National Park,Southern Management Area,4,Southern
21-501,Recreation Reef (21-501),152.441,-21.678,506.011,Marine National Park,Southern Management Area,4,Southern
21-502,U/N Reef (21-502),152.498,-21.675,60.221,Marine National Park,Southern Management Area,4,Southern
21-509,U/N Reef (21-509),152.387,-21.728,461.753,Marine National Park,Southern Management Area,4,Southern
21-512,U/N Reef (21-512),152.334,-21.758,1185.377,Marine National Park,Southern Management Area,4,Southern
21-514,Detour Reef (21-514),152.414,-21.761,1008.137,Marine National Park,Southern Management Area,4,Southern
21-517,Small Reef (21-517),152.424,-21.776,44.63,Marine National Park,Southern Management Area,4,Southern
21-524,Houdini Reef (21-524),152.428,-21.823,442.773,Marine National Park,Southern Management Area,4,Southern
21-525,U/N Reef (21-525),152.459,-21.823,50.269,Marine National Park,Southern Management Area,4,Southern
21-526,U/N Reef (21-526),152.312,-21.832,2025.781,Marine National Park,Southern Management Area,4,Southern
21-532,U/N Reef (21-532),152.354,-21.863,396.917,Marine National Park,Southern Management Area,4,Southern
21-544,U/N Reef (21-544),152.109,-21.922,2032.507,Marine National Park,Southern Management Area,4,Southern
21-551,U/N Reef (21-551),152.056,-21.961,2197.3,Marine National Park,Southern Management Area,4,Southern
21-558,U/N Reef (21-558),152.546,-21.549,890.14,Marine National Park,Southern Management Area,4,Southern
21-559,U/N Reef (21-559),152.534,-21.573,474.241,Marine National Park,Southern Management Area,4,Southern
23-078,Llewellyn Reef (23-078),152.181,-23.695,2271.431,Marine National Park,Southern Management Area,4,Southern
23-080,Hoskyn Islands Reef (23-080),152.287,-23.808,884.884,Marine National Park,Southern Management Area,4,Southern
23-081,Fairfax Islands Reef (23-081),152.361,-23.867,1304.645,Marine National Park,Southern Management Area,4,Southern
23-082a,Lady Musgrave Reef (23-082a),152.387,-23.902,2952.175,Marine National Park,Southern Management Area,4,Southern
14-114,MacGillivray Reef (14-114),145.491,-14.652,91.598,Scientific Research,Northern Management Area,2,Northern
14-116a,Lizard Island Reef (North West) (14-116a),145.447,-14.659,203.006,Scientific Research,Northern Management Area,2,Northern
14-116b,Lizard Island Reef (North East) (14-116b),145.466,-14.655,184.504,Conservation Park,Northern Management Area,2,Northern
14-116c,Lizard Island Reef (Coconut Bay) (14-116c),145.472,-14.681,62.053,Scientific Research,Northern Management Area,2,Northern
14-116d,Lizard Island Reef (Lagoon) (14-116d),145.45,-14.686,913.135,Scientific Research,Northern Management Area,2,Northern
14-143,North Direction Reef (14-143),145.511,-14.746,69.182,Scientific Research,Northern Management Area,2,Northern
14-147b,South Direction Reef (South) (14-147b),145.521,-14.812,132.722,Buffer,Northern Management Area,2,Northern
15-012,Boulder Reef (15-012),145.431,-15.414,1355.364,Conservation Park,Northern Management Area,2,Northern
15-013,Egret Reef (15-013),145.418,-15.474,1195.189,Conservation Park,Northern Management Area,2,Northern
15-093,Pickersgill Reef (15-093),145.574,-15.873,1882.05,Conservation Park,Northern Management Area,2,Northern
16-054a,Fitzroy Island Reef (No 1) (16-054a),145.994,-16.925,16.378,Conservation Park,Northern Management Area,2,Northern
16-054b,Fitzroy Island Reef (No 2) (16-054b),145.985,-16.933,2.489,Conservation Park,Northern Management Area,2,Northern
16-054f,U/N Reef (16-054f),145.988,-16.941,17.315,Conservation Park,Northern Management Area,2,Northern
16-054g,U/N Reef (16-054g),146.002,-16.934,4.633,Conservation Park,Northern Management Area,2,Northern
16-055,Little Fitzroy Island Reef (16-055),146.006,-16.923,10.468,Commonwealth Island (Other),Northern Management Area,2,Northern
16-068,Thetford Reef (16-068),146.181,-16.803,1283.884,Conservation Park,Northern Management Area,2,Northern
17-013,Round-Russell Reef (17-013),146.092,-17.224,96.319,Commonwealth Island (GBRMPA),Northern Management Area,2,Northern
18-027,Trunk Reef (18-027),146.832,-18.354,12150.318,Conservation Park,Central Management Area,3,Central
18-075,John Brewer Reef (18-075),147.053,-18.631,2458.767,Conservation Park,Central Management Area,3,Central
18-096,Davies Reef (18-096),147.645,-18.822,1661.466,Conservation Park,Central Management Area,3,Central
19-103a,Holbourne Island Reef (No 1) (19-103a),148.357,-19.725,22.039,Conservation Park,Central Management Area,3,Central
19-103b,Holbourne Island Reef (No 2) (19-103b),148.364,-19.729,6.955,Conservation Park,Central Management Area,3,Central
19-136a,Hook Reef (19-136a),149.185,-19.792,9703.674,Conservation Park,Central Management Area,3,Central
20-014,Hayman Island Reef (20-014),148.891,-20.061,314.943,Conservation Park,Central Management Area,3,Central
20-019,Langford-Bird Reef (20-019),148.878,-20.088,191.527,Conservation Park,Central Management Area,3,Central
20-028f,Hook Island Reef (No 6) (20-028f),148.908,-20.077,117.163,Conservation Park,Central Management Area,3,Central
23-050,Wilson Island Reef (23-050),151.89,-23.291,4718.82,Conservation Park,Southern Management Area,4,Southern
23-052a,Heron Reef (23-052a),151.971,-23.446,6318.31,Conservation Park,Southern Management Area,4,Southern
23-054,Sykes Reef (23-054),152.034,-23.433,1880.08,Conservation Park,Southern Management Area,4,Southern
23-055a,One Tree Island Reef (23-055a),152.061,-23.496,2860.703,Scientific Research (closed to public access),Southern Management Area,4,Southern
24-008,Lady Elliot Island Reef (24-008),152.715,-24.113,253.59,Commonwealth Island (GBRMPA),Southern Management Area,4,Southern
16-026_Alpha,Tongue Reef (16-026) (Alpha),145.68156,-16.292209,,Marine National Park|Habitat Protection,,,Northern
16-026_Beta,Tongue Reef (16-026) (Beta),145.774572,-16.332147,,Marine National Park|Habitat Protection,,,Northern
16-026_Delta,Tongue Reef (16-026) (Delta),145.874181,-16.348086,,Marine National Park|Habitat Protection,,,Northern
16-026_Gamma,Tongue Reef (16-026) (Gamma),145.786797,-16.287648,,Marine National Park|Habitat Protection,,,Northern
18-100a_Alpha,(Big) Broadhurst Reef (No 1) (18-100a) (Alpha),147.735655,-18.864683,,General Use|Habitat Protection,,,Central
18-100a_Beta,(Big) Broadhurst Reef (No 1) (18-100a) (Beta),147.790959,-18.948098,,General Use|Habitat Protection,,,Central
18-100a_Delta,(Big) Broadhurst Reef (No 1) (18-100a) (Delta),147.712196,-18.879947,,General Use|Habitat Protection,,,Central
18-100a_Gamma,(Big) Broadhurst Reef (No 1) (18-100a) (Gamma),147.738169,-18.921287,,General Use|Habitat Protection,,,Central
